ISO-10303-21;
HEADER;

/* File generated by Shapr3D Version 26.170.0.11783 */

FILE_DESCRIPTION(('HOOPS Exchange Step'),'2;1');

FILE_NAME('/Users/sean/Library/Containers/com.shapr3d.shapr/Data/tmp/export/temp_export',
'2026-09-29T15:55:03-07:00',
('sean'),
('Shapr3D Limited'),
'HOOPS Exchange 2026.3',
'Shapr3D',
'Authorized');

FILE_SCHEMA( ('AP242_MANAGED_MODEL_BASED_3D_ENGINEERING_MIM_LF {1 0 10303 442 1 1 4}') );

ENDSEC;

DATA;
#3=(NAMED_UNIT(*)PLANE_ANGLE_UNIT()SI_UNIT($,.RADIAN.));
#4=PLANE_ANGLE_MEASURE_WITH_UNIT(PLANE_ANGLE_MEASURE(0.0174532925),#3);
#5=(CONVERSION_BASED_UNIT('DEGREE',#4)NAMED_UNIT(#6)PLANE_ANGLE_UNIT());
#6=DIMENSIONAL_EXPONENTS(0.,0.,0.,0.,0.,0.,0.);
#7=(NAMED_UNIT(*)SI_UNIT($,.STERADIAN.)SOLID_ANGLE_UNIT());
#8=(LENGTH_UNIT()NAMED_UNIT(*)SI_UNIT(.MILLI.,.METRE.));
#9=UNCERTAINTY_MEASURE_WITH_UNIT(LENGTH_MEASURE(1.000000E-03),#8,'DISTANCE_ACCURACY_VALUE','Maximum Tolerance applied to model');
#10=(GEOMETRIC_REPRESENTATION_CONTEXT(3)GLOBAL_UNCERTAINTY_ASSIGNED_CONTEXT((#9))GLOBAL_UNIT_ASSIGNED_CONTEXT((#8,#5,#7))REPRESENTATION_CONTEXT('','root'));
#12=CARTESIAN_POINT('',(0.,0.,0.));
#13=DIRECTION('',(0.,0.,1.));
#14=DIRECTION('',(1.,0.,0.));
#15=AXIS2_PLACEMENT_3D('TS3D_PRODUCT_CSYS',#12,#13,#14);
#26=(NAMED_UNIT(*)PLANE_ANGLE_UNIT()SI_UNIT($,.RADIAN.));
#27=PLANE_ANGLE_MEASURE_WITH_UNIT(PLANE_ANGLE_MEASURE(0.0174532925),#26);
#28=(CONVERSION_BASED_UNIT('DEGREE',#27)NAMED_UNIT(#29)PLANE_ANGLE_UNIT());
#29=DIMENSIONAL_EXPONENTS(0.,0.,0.,0.,0.,0.,0.);
#30=(NAMED_UNIT(*)SI_UNIT($,.STERADIAN.)SOLID_ANGLE_UNIT());
#31=(LENGTH_UNIT()NAMED_UNIT(*)SI_UNIT(.MILLI.,.METRE.));
#32=UNCERTAINTY_MEASURE_WITH_UNIT(LENGTH_MEASURE(1.000000E-03),#31,'DISTANCE_ACCURACY_VALUE','Maximum Tolerance applied to model');
#33=(GEOMETRIC_REPRESENTATION_CONTEXT(3)GLOBAL_UNCERTAINTY_ASSIGNED_CONTEXT((#32))GLOBAL_UNIT_ASSIGNED_CONTEXT((#31,#28,#30))REPRESENTATION_CONTEXT('','Bench'));
#45=CARTESIAN_POINT('',(0.,0.,0.));
#46=DIRECTION('',(0.,0.,1.));
#47=DIRECTION('',(1.,0.,-0.));
#48=AXIS2_PLACEMENT_3D('',#45,#46,#47);
#49=ITEM_DEFINED_TRANSFORMATION('','',#48,#15);
#50=(REPRESENTATION_RELATIONSHIP('','',#35,#16)REPRESENTATION_RELATIONSHIP_WITH_TRANSFORMATION(#49)SHAPE_REPRESENTATION_RELATIONSHIP());
#51=NEXT_ASSEMBLY_USAGE_OCCURRENCE('Bench_1','Bench','Bench',#25,#44,$);
#52=PRODUCT_DEFINITION_SHAPE('','',#51);
#53=CONTEXT_DEPENDENT_SHAPE_REPRESENTATION(#50,#52);
#54=(NAMED_UNIT(*)PLANE_ANGLE_UNIT()SI_UNIT($,.RADIAN.));
#55=PLANE_ANGLE_MEASURE_WITH_UNIT(PLANE_ANGLE_MEASURE(0.0174532925),#54);
#56=(CONVERSION_BASED_UNIT('DEGREE',#55)NAMED_UNIT(#57)PLANE_ANGLE_UNIT());
#57=DIMENSIONAL_EXPONENTS(0.,0.,0.,0.,0.,0.,0.);
#58=(NAMED_UNIT(*)SI_UNIT($,.STERADIAN.)SOLID_ANGLE_UNIT());
#59=(LENGTH_UNIT()NAMED_UNIT(*)SI_UNIT(.MILLI.,.METRE.));
#60=UNCERTAINTY_MEASURE_WITH_UNIT(LENGTH_MEASURE(1.000000E-03),#59,'DISTANCE_ACCURACY_VALUE','Maximum Tolerance applied to model');
#61=(GEOMETRIC_REPRESENTATION_CONTEXT(3)GLOBAL_UNCERTAINTY_ASSIGNED_CONTEXT((#60))GLOBAL_UNIT_ASSIGNED_CONTEXT((#59,#56,#58))REPRESENTATION_CONTEXT('','Carcasses'));
#73=CARTESIAN_POINT('',(0.,0.,0.));
#74=DIRECTION('',(0.,0.,1.));
#75=DIRECTION('',(1.,0.,-0.));
#76=AXIS2_PLACEMENT_3D('',#73,#74,#75);
#77=ITEM_DEFINED_TRANSFORMATION('','',#76,#15);
#78=(REPRESENTATION_RELATIONSHIP('','',#63,#35)REPRESENTATION_RELATIONSHIP_WITH_TRANSFORMATION(#77)SHAPE_REPRESENTATION_RELATIONSHIP());
#79=NEXT_ASSEMBLY_USAGE_OCCURRENCE('Carcasses_2','Carcasses','Carcasses',#44,#72,$);
#80=PRODUCT_DEFINITION_SHAPE('','',#79);
#81=CONTEXT_DEPENDENT_SHAPE_REPRESENTATION(#78,#80);
#82=(NAMED_UNIT(*)PLANE_ANGLE_UNIT()SI_UNIT($,.RADIAN.));
#83=PLANE_ANGLE_MEASURE_WITH_UNIT(PLANE_ANGLE_MEASURE(0.0174532925),#82);
#84=(CONVERSION_BASED_UNIT('DEGREE',#83)NAMED_UNIT(#85)PLANE_ANGLE_UNIT());
#85=DIMENSIONAL_EXPONENTS(0.,0.,0.,0.,0.,0.,0.);
#86=(NAMED_UNIT(*)SI_UNIT($,.STERADIAN.)SOLID_ANGLE_UNIT());
#87=(LENGTH_UNIT()NAMED_UNIT(*)SI_UNIT(.MILLI.,.METRE.));
#88=UNCERTAINTY_MEASURE_WITH_UNIT(LENGTH_MEASURE(1.000000E-05),#87,'DISTANCE_ACCURACY_VALUE','Maximum Tolerance applied to model');
#89=(GEOMETRIC_REPRESENTATION_CONTEXT(3)GLOBAL_UNCERTAINTY_ASSIGNED_CONTEXT((#88))GLOBAL_UNIT_ASSIGNED_CONTEXT((#87,#84,#86))REPRESENTATION_CONTEXT('','Left'));
#101=CARTESIAN_POINT('',(0.,0.,0.));
#102=DIRECTION('',(0.,0.,1.));
#103=DIRECTION('',(1.,0.,-0.));
#104=AXIS2_PLACEMENT_3D('',#101,#102,#103);
#105=ITEM_DEFINED_TRANSFORMATION('','',#104,#15);
#106=(REPRESENTATION_RELATIONSHIP('','',#91,#63)REPRESENTATION_RELATIONSHIP_WITH_TRANSFORMATION(#105)SHAPE_REPRESENTATION_RELATIONSHIP());
#107=NEXT_ASSEMBLY_USAGE_OCCURRENCE('Left_3','Left','Left',#72,#100,$);
#108=PRODUCT_DEFINITION_SHAPE('','',#107);
#109=CONTEXT_DEPENDENT_SHAPE_REPRESENTATION(#106,#108);
#111=CARTESIAN_POINT('',(1958.975,406.4,241.3));
#112=DIRECTION('',(0.,0.,-1.));
#113=DIRECTION('',(-1.,0.,-0.));
#114=AXIS2_PLACEMENT_3D('',#111,#112,#113);
#115=PLANE('',#114);
#116=CARTESIAN_POINT('',(1574.8,387.35,241.3));
#117=VERTEX_POINT('',#116);
#118=CARTESIAN_POINT('',(2343.15,387.35,241.3));
#119=VERTEX_POINT('',#118);
#120=CARTESIAN_POINT('',(1574.8,387.35,241.3));
#121=DIRECTION('',(1.,0.,0.));
#122=VECTOR('',#121,768.35);
#123=LINE('',#120,#122);
#124=EDGE_CURVE('',#117,#119,#123,.T.);
#125=ORIENTED_EDGE('',*,*,#124,.T.);
#126=CARTESIAN_POINT('',(2343.15,406.4,241.3));
#127=VERTEX_POINT('',#126);
#128=CARTESIAN_POINT('',(2343.15,406.4,241.3));
#129=DIRECTION('',(0.,-1.,0.));
#130=VECTOR('',#129,19.05);
#131=LINE('',#128,#130);
#132=EDGE_CURVE('',#127,#119,#131,.T.);
#133=ORIENTED_EDGE('',*,*,#132,.F.);
#134=CARTESIAN_POINT('',(1574.8,406.4,241.3));
#135=VERTEX_POINT('',#134);
#136=CARTESIAN_POINT('',(1574.8,406.4,241.3));
#137=DIRECTION('',(1.,0.,0.));
#138=VECTOR('',#137,768.35);
#139=LINE('',#136,#138);
#140=EDGE_CURVE('',#135,#127,#139,.T.);
#141=ORIENTED_EDGE('',*,*,#140,.F.);
#142=CARTESIAN_POINT('',(1574.8,406.4,241.3));
#143=DIRECTION('',(0.,-1.,0.));
#144=VECTOR('',#143,19.05);
#145=LINE('',#142,#144);
#146=EDGE_CURVE('',#135,#117,#145,.T.);
#147=ORIENTED_EDGE('',*,*,#146,.T.);
#148=EDGE_LOOP('',(#125,#133,#141,#147));
#149=FACE_BOUND('',#148,.T.);
#150=ADVANCED_FACE('',(#149),#115,.F.);
#151=CARTESIAN_POINT('',(1574.8,406.4,190.5));
#152=DIRECTION('',(1.,0.,-0.));
#153=DIRECTION('',(-0.,0.,-1.));
#154=AXIS2_PLACEMENT_3D('',#151,#152,#153);
#155=PLANE('',#154);
#156=CARTESIAN_POINT('',(1574.8,387.35,139.7));
#157=VERTEX_POINT('',#156);
#158=CARTESIAN_POINT('',(1574.8,387.35,139.7));
#159=DIRECTION('',(0.,0.,1.));
#160=VECTOR('',#159,101.6);
#161=LINE('',#158,#160);
#162=EDGE_CURVE('',#157,#117,#161,.T.);
#163=ORIENTED_EDGE('',*,*,#162,.T.);
#164=ORIENTED_EDGE('',*,*,#146,.F.);
#165=CARTESIAN_POINT('',(1574.8,406.4,139.7));
#166=VERTEX_POINT('',#165);
#167=CARTESIAN_POINT('',(1574.8,406.4,139.7));
#168=DIRECTION('',(0.,0.,1.));
#169=VECTOR('',#168,101.6);
#170=LINE('',#167,#169);
#171=EDGE_CURVE('',#166,#135,#170,.T.);
#172=ORIENTED_EDGE('',*,*,#171,.F.);
#173=CARTESIAN_POINT('',(1574.8,406.4,139.7));
#174=DIRECTION('',(0.,-1.,0.));
#175=VECTOR('',#174,19.05);
#176=LINE('',#173,#175);
#177=EDGE_CURVE('',#166,#157,#176,.T.);
#178=ORIENTED_EDGE('',*,*,#177,.T.);
#179=EDGE_LOOP('',(#163,#164,#172,#178));
#180=FACE_BOUND('',#179,.T.);
#181=ADVANCED_FACE('',(#180),#155,.F.);
#182=CARTESIAN_POINT('',(1958.975,406.4,139.7));
#183=DIRECTION('',(-0.,0.,1.));
#184=DIRECTION('',(1.,0.,0.));
#185=AXIS2_PLACEMENT_3D('',#182,#183,#184);
#186=PLANE('',#185);
#187=CARTESIAN_POINT('',(2343.15,387.35,139.7));
#188=VERTEX_POINT('',#187);
#189=CARTESIAN_POINT('',(2343.15,387.35,139.7));
#190=DIRECTION('',(-1.,0.,-0.));
#191=VECTOR('',#190,768.35);
#192=LINE('',#189,#191);
#193=EDGE_CURVE('',#188,#157,#192,.T.);
#194=ORIENTED_EDGE('',*,*,#193,.T.);
#195=ORIENTED_EDGE('',*,*,#177,.F.);
#196=CARTESIAN_POINT('',(2343.15,406.4,139.7));
#197=VERTEX_POINT('',#196);
#198=CARTESIAN_POINT('',(2343.15,406.4,139.7));
#199=DIRECTION('',(-1.,0.,-0.));
#200=VECTOR('',#199,768.35);
#201=LINE('',#198,#200);
#202=EDGE_CURVE('',#197,#166,#201,.T.);
#203=ORIENTED_EDGE('',*,*,#202,.F.);
#204=CARTESIAN_POINT('',(2343.15,406.4,139.7));
#205=DIRECTION('',(0.,-1.,0.));
#206=VECTOR('',#205,19.05);
#207=LINE('',#204,#206);
#208=EDGE_CURVE('',#197,#188,#207,.T.);
#209=ORIENTED_EDGE('',*,*,#208,.T.);
#210=EDGE_LOOP('',(#194,#195,#203,#209));
#211=FACE_BOUND('',#210,.T.);
#212=ADVANCED_FACE('',(#211),#186,.F.);
#213=CARTESIAN_POINT('',(2343.15,406.4,190.5));
#214=DIRECTION('',(-1.,0.,0.));
#215=DIRECTION('',(0.,0.,1.));
#216=AXIS2_PLACEMENT_3D('',#213,#214,#215);
#217=PLANE('',#216);
#218=CARTESIAN_POINT('',(2343.15,387.35,241.3));
#219=DIRECTION('',(0.,0.,-1.));
#220=VECTOR('',#219,101.6);
#221=LINE('',#218,#220);
#222=EDGE_CURVE('',#119,#188,#221,.T.);
#223=ORIENTED_EDGE('',*,*,#222,.T.);
#224=ORIENTED_EDGE('',*,*,#208,.F.);
#225=CARTESIAN_POINT('',(2343.15,406.4,241.3));
#226=DIRECTION('',(0.,0.,-1.));
#227=VECTOR('',#226,101.6);
#228=LINE('',#225,#227);
#229=EDGE_CURVE('',#127,#197,#228,.T.);
#230=ORIENTED_EDGE('',*,*,#229,.F.);
#231=ORIENTED_EDGE('',*,*,#132,.T.);
#232=EDGE_LOOP('',(#223,#224,#230,#231));
#233=FACE_BOUND('',#232,.T.);
#234=ADVANCED_FACE('',(#233),#217,.F.);
#235=CARTESIAN_POINT('',(1555.75,406.4,120.65));
#236=DIRECTION('',(0.,-1.,0.));
#237=DIRECTION('',(1.,0.,0.));
#238=AXIS2_PLACEMENT_3D('',#235,#236,#237);
#239=PLANE('',#238);
#240=ORIENTED_EDGE('',*,*,#140,.T.);
#241=ORIENTED_EDGE('',*,*,#229,.T.);
#242=ORIENTED_EDGE('',*,*,#202,.T.);
#243=ORIENTED_EDGE('',*,*,#171,.T.);
#244=EDGE_LOOP('',(#240,#241,#242,#243));
#245=FACE_BOUND('',#244,.T.);
#246=ADVANCED_FACE('',(#245),#239,.F.);
#247=CARTESIAN_POINT('',(1555.75,387.35,120.65));
#248=DIRECTION('',(0.,-1.,0.));
#249=DIRECTION('',(1.,0.,0.));
#250=AXIS2_PLACEMENT_3D('',#247,#248,#249);
#251=PLANE('',#250);
#252=ORIENTED_EDGE('',*,*,#124,.F.);
#253=ORIENTED_EDGE('',*,*,#162,.F.);
#254=ORIENTED_EDGE('',*,*,#193,.F.);
#255=ORIENTED_EDGE('',*,*,#222,.F.);
#256=EDGE_LOOP('',(#252,#253,#254,#255));
#257=FACE_BOUND('',#256,.T.);
#258=ADVANCED_FACE('',(#257),#251,.T.);
#259=CLOSED_SHELL('',(#150,#181,#212,#234,#246,#258));
#260=MANIFOLD_SOLID_BREP('[Nailer] Bottom',#259);
#261=COLOUR_RGB('',0.843137264,0.733333349,0.580392182);
#262=FILL_AREA_STYLE_COLOUR('',#261);
#263=FILL_AREA_STYLE('',(#262));
#264=SURFACE_STYLE_FILL_AREA(#263);
#265=SURFACE_SIDE_STYLE('',(#264));
#266=SURFACE_STYLE_USAGE(.BOTH.,#265);
#267=PRESENTATION_STYLE_ASSIGNMENT((#266));
#110=STYLED_ITEM('',(#267),#260);
#269=CARTESIAN_POINT('',(1574.8,406.4,501.65));
#270=DIRECTION('',(1.,0.,-0.));
#271=DIRECTION('',(-0.,0.,-1.));
#272=AXIS2_PLACEMENT_3D('',#269,#270,#271);
#273=PLANE('',#272);
#274=CARTESIAN_POINT('',(1574.8,387.35,450.85));
#275=VERTEX_POINT('',#274);
#276=CARTESIAN_POINT('',(1574.8,387.35,552.45));
#277=VERTEX_POINT('',#276);
#278=CARTESIAN_POINT('',(1574.8,387.35,450.85));
#279=DIRECTION('',(0.,0.,1.));
#280=VECTOR('',#279,101.6);
#281=LINE('',#278,#280);
#282=EDGE_CURVE('',#275,#277,#281,.T.);
#283=ORIENTED_EDGE('',*,*,#282,.T.);
#284=CARTESIAN_POINT('',(1574.8,406.4,552.45));
#285=VERTEX_POINT('',#284);
#286=CARTESIAN_POINT('',(1574.8,406.4,552.45));
#287=DIRECTION('',(0.,-1.,0.));
#288=VECTOR('',#287,19.05);
#289=LINE('',#286,#288);
#290=EDGE_CURVE('',#285,#277,#289,.T.);
#291=ORIENTED_EDGE('',*,*,#290,.F.);
#292=CARTESIAN_POINT('',(1574.8,406.4,450.85));
#293=VERTEX_POINT('',#292);
#294=CARTESIAN_POINT('',(1574.8,406.4,450.85));
#295=DIRECTION('',(0.,0.,1.));
#296=VECTOR('',#295,101.6);
#297=LINE('',#294,#296);
#298=EDGE_CURVE('',#293,#285,#297,.T.);
#299=ORIENTED_EDGE('',*,*,#298,.F.);
#300=CARTESIAN_POINT('',(1574.8,406.4,450.85));
#301=DIRECTION('',(0.,-1.,0.));
#302=VECTOR('',#301,19.05);
#303=LINE('',#300,#302);
#304=EDGE_CURVE('',#293,#275,#303,.T.);
#305=ORIENTED_EDGE('',*,*,#304,.T.);
#306=EDGE_LOOP('',(#283,#291,#299,#305));
#307=FACE_BOUND('',#306,.T.);
#308=ADVANCED_FACE('',(#307),#273,.F.);
#309=CARTESIAN_POINT('',(1958.975,406.4,450.85));
#310=DIRECTION('',(0.,0.,-1.));
#311=DIRECTION('',(-1.,0.,-0.));
#312=AXIS2_PLACEMENT_3D('',#309,#310,#311);
#313=PLANE('',#312);
#314=CARTESIAN_POINT('',(2343.15,387.35,450.85));
#315=VERTEX_POINT('',#314);
#316=CARTESIAN_POINT('',(1574.8,387.35,450.85));
#317=DIRECTION('',(1.,0.,0.));
#318=VECTOR('',#317,768.35);
#319=LINE('',#316,#318);
#320=EDGE_CURVE('',#275,#315,#319,.T.);
#321=ORIENTED_EDGE('',*,*,#320,.F.);
#322=ORIENTED_EDGE('',*,*,#304,.F.);
#323=CARTESIAN_POINT('',(2343.15,406.4,450.85));
#324=VERTEX_POINT('',#323);
#325=CARTESIAN_POINT('',(1574.8,406.4,450.85));
#326=DIRECTION('',(1.,0.,0.));
#327=VECTOR('',#326,768.35);
#328=LINE('',#325,#327);
#329=EDGE_CURVE('',#293,#324,#328,.T.);
#330=ORIENTED_EDGE('',*,*,#329,.T.);
#331=CARTESIAN_POINT('',(2343.15,406.4,450.85));
#332=DIRECTION('',(0.,-1.,0.));
#333=VECTOR('',#332,19.05);
#334=LINE('',#331,#333);
#335=EDGE_CURVE('',#324,#315,#334,.T.);
#336=ORIENTED_EDGE('',*,*,#335,.T.);
#337=EDGE_LOOP('',(#321,#322,#330,#336));
#338=FACE_BOUND('',#337,.T.);
#339=ADVANCED_FACE('',(#338),#313,.T.);
#340=CARTESIAN_POINT('',(2343.15,406.4,501.65));
#341=DIRECTION('',(-1.,0.,0.));
#342=DIRECTION('',(0.,0.,1.));
#343=AXIS2_PLACEMENT_3D('',#340,#341,#342);
#344=PLANE('',#343);
#345=CARTESIAN_POINT('',(2343.15,387.35,552.45));
#346=VERTEX_POINT('',#345);
#347=CARTESIAN_POINT('',(2343.15,387.35,552.45));
#348=DIRECTION('',(0.,0.,-1.));
#349=VECTOR('',#348,101.6);
#350=LINE('',#347,#349);
#351=EDGE_CURVE('',#346,#315,#350,.T.);
#352=ORIENTED_EDGE('',*,*,#351,.T.);
#353=ORIENTED_EDGE('',*,*,#335,.F.);
#354=CARTESIAN_POINT('',(2343.15,406.4,552.45));
#355=VERTEX_POINT('',#354);
#356=CARTESIAN_POINT('',(2343.15,406.4,552.45));
#357=DIRECTION('',(0.,0.,-1.));
#358=VECTOR('',#357,101.6);
#359=LINE('',#356,#358);
#360=EDGE_CURVE('',#355,#324,#359,.T.);
#361=ORIENTED_EDGE('',*,*,#360,.F.);
#362=CARTESIAN_POINT('',(2343.15,406.4,552.45));
#363=DIRECTION('',(0.,-1.,0.));
#364=VECTOR('',#363,19.05);
#365=LINE('',#362,#364);
#366=EDGE_CURVE('',#355,#346,#365,.T.);
#367=ORIENTED_EDGE('',*,*,#366,.T.);
#368=EDGE_LOOP('',(#352,#353,#361,#367));
#369=FACE_BOUND('',#368,.T.);
#370=ADVANCED_FACE('',(#369),#344,.F.);
#371=CARTESIAN_POINT('',(1958.975,406.4,552.45));
#372=DIRECTION('',(0.,0.,-1.));
#373=DIRECTION('',(-1.,0.,0.));
#374=AXIS2_PLACEMENT_3D('',#371,#372,#373);
#375=PLANE('',#374);
#376=CARTESIAN_POINT('',(1574.8,387.35,552.45));
#377=DIRECTION('',(1.,0.,-0.));
#378=VECTOR('',#377,768.35);
#379=LINE('',#376,#378);
#380=EDGE_CURVE('',#277,#346,#379,.T.);
#381=ORIENTED_EDGE('',*,*,#380,.T.);
#382=ORIENTED_EDGE('',*,*,#366,.F.);
#383=CARTESIAN_POINT('',(1574.8,406.4,552.45));
#384=DIRECTION('',(1.,0.,-0.));
#385=VECTOR('',#384,768.35);
#386=LINE('',#383,#385);
#387=EDGE_CURVE('',#285,#355,#386,.T.);
#388=ORIENTED_EDGE('',*,*,#387,.F.);
#389=ORIENTED_EDGE('',*,*,#290,.T.);
#390=EDGE_LOOP('',(#381,#382,#388,#389));
#391=FACE_BOUND('',#390,.T.);
#392=ADVANCED_FACE('',(#391),#375,.F.);
#393=CARTESIAN_POINT('',(1555.75,406.4,120.65));
#394=DIRECTION('',(0.,-1.,0.));
#395=DIRECTION('',(1.,0.,0.));
#396=AXIS2_PLACEMENT_3D('',#393,#394,#395);
#397=PLANE('',#396);
#398=ORIENTED_EDGE('',*,*,#298,.T.);
#399=ORIENTED_EDGE('',*,*,#387,.T.);
#400=ORIENTED_EDGE('',*,*,#360,.T.);
#401=ORIENTED_EDGE('',*,*,#329,.F.);
#402=EDGE_LOOP('',(#398,#399,#400,#401));
#403=FACE_BOUND('',#402,.T.);
#404=ADVANCED_FACE('',(#403),#397,.F.);
#405=CARTESIAN_POINT('',(1555.75,387.35,120.65));
#406=DIRECTION('',(0.,-1.,0.));
#407=DIRECTION('',(1.,0.,0.));
#408=AXIS2_PLACEMENT_3D('',#405,#406,#407);
#409=PLANE('',#408);
#410=ORIENTED_EDGE('',*,*,#282,.F.);
#411=ORIENTED_EDGE('',*,*,#320,.T.);
#412=ORIENTED_EDGE('',*,*,#351,.F.);
#413=ORIENTED_EDGE('',*,*,#380,.F.);
#414=EDGE_LOOP('',(#410,#411,#412,#413));
#415=FACE_BOUND('',#414,.T.);
#416=ADVANCED_FACE('',(#415),#409,.T.);
#417=CLOSED_SHELL('',(#308,#339,#370,#392,#404,#416));
#418=MANIFOLD_SOLID_BREP('[Nailer] Top',#417);
#268=STYLED_ITEM('',(#267),#418);
#420=CARTESIAN_POINT('',(2343.15,101.6,557.2125));
#421=DIRECTION('',(1.,0.,0.));
#422=DIRECTION('',(0.,0.,-1.));
#423=AXIS2_PLACEMENT_3D('',#420,#421,#422);
#424=PLANE('',#423);
#425=CARTESIAN_POINT('',(2343.15,0.,552.45));
#426=VERTEX_POINT('',#425);
#427=CARTESIAN_POINT('',(2343.15,0.,571.5));
#428=VERTEX_POINT('',#427);
#429=CARTESIAN_POINT('',(2343.15,0.,552.45));
#430=DIRECTION('',(0.,0.,1.));
#431=VECTOR('',#430,19.05);
#432=LINE('',#429,#431);
#433=EDGE_CURVE('',#426,#428,#432,.T.);
#434=ORIENTED_EDGE('',*,*,#433,.F.);
#435=CARTESIAN_POINT('',(2343.15,101.6,552.45));
#436=VERTEX_POINT('',#435);
#437=CARTESIAN_POINT('',(2343.15,101.6,552.45));
#438=DIRECTION('',(0.,-1.,0.));
#439=VECTOR('',#438,101.6);
#440=LINE('',#437,#439);
#441=EDGE_CURVE('',#436,#426,#440,.T.);
#442=ORIENTED_EDGE('',*,*,#441,.F.);
#443=CARTESIAN_POINT('',(2343.15,101.6,571.5));
#444=VERTEX_POINT('',#443);
#445=CARTESIAN_POINT('',(2343.15,101.6,552.45));
#446=DIRECTION('',(0.,0.,1.));
#447=VECTOR('',#446,19.05);
#448=LINE('',#445,#447);
#449=EDGE_CURVE('',#436,#444,#448,.T.);
#450=ORIENTED_EDGE('',*,*,#449,.T.);
#451=CARTESIAN_POINT('',(2343.15,101.6,571.5));
#452=DIRECTION('',(0.,-1.,0.));
#453=VECTOR('',#452,101.6);
#454=LINE('',#451,#453);
#455=EDGE_CURVE('',#444,#428,#454,.T.);
#456=ORIENTED_EDGE('',*,*,#455,.T.);
#457=EDGE_LOOP('',(#434,#442,#450,#456));
#458=FACE_BOUND('',#457,.T.);
#459=ADVANCED_FACE('',(#458),#424,.T.);
#460=CARTESIAN_POINT('',(1958.975,101.6,571.5));
#461=DIRECTION('',(0.,0.,-1.));
#462=DIRECTION('',(-1.,0.,0.));
#463=AXIS2_PLACEMENT_3D('',#460,#461,#462);
#464=PLANE('',#463);
#465=CARTESIAN_POINT('',(1574.8,0.,571.5));
#466=VERTEX_POINT('',#465);
#467=CARTESIAN_POINT('',(1574.8,0.,571.5));
#468=DIRECTION('',(1.,0.,-0.));
#469=VECTOR('',#468,768.35);
#470=LINE('',#467,#469);
#471=EDGE_CURVE('',#466,#428,#470,.T.);
#472=ORIENTED_EDGE('',*,*,#471,.T.);
#473=ORIENTED_EDGE('',*,*,#455,.F.);
#474=CARTESIAN_POINT('',(1574.8,101.6,571.5));
#475=VERTEX_POINT('',#474);
#476=CARTESIAN_POINT('',(1574.8,101.6,571.5));
#477=DIRECTION('',(1.,0.,-0.));
#478=VECTOR('',#477,768.35);
#479=LINE('',#476,#478);
#480=EDGE_CURVE('',#475,#444,#479,.T.);
#481=ORIENTED_EDGE('',*,*,#480,.F.);
#482=CARTESIAN_POINT('',(1574.8,101.6,571.5));
#483=DIRECTION('',(0.,-1.,0.));
#484=VECTOR('',#483,101.6);
#485=LINE('',#482,#484);
#486=EDGE_CURVE('',#475,#466,#485,.T.);
#487=ORIENTED_EDGE('',*,*,#486,.T.);
#488=EDGE_LOOP('',(#472,#473,#481,#487));
#489=FACE_BOUND('',#488,.T.);
#490=ADVANCED_FACE('',(#489),#464,.F.);
#491=CARTESIAN_POINT('',(1574.8,101.6,557.2125));
#492=DIRECTION('',(1.,0.,0.));
#493=DIRECTION('',(0.,0.,-1.));
#494=AXIS2_PLACEMENT_3D('',#491,#492,#493);
#495=PLANE('',#494);
#496=CARTESIAN_POINT('',(1574.8,0.,552.45));
#497=VERTEX_POINT('',#496);
#498=CARTESIAN_POINT('',(1574.8,0.,552.45));
#499=DIRECTION('',(-0.,0.,1.));
#500=VECTOR('',#499,19.05);
#501=LINE('',#498,#500);
#502=EDGE_CURVE('',#497,#466,#501,.T.);
#503=ORIENTED_EDGE('',*,*,#502,.T.);
#504=ORIENTED_EDGE('',*,*,#486,.F.);
#505=CARTESIAN_POINT('',(1574.8,101.6,552.45));
#506=VERTEX_POINT('',#505);
#507=CARTESIAN_POINT('',(1574.8,101.6,552.45));
#508=DIRECTION('',(-0.,0.,1.));
#509=VECTOR('',#508,19.05);
#510=LINE('',#507,#509);
#511=EDGE_CURVE('',#506,#475,#510,.T.);
#512=ORIENTED_EDGE('',*,*,#511,.F.);
#513=CARTESIAN_POINT('',(1574.8,101.6,552.45));
#514=DIRECTION('',(0.,-1.,0.));
#515=VECTOR('',#514,101.6);
#516=LINE('',#513,#515);
#517=EDGE_CURVE('',#506,#497,#516,.T.);
#518=ORIENTED_EDGE('',*,*,#517,.T.);
#519=EDGE_LOOP('',(#503,#504,#512,#518));
#520=FACE_BOUND('',#519,.T.);
#521=ADVANCED_FACE('',(#520),#495,.F.);
#522=CARTESIAN_POINT('',(1958.975,101.6,552.45));
#523=DIRECTION('',(0.,0.,-1.));
#524=DIRECTION('',(-1.,0.,0.));
#525=AXIS2_PLACEMENT_3D('',#522,#523,#524);
#526=PLANE('',#525);
#527=CARTESIAN_POINT('',(1574.8,0.,552.45));
#528=DIRECTION('',(1.,0.,-0.));
#529=VECTOR('',#528,768.35);
#530=LINE('',#527,#529);
#531=EDGE_CURVE('',#497,#426,#530,.T.);
#532=ORIENTED_EDGE('',*,*,#531,.F.);
#533=ORIENTED_EDGE('',*,*,#517,.F.);
#534=CARTESIAN_POINT('',(1574.8,101.6,552.45));
#535=DIRECTION('',(1.,0.,-0.));
#536=VECTOR('',#535,768.35);
#537=LINE('',#534,#536);
#538=EDGE_CURVE('',#506,#436,#537,.T.);
#539=ORIENTED_EDGE('',*,*,#538,.T.);
#540=ORIENTED_EDGE('',*,*,#441,.T.);
#541=EDGE_LOOP('',(#532,#533,#539,#540));
#542=FACE_BOUND('',#541,.T.);
#543=ADVANCED_FACE('',(#542),#526,.T.);
#544=CARTESIAN_POINT('',(1555.75,101.6,120.65));
#545=DIRECTION('',(0.,-1.,0.));
#546=DIRECTION('',(1.,0.,0.));
#547=AXIS2_PLACEMENT_3D('',#544,#545,#546);
#548=PLANE('',#547);
#549=ORIENTED_EDGE('',*,*,#449,.F.);
#550=ORIENTED_EDGE('',*,*,#538,.F.);
#551=ORIENTED_EDGE('',*,*,#511,.T.);
#552=ORIENTED_EDGE('',*,*,#480,.T.);
#553=EDGE_LOOP('',(#549,#550,#551,#552));
#554=FACE_BOUND('',#553,.T.);
#555=ADVANCED_FACE('',(#554),#548,.F.);
#556=CARTESIAN_POINT('',(1555.75,0.,120.65));
#557=DIRECTION('',(0.,-1.,0.));
#558=DIRECTION('',(1.,0.,0.));
#559=AXIS2_PLACEMENT_3D('',#556,#557,#558);
#560=PLANE('',#559);
#561=ORIENTED_EDGE('',*,*,#433,.T.);
#562=ORIENTED_EDGE('',*,*,#471,.F.);
#563=ORIENTED_EDGE('',*,*,#502,.F.);
#564=ORIENTED_EDGE('',*,*,#531,.T.);
#565=EDGE_LOOP('',(#561,#562,#563,#564));
#566=FACE_BOUND('',#565,.T.);
#567=ADVANCED_FACE('',(#566),#560,.T.);
#568=CLOSED_SHELL('',(#459,#490,#521,#543,#555,#567));
#569=MANIFOLD_SOLID_BREP('[Stretcher] Front',#568);
#419=STYLED_ITEM('',(#267),#569);
#571=CARTESIAN_POINT('',(1958.975,304.8,552.45));
#572=DIRECTION('',(0.,0.,1.));
#573=DIRECTION('',(1.,0.,0.));
#574=AXIS2_PLACEMENT_3D('',#571,#572,#573);
#575=PLANE('',#574);
#576=CARTESIAN_POINT('',(1574.8,387.35,552.45));
#577=VERTEX_POINT('',#576);
#578=CARTESIAN_POINT('',(2343.15,387.35,552.45));
#579=VERTEX_POINT('',#578);
#580=CARTESIAN_POINT('',(1574.8,387.35,552.45));
#581=DIRECTION('',(1.,0.,-0.));
#582=VECTOR('',#581,768.35);
#583=LINE('',#580,#582);
#584=EDGE_CURVE('',#577,#579,#583,.T.);
#585=ORIENTED_EDGE('',*,*,#584,.F.);
#586=CARTESIAN_POINT('',(1574.8,406.4,552.45));
#587=VERTEX_POINT('',#586);
#588=CARTESIAN_POINT('',(1574.8,387.35,552.45));
#589=DIRECTION('',(0.,1.,0.));
#590=VECTOR('',#589,19.05);
#591=LINE('',#588,#590);
#592=EDGE_CURVE('',#577,#587,#591,.T.);
#593=ORIENTED_EDGE('',*,*,#592,.T.);
#594=CARTESIAN_POINT('',(2343.15,406.4,552.45));
#595=VERTEX_POINT('',#594);
#596=CARTESIAN_POINT('',(1574.8,406.4,552.45));
#597=DIRECTION('',(1.,0.,-0.));
#598=VECTOR('',#597,768.35);
#599=LINE('',#596,#598);
#600=EDGE_CURVE('',#587,#595,#599,.T.);
#601=ORIENTED_EDGE('',*,*,#600,.T.);
#602=CARTESIAN_POINT('',(2343.15,387.35,552.45));
#603=DIRECTION('',(0.,1.,0.));
#604=VECTOR('',#603,19.05);
#605=LINE('',#602,#604);
#606=EDGE_CURVE('',#579,#595,#605,.T.);
#607=ORIENTED_EDGE('',*,*,#606,.F.);
#608=EDGE_LOOP('',(#585,#593,#601,#607));
#609=FACE_BOUND('',#608,.T.);
#610=ADVANCED_FACE('',(#609),#575,.F.);
#611=CARTESIAN_POINT('',(2343.15,304.8,557.2125));
#612=DIRECTION('',(-1.,0.,0.));
#613=DIRECTION('',(0.,0.,1.));
#614=AXIS2_PLACEMENT_3D('',#611,#612,#613);
#615=PLANE('',#614);
#616=CARTESIAN_POINT('',(2343.15,304.8,552.45));
#617=VERTEX_POINT('',#616);
#618=CARTESIAN_POINT('',(2343.15,381.,552.45));
#619=VERTEX_POINT('',#618);
#620=CARTESIAN_POINT('',(2343.15,304.8,552.45));
#621=DIRECTION('',(0.,1.,0.));
#622=VECTOR('',#621,76.2);
#623=LINE('',#620,#622);
#624=EDGE_CURVE('',#617,#619,#623,.T.);
#625=ORIENTED_EDGE('',*,*,#624,.T.);
#626=CARTESIAN_POINT('',(2343.15,381.,561.975));
#627=VERTEX_POINT('',#626);
#628=CARTESIAN_POINT('',(2343.15,381.,552.45));
#629=DIRECTION('',(0.,0.,1.));
#630=VECTOR('',#629,9.525);
#631=LINE('',#628,#630);
#632=EDGE_CURVE('',#619,#627,#631,.T.);
#633=ORIENTED_EDGE('',*,*,#632,.T.);
#634=CARTESIAN_POINT('',(2343.15,387.35,561.975));
#635=VERTEX_POINT('',#634);
#636=CARTESIAN_POINT('',(2343.15,387.35,561.975));
#637=DIRECTION('',(0.,-1.,0.));
#638=VECTOR('',#637,6.35);
#639=LINE('',#636,#638);
#640=EDGE_CURVE('',#635,#627,#639,.T.);
#641=ORIENTED_EDGE('',*,*,#640,.F.);
#642=CARTESIAN_POINT('',(2343.15,387.35,552.45));
#643=DIRECTION('',(0.,0.,1.));
#644=VECTOR('',#643,9.525);
#645=LINE('',#642,#644);
#646=EDGE_CURVE('',#579,#635,#645,.T.);
#647=ORIENTED_EDGE('',*,*,#646,.F.);
#648=ORIENTED_EDGE('',*,*,#606,.T.);
#649=CARTESIAN_POINT('',(2343.15,406.4,571.5));
#650=VERTEX_POINT('',#649);
#651=CARTESIAN_POINT('',(2343.15,406.4,552.45));
#652=DIRECTION('',(0.,0.,1.));
#653=VECTOR('',#652,19.05);
#654=LINE('',#651,#653);
#655=EDGE_CURVE('',#595,#650,#654,.T.);
#656=ORIENTED_EDGE('',*,*,#655,.T.);
#657=CARTESIAN_POINT('',(2343.15,304.8,571.5));
#658=VERTEX_POINT('',#657);
#659=CARTESIAN_POINT('',(2343.15,304.8,571.5));
#660=DIRECTION('',(0.,1.,0.));
#661=VECTOR('',#660,101.6);
#662=LINE('',#659,#661);
#663=EDGE_CURVE('',#658,#650,#662,.T.);
#664=ORIENTED_EDGE('',*,*,#663,.F.);
#665=CARTESIAN_POINT('',(2343.15,304.8,552.45));
#666=DIRECTION('',(0.,0.,1.));
#667=VECTOR('',#666,19.05);
#668=LINE('',#665,#667);
#669=EDGE_CURVE('',#617,#658,#668,.T.);
#670=ORIENTED_EDGE('',*,*,#669,.F.);
#671=EDGE_LOOP('',(#625,#633,#641,#647,#648,#656,#664,#670));
#672=FACE_BOUND('',#671,.T.);
#673=ADVANCED_FACE('',(#672),#615,.F.);
#674=CARTESIAN_POINT('',(1958.975,304.8,571.5));
#675=DIRECTION('',(0.,0.,1.));
#676=DIRECTION('',(1.,0.,0.));
#677=AXIS2_PLACEMENT_3D('',#674,#675,#676);
#678=PLANE('',#677);
#679=CARTESIAN_POINT('',(1574.8,406.4,571.5));
#680=VERTEX_POINT('',#679);
#681=CARTESIAN_POINT('',(1574.8,406.4,571.5));
#682=DIRECTION('',(1.,0.,-0.));
#683=VECTOR('',#682,768.35);
#684=LINE('',#681,#683);
#685=EDGE_CURVE('',#680,#650,#684,.T.);
#686=ORIENTED_EDGE('',*,*,#685,.F.);
#687=CARTESIAN_POINT('',(1574.8,304.8,571.5));
#688=VERTEX_POINT('',#687);
#689=CARTESIAN_POINT('',(1574.8,304.8,571.5));
#690=DIRECTION('',(0.,1.,0.));
#691=VECTOR('',#690,101.6);
#692=LINE('',#689,#691);
#693=EDGE_CURVE('',#688,#680,#692,.T.);
#694=ORIENTED_EDGE('',*,*,#693,.F.);
#695=CARTESIAN_POINT('',(1574.8,304.8,571.5));
#696=DIRECTION('',(1.,0.,-0.));
#697=VECTOR('',#696,768.35);
#698=LINE('',#695,#697);
#699=EDGE_CURVE('',#688,#658,#698,.T.);
#700=ORIENTED_EDGE('',*,*,#699,.T.);
#701=ORIENTED_EDGE('',*,*,#663,.T.);
#702=EDGE_LOOP('',(#686,#694,#700,#701));
#703=FACE_BOUND('',#702,.T.);
#704=ADVANCED_FACE('',(#703),#678,.T.);
#705=CARTESIAN_POINT('',(1574.8,304.8,557.2125));
#706=DIRECTION('',(-1.,0.,-0.));
#707=DIRECTION('',(-0.,0.,1.));
#708=AXIS2_PLACEMENT_3D('',#705,#706,#707);
#709=PLANE('',#708);
#710=CARTESIAN_POINT('',(1574.8,381.,552.45));
#711=VERTEX_POINT('',#710);
#712=CARTESIAN_POINT('',(1574.8,381.,561.975));
#713=VERTEX_POINT('',#712);
#714=CARTESIAN_POINT('',(1574.8,381.,552.45));
#715=DIRECTION('',(-0.,0.,1.));
#716=VECTOR('',#715,9.525);
#717=LINE('',#714,#716);
#718=EDGE_CURVE('',#711,#713,#717,.T.);
#719=ORIENTED_EDGE('',*,*,#718,.F.);
#720=CARTESIAN_POINT('',(1574.8,304.8,552.45));
#721=VERTEX_POINT('',#720);
#722=CARTESIAN_POINT('',(1574.8,304.8,552.45));
#723=DIRECTION('',(0.,1.,0.));
#724=VECTOR('',#723,76.2);
#725=LINE('',#722,#724);
#726=EDGE_CURVE('',#721,#711,#725,.T.);
#727=ORIENTED_EDGE('',*,*,#726,.F.);
#728=CARTESIAN_POINT('',(1574.8,304.8,552.45));
#729=DIRECTION('',(-0.,0.,1.));
#730=VECTOR('',#729,19.05);
#731=LINE('',#728,#730);
#732=EDGE_CURVE('',#721,#688,#731,.T.);
#733=ORIENTED_EDGE('',*,*,#732,.T.);
#734=ORIENTED_EDGE('',*,*,#693,.T.);
#735=CARTESIAN_POINT('',(1574.8,406.4,552.45));
#736=DIRECTION('',(-0.,0.,1.));
#737=VECTOR('',#736,19.05);
#738=LINE('',#735,#737);
#739=EDGE_CURVE('',#587,#680,#738,.T.);
#740=ORIENTED_EDGE('',*,*,#739,.F.);
#741=ORIENTED_EDGE('',*,*,#592,.F.);
#742=CARTESIAN_POINT('',(1574.8,387.35,561.975));
#743=VERTEX_POINT('',#742);
#744=CARTESIAN_POINT('',(1574.8,387.35,552.45));
#745=DIRECTION('',(-0.,0.,1.));
#746=VECTOR('',#745,9.525);
#747=LINE('',#744,#746);
#748=EDGE_CURVE('',#577,#743,#747,.T.);
#749=ORIENTED_EDGE('',*,*,#748,.T.);
#750=CARTESIAN_POINT('',(1574.8,387.35,561.975));
#751=DIRECTION('',(0.,-1.,0.));
#752=VECTOR('',#751,6.35);
#753=LINE('',#750,#752);
#754=EDGE_CURVE('',#743,#713,#753,.T.);
#755=ORIENTED_EDGE('',*,*,#754,.T.);
#756=EDGE_LOOP('',(#719,#727,#733,#734,#740,#741,#749,#755));
#757=FACE_BOUND('',#756,.T.);
#758=ADVANCED_FACE('',(#757),#709,.T.);
#759=CARTESIAN_POINT('',(1958.975,304.8,552.45));
#760=DIRECTION('',(0.,0.,1.));
#761=DIRECTION('',(1.,0.,0.));
#762=AXIS2_PLACEMENT_3D('',#759,#760,#761);
#763=PLANE('',#762);
#764=ORIENTED_EDGE('',*,*,#726,.T.);
#765=CARTESIAN_POINT('',(1574.8,381.,552.45));
#766=DIRECTION('',(1.,0.,-0.));
#767=VECTOR('',#766,768.35);
#768=LINE('',#765,#767);
#769=EDGE_CURVE('',#711,#619,#768,.T.);
#770=ORIENTED_EDGE('',*,*,#769,.T.);
#771=ORIENTED_EDGE('',*,*,#624,.F.);
#772=CARTESIAN_POINT('',(1574.8,304.8,552.45));
#773=DIRECTION('',(1.,0.,-0.));
#774=VECTOR('',#773,768.35);
#775=LINE('',#772,#774);
#776=EDGE_CURVE('',#721,#617,#775,.T.);
#777=ORIENTED_EDGE('',*,*,#776,.F.);
#778=EDGE_LOOP('',(#764,#770,#771,#777));
#779=FACE_BOUND('',#778,.T.);
#780=ADVANCED_FACE('',(#779),#763,.F.);
#781=CARTESIAN_POINT('',(1555.75,304.8,120.65));
#782=DIRECTION('',(0.,-1.,0.));
#783=DIRECTION('',(1.,0.,0.));
#784=AXIS2_PLACEMENT_3D('',#781,#782,#783);
#785=PLANE('',#784);
#786=ORIENTED_EDGE('',*,*,#669,.T.);
#787=ORIENTED_EDGE('',*,*,#699,.F.);
#788=ORIENTED_EDGE('',*,*,#732,.F.);
#789=ORIENTED_EDGE('',*,*,#776,.T.);
#790=EDGE_LOOP('',(#786,#787,#788,#789));
#791=FACE_BOUND('',#790,.T.);
#792=ADVANCED_FACE('',(#791),#785,.T.);
#793=CARTESIAN_POINT('',(1555.75,406.4,120.65));
#794=DIRECTION('',(0.,-1.,0.));
#795=DIRECTION('',(1.,0.,0.));
#796=AXIS2_PLACEMENT_3D('',#793,#794,#795);
#797=PLANE('',#796);
#798=ORIENTED_EDGE('',*,*,#655,.F.);
#799=ORIENTED_EDGE('',*,*,#600,.F.);
#800=ORIENTED_EDGE('',*,*,#739,.T.);
#801=ORIENTED_EDGE('',*,*,#685,.T.);
#802=EDGE_LOOP('',(#798,#799,#800,#801));
#803=FACE_BOUND('',#802,.T.);
#804=ADVANCED_FACE('',(#803),#797,.F.);
#805=CARTESIAN_POINT('',(1958.975,387.35,561.975));
#806=DIRECTION('',(0.,0.,1.));
#807=DIRECTION('',(1.,0.,0.));
#808=AXIS2_PLACEMENT_3D('',#805,#806,#807);
#809=PLANE('',#808);
#810=CARTESIAN_POINT('',(2343.15,381.,561.975));
#811=DIRECTION('',(-1.,0.,0.));
#812=VECTOR('',#811,768.35);
#813=LINE('',#810,#812);
#814=EDGE_CURVE('',#627,#713,#813,.T.);
#815=ORIENTED_EDGE('',*,*,#814,.T.);
#816=ORIENTED_EDGE('',*,*,#754,.F.);
#817=CARTESIAN_POINT('',(2343.15,387.35,561.975));
#818=DIRECTION('',(-1.,0.,0.));
#819=VECTOR('',#818,768.35);
#820=LINE('',#817,#819);
#821=EDGE_CURVE('',#635,#743,#820,.T.);
#822=ORIENTED_EDGE('',*,*,#821,.F.);
#823=ORIENTED_EDGE('',*,*,#640,.T.);
#824=EDGE_LOOP('',(#815,#816,#822,#823));
#825=FACE_BOUND('',#824,.T.);
#826=ADVANCED_FACE('',(#825),#809,.F.);
#827=CARTESIAN_POINT('',(1555.75,387.35,120.65));
#828=DIRECTION('',(0.,-1.,0.));
#829=DIRECTION('',(1.,0.,0.));
#830=AXIS2_PLACEMENT_3D('',#827,#828,#829);
#831=PLANE('',#830);
#832=ORIENTED_EDGE('',*,*,#646,.T.);
#833=ORIENTED_EDGE('',*,*,#821,.T.);
#834=ORIENTED_EDGE('',*,*,#748,.F.);
#835=ORIENTED_EDGE('',*,*,#584,.T.);
#836=EDGE_LOOP('',(#832,#833,#834,#835));
#837=FACE_BOUND('',#836,.T.);
#838=ADVANCED_FACE('',(#837),#831,.T.);
#839=CARTESIAN_POINT('',(1555.75,381.,120.65));
#840=DIRECTION('',(0.,-1.,0.));
#841=DIRECTION('',(1.,0.,0.));
#842=AXIS2_PLACEMENT_3D('',#839,#840,#841);
#843=PLANE('',#842);
#844=ORIENTED_EDGE('',*,*,#632,.F.);
#845=ORIENTED_EDGE('',*,*,#769,.F.);
#846=ORIENTED_EDGE('',*,*,#718,.T.);
#847=ORIENTED_EDGE('',*,*,#814,.F.);
#848=EDGE_LOOP('',(#844,#845,#846,#847));
#849=FACE_BOUND('',#848,.T.);
#850=ADVANCED_FACE('',(#849),#843,.F.);
#851=CLOSED_SHELL('',(#610,#673,#704,#758,#780,#792,#804,#826,#838,#850));
#852=MANIFOLD_SOLID_BREP('[Stretcher] Back',#851);
#570=STYLED_ITEM('',(#267),#852);
#854=CARTESIAN_POINT('',(2343.15,406.4,566.7375));
#855=DIRECTION('',(-1.,0.,-0.));
#856=DIRECTION('',(-0.,0.,1.));
#857=AXIS2_PLACEMENT_3D('',#854,#855,#856);
#858=PLANE('',#857);
#859=CARTESIAN_POINT('',(2343.15,381.,571.5));
#860=VERTEX_POINT('',#859);
#861=CARTESIAN_POINT('',(2343.15,0.,571.5));
#862=VERTEX_POINT('',#861);
#863=CARTESIAN_POINT('',(2343.15,381.,571.5));
#864=DIRECTION('',(0.,-1.,0.));
#865=VECTOR('',#864,381.);
#866=LINE('',#863,#865);
#867=EDGE_CURVE('',#860,#862,#866,.T.);
#868=ORIENTED_EDGE('',*,*,#867,.F.);
#869=CARTESIAN_POINT('',(2343.15,381.,120.65));
#870=VERTEX_POINT('',#869);
#871=CARTESIAN_POINT('',(2343.15,381.,571.5));
#872=DIRECTION('',(0.,0.,-1.));
#873=VECTOR('',#872,450.85);
#874=LINE('',#871,#873);
#875=EDGE_CURVE('',#860,#870,#874,.T.);
#876=ORIENTED_EDGE('',*,*,#875,.T.);
#877=CARTESIAN_POINT('',(2343.15,0.,120.65));
#878=VERTEX_POINT('',#877);
#879=CARTESIAN_POINT('',(2343.15,381.,120.65));
#880=DIRECTION('',(0.,-1.,0.));
#881=VECTOR('',#880,381.);
#882=LINE('',#879,#881);
#883=EDGE_CURVE('',#870,#878,#882,.T.);
#884=ORIENTED_EDGE('',*,*,#883,.T.);
#885=CARTESIAN_POINT('',(2343.15,0.,571.5));
#886=DIRECTION('',(0.,0.,-1.));
#887=VECTOR('',#886,450.85);
#888=LINE('',#885,#887);
#889=EDGE_CURVE('',#862,#878,#888,.T.);
#890=ORIENTED_EDGE('',*,*,#889,.F.);
#891=EDGE_LOOP('',(#868,#876,#884,#890));
#892=FACE_BOUND('',#891,.T.);
#893=ADVANCED_FACE('',(#892),#858,.T.);
#894=CARTESIAN_POINT('',(2347.9125,406.4,120.65));
#895=DIRECTION('',(0.,0.,1.));
#896=DIRECTION('',(1.,0.,0.));
#897=AXIS2_PLACEMENT_3D('',#894,#895,#896);
#898=PLANE('',#897);
#899=CARTESIAN_POINT('',(2352.675,381.,120.65));
#900=VERTEX_POINT('',#899);
#901=CARTESIAN_POINT('',(2352.675,381.,120.65));
#902=DIRECTION('',(-1.,0.,0.));
#903=VECTOR('',#902,9.525);
#904=LINE('',#901,#903);
#905=EDGE_CURVE('',#900,#870,#904,.T.);
#906=ORIENTED_EDGE('',*,*,#905,.F.);
#907=CARTESIAN_POINT('',(2352.675,387.35,120.65));
#908=VERTEX_POINT('',#907);
#909=CARTESIAN_POINT('',(2352.675,387.35,120.65));
#910=DIRECTION('',(0.,-1.,0.));
#911=VECTOR('',#910,6.35);
#912=LINE('',#909,#911);
#913=EDGE_CURVE('',#908,#900,#912,.T.);
#914=ORIENTED_EDGE('',*,*,#913,.F.);
#915=CARTESIAN_POINT('',(2343.15,387.35,120.65));
#916=VERTEX_POINT('',#915);
#917=CARTESIAN_POINT('',(2352.675,387.35,120.65));
#918=DIRECTION('',(-1.,0.,0.));
#919=VECTOR('',#918,9.525);
#920=LINE('',#917,#919);
#921=EDGE_CURVE('',#908,#916,#920,.T.);
#922=ORIENTED_EDGE('',*,*,#921,.T.);
#923=CARTESIAN_POINT('',(2343.15,406.4,120.65));
#924=VERTEX_POINT('',#923);
#925=CARTESIAN_POINT('',(2343.15,406.4,120.65));
#926=DIRECTION('',(0.,-1.,0.));
#927=VECTOR('',#926,19.05);
#928=LINE('',#925,#927);
#929=EDGE_CURVE('',#924,#916,#928,.T.);
#930=ORIENTED_EDGE('',*,*,#929,.F.);
#931=CARTESIAN_POINT('',(2362.2,406.4,120.65));
#932=VERTEX_POINT('',#931);
#933=CARTESIAN_POINT('',(2362.2,406.4,120.65));
#934=DIRECTION('',(-1.,0.,0.));
#935=VECTOR('',#934,19.05);
#936=LINE('',#933,#935);
#937=EDGE_CURVE('',#932,#924,#936,.T.);
#938=ORIENTED_EDGE('',*,*,#937,.F.);
#939=CARTESIAN_POINT('',(2362.2,0.,120.65));
#940=VERTEX_POINT('',#939);
#941=CARTESIAN_POINT('',(2362.2,406.4,120.65));
#942=DIRECTION('',(0.,-1.,0.));
#943=VECTOR('',#942,406.4);
#944=LINE('',#941,#943);
#945=EDGE_CURVE('',#932,#940,#944,.T.);
#946=ORIENTED_EDGE('',*,*,#945,.T.);
#947=CARTESIAN_POINT('',(2362.2,0.,120.65));
#948=DIRECTION('',(-1.,0.,0.));
#949=VECTOR('',#948,19.05);
#950=LINE('',#947,#949);
#951=EDGE_CURVE('',#940,#878,#950,.T.);
#952=ORIENTED_EDGE('',*,*,#951,.T.);
#953=ORIENTED_EDGE('',*,*,#883,.F.);
#954=EDGE_LOOP('',(#906,#914,#922,#930,#938,#946,#952,#953));
#955=FACE_BOUND('',#954,.T.);
#956=ADVANCED_FACE('',(#955),#898,.F.);
#957=CARTESIAN_POINT('',(2347.9125,406.4,571.5));
#958=DIRECTION('',(0.,0.,-1.));
#959=DIRECTION('',(-1.,0.,0.));
#960=AXIS2_PLACEMENT_3D('',#957,#958,#959);
#961=PLANE('',#960);
#962=CARTESIAN_POINT('',(2352.675,381.,571.5));
#963=VERTEX_POINT('',#962);
#964=CARTESIAN_POINT('',(2343.15,381.,571.5));
#965=DIRECTION('',(1.,0.,-0.));
#966=VECTOR('',#965,9.525);
#967=LINE('',#964,#966);
#968=EDGE_CURVE('',#860,#963,#967,.T.);
#969=ORIENTED_EDGE('',*,*,#968,.F.);
#970=ORIENTED_EDGE('',*,*,#867,.T.);
#971=CARTESIAN_POINT('',(2362.2,0.,571.5));
#972=VERTEX_POINT('',#971);
#973=CARTESIAN_POINT('',(2343.15,0.,571.5));
#974=DIRECTION('',(1.,0.,-0.));
#975=VECTOR('',#974,19.05);
#976=LINE('',#973,#975);
#977=EDGE_CURVE('',#862,#972,#976,.T.);
#978=ORIENTED_EDGE('',*,*,#977,.T.);
#979=CARTESIAN_POINT('',(2362.2,406.4,571.5));
#980=VERTEX_POINT('',#979);
#981=CARTESIAN_POINT('',(2362.2,406.4,571.5));
#982=DIRECTION('',(0.,-1.,0.));
#983=VECTOR('',#982,406.4);
#984=LINE('',#981,#983);
#985=EDGE_CURVE('',#980,#972,#984,.T.);
#986=ORIENTED_EDGE('',*,*,#985,.F.);
#987=CARTESIAN_POINT('',(2343.15,406.4,571.5));
#988=VERTEX_POINT('',#987);
#989=CARTESIAN_POINT('',(2343.15,406.4,571.5));
#990=DIRECTION('',(1.,0.,-0.));
#991=VECTOR('',#990,19.05);
#992=LINE('',#989,#991);
#993=EDGE_CURVE('',#988,#980,#992,.T.);
#994=ORIENTED_EDGE('',*,*,#993,.F.);
#995=CARTESIAN_POINT('',(2343.15,387.35,571.5));
#996=VERTEX_POINT('',#995);
#997=CARTESIAN_POINT('',(2343.15,406.4,571.5));
#998=DIRECTION('',(0.,-1.,0.));
#999=VECTOR('',#998,19.05);
#1000=LINE('',#997,#999);
#1001=EDGE_CURVE('',#988,#996,#1000,.T.);
#1002=ORIENTED_EDGE('',*,*,#1001,.T.);
#1003=CARTESIAN_POINT('',(2352.675,387.35,571.5));
#1004=VERTEX_POINT('',#1003);
#1005=CARTESIAN_POINT('',(2343.15,387.35,571.5));
#1006=DIRECTION('',(1.,0.,-0.));
#1007=VECTOR('',#1006,9.525);
#1008=LINE('',#1005,#1007);
#1009=EDGE_CURVE('',#996,#1004,#1008,.T.);
#1010=ORIENTED_EDGE('',*,*,#1009,.T.);
#1011=CARTESIAN_POINT('',(2352.675,387.35,571.5));
#1012=DIRECTION('',(0.,-1.,0.));
#1013=VECTOR('',#1012,6.35);
#1014=LINE('',#1011,#1013);
#1015=EDGE_CURVE('',#1004,#963,#1014,.T.);
#1016=ORIENTED_EDGE('',*,*,#1015,.T.);
#1017=EDGE_LOOP('',(#969,#970,#978,#986,#994,#1002,#1010,#1016));
#1018=FACE_BOUND('',#1017,.T.);
#1019=ADVANCED_FACE('',(#1018),#961,.F.);
#1020=CARTESIAN_POINT('',(2362.2,406.4,346.075));
#1021=DIRECTION('',(-1.,0.,0.));
#1022=DIRECTION('',(0.,0.,1.));
#1023=AXIS2_PLACEMENT_3D('',#1020,#1021,#1022);
#1024=PLANE('',#1023);
#1025=CARTESIAN_POINT('',(2362.2,0.,571.5));
#1026=DIRECTION('',(0.,0.,-1.));
#1027=VECTOR('',#1026,450.85);
#1028=LINE('',#1025,#1027);
#1029=EDGE_CURVE('',#972,#940,#1028,.T.);
#1030=ORIENTED_EDGE('',*,*,#1029,.T.);
#1031=ORIENTED_EDGE('',*,*,#945,.F.);
#1032=CARTESIAN_POINT('',(2362.2,406.4,571.5));
#1033=DIRECTION('',(0.,0.,-1.));
#1034=VECTOR('',#1033,450.85);
#1035=LINE('',#1032,#1034);
#1036=EDGE_CURVE('',#980,#932,#1035,.T.);
#1037=ORIENTED_EDGE('',*,*,#1036,.F.);
#1038=ORIENTED_EDGE('',*,*,#985,.T.);
#1039=EDGE_LOOP('',(#1030,#1031,#1037,#1038));
#1040=FACE_BOUND('',#1039,.T.);
#1041=ADVANCED_FACE('',(#1040),#1024,.F.);
#1042=CARTESIAN_POINT('',(2343.15,406.4,566.7375));
#1043=DIRECTION('',(-1.,0.,-0.));
#1044=DIRECTION('',(-0.,0.,1.));
#1045=AXIS2_PLACEMENT_3D('',#1042,#1043,#1044);
#1046=PLANE('',#1045);
#1047=CARTESIAN_POINT('',(2343.15,387.35,571.5));
#1048=DIRECTION('',(0.,0.,-1.));
#1049=VECTOR('',#1048,450.85);
#1050=LINE('',#1047,#1049);
#1051=EDGE_CURVE('',#996,#916,#1050,.T.);
#1052=ORIENTED_EDGE('',*,*,#1051,.F.);
#1053=ORIENTED_EDGE('',*,*,#1001,.F.);
#1054=CARTESIAN_POINT('',(2343.15,406.4,571.5));
#1055=DIRECTION('',(0.,0.,-1.));
#1056=VECTOR('',#1055,450.85);
#1057=LINE('',#1054,#1056);
#1058=EDGE_CURVE('',#988,#924,#1057,.T.);
#1059=ORIENTED_EDGE('',*,*,#1058,.T.);
#1060=ORIENTED_EDGE('',*,*,#929,.T.);
#1061=EDGE_LOOP('',(#1052,#1053,#1059,#1060));
#1062=FACE_BOUND('',#1061,.T.);
#1063=ADVANCED_FACE('',(#1062),#1046,.T.);
#1064=CARTESIAN_POINT('',(1555.75,406.4,120.65));
#1065=DIRECTION('',(0.,-1.,0.));
#1066=DIRECTION('',(1.,0.,0.));
#1067=AXIS2_PLACEMENT_3D('',#1064,#1065,#1066);
#1068=PLANE('',#1067);
#1069=ORIENTED_EDGE('',*,*,#937,.T.);
#1070=ORIENTED_EDGE('',*,*,#1058,.F.);
#1071=ORIENTED_EDGE('',*,*,#993,.T.);
#1072=ORIENTED_EDGE('',*,*,#1036,.T.);
#1073=EDGE_LOOP('',(#1069,#1070,#1071,#1072));
#1074=FACE_BOUND('',#1073,.T.);
#1075=ADVANCED_FACE('',(#1074),#1068,.F.);
#1076=CARTESIAN_POINT('',(1555.75,0.,120.65));
#1077=DIRECTION('',(0.,-1.,0.));
#1078=DIRECTION('',(1.,0.,0.));
#1079=AXIS2_PLACEMENT_3D('',#1076,#1077,#1078);
#1080=PLANE('',#1079);
#1081=ORIENTED_EDGE('',*,*,#951,.F.);
#1082=ORIENTED_EDGE('',*,*,#1029,.F.);
#1083=ORIENTED_EDGE('',*,*,#977,.F.);
#1084=ORIENTED_EDGE('',*,*,#889,.T.);
#1085=EDGE_LOOP('',(#1081,#1082,#1083,#1084));
#1086=FACE_BOUND('',#1085,.T.);
#1087=ADVANCED_FACE('',(#1086),#1080,.T.);
#1088=CARTESIAN_POINT('',(2352.675,387.35,346.075));
#1089=DIRECTION('',(-1.,0.,0.));
#1090=DIRECTION('',(0.,0.,1.));
#1091=AXIS2_PLACEMENT_3D('',#1088,#1089,#1090);
#1092=PLANE('',#1091);
#1093=CARTESIAN_POINT('',(2352.675,381.,571.5));
#1094=DIRECTION('',(0.,0.,-1.));
#1095=VECTOR('',#1094,450.85);
#1096=LINE('',#1093,#1095);
#1097=EDGE_CURVE('',#963,#900,#1096,.T.);
#1098=ORIENTED_EDGE('',*,*,#1097,.F.);
#1099=ORIENTED_EDGE('',*,*,#1015,.F.);
#1100=CARTESIAN_POINT('',(2352.675,387.35,571.5));
#1101=DIRECTION('',(0.,0.,-1.));
#1102=VECTOR('',#1101,450.85);
#1103=LINE('',#1100,#1102);
#1104=EDGE_CURVE('',#1004,#908,#1103,.T.);
#1105=ORIENTED_EDGE('',*,*,#1104,.T.);
#1106=ORIENTED_EDGE('',*,*,#913,.T.);
#1107=EDGE_LOOP('',(#1098,#1099,#1105,#1106));
#1108=FACE_BOUND('',#1107,.T.);
#1109=ADVANCED_FACE('',(#1108),#1092,.T.);
#1110=CARTESIAN_POINT('',(1555.75,387.35,120.65));
#1111=DIRECTION('',(0.,-1.,0.));
#1112=DIRECTION('',(1.,0.,0.));
#1113=AXIS2_PLACEMENT_3D('',#1110,#1111,#1112);
#1114=PLANE('',#1113);
#1115=ORIENTED_EDGE('',*,*,#1104,.F.);
#1116=ORIENTED_EDGE('',*,*,#1009,.F.);
#1117=ORIENTED_EDGE('',*,*,#1051,.T.);
#1118=ORIENTED_EDGE('',*,*,#921,.F.);
#1119=EDGE_LOOP('',(#1115,#1116,#1117,#1118));
#1120=FACE_BOUND('',#1119,.T.);
#1121=ADVANCED_FACE('',(#1120),#1114,.T.);
#1122=CARTESIAN_POINT('',(1555.75,381.,120.65));
#1123=DIRECTION('',(0.,-1.,0.));
#1124=DIRECTION('',(1.,0.,0.));
#1125=AXIS2_PLACEMENT_3D('',#1122,#1123,#1124);
#1126=PLANE('',#1125);
#1127=ORIENTED_EDGE('',*,*,#1097,.T.);
#1128=ORIENTED_EDGE('',*,*,#905,.T.);
#1129=ORIENTED_EDGE('',*,*,#875,.F.);
#1130=ORIENTED_EDGE('',*,*,#968,.T.);
#1131=EDGE_LOOP('',(#1127,#1128,#1129,#1130));
#1132=FACE_BOUND('',#1131,.T.);
#1133=ADVANCED_FACE('',(#1132),#1126,.F.);
#1134=CLOSED_SHELL('',(#893,#956,#1019,#1041,#1063,#1075,#1087,#1109,#1121,#1133));
#1135=MANIFOLD_SOLID_BREP('[Panel] Right',#1134);
#853=STYLED_ITEM('',(#267),#1135);
#1137=CARTESIAN_POINT('',(1560.5125,406.4,120.65));
#1138=DIRECTION('',(0.,0.,1.));
#1139=DIRECTION('',(1.,0.,0.));
#1140=AXIS2_PLACEMENT_3D('',#1137,#1138,#1139);
#1141=PLANE('',#1140);
#1142=CARTESIAN_POINT('',(1574.8,381.,120.65));
#1143=VERTEX_POINT('',#1142);
#1144=CARTESIAN_POINT('',(1565.275,381.,120.65));
#1145=VERTEX_POINT('',#1144);
#1146=CARTESIAN_POINT('',(1574.8,381.,120.65));
#1147=DIRECTION('',(-1.,0.,0.));
#1148=VECTOR('',#1147,9.525);
#1149=LINE('',#1146,#1148);
#1150=EDGE_CURVE('',#1143,#1145,#1149,.T.);
#1151=ORIENTED_EDGE('',*,*,#1150,.F.);
#1152=CARTESIAN_POINT('',(1574.8,0.,120.65));
#1153=VERTEX_POINT('',#1152);
#1154=CARTESIAN_POINT('',(1574.8,381.,120.65));
#1155=DIRECTION('',(0.,-1.,0.));
#1156=VECTOR('',#1155,381.);
#1157=LINE('',#1154,#1156);
#1158=EDGE_CURVE('',#1143,#1153,#1157,.T.);
#1159=ORIENTED_EDGE('',*,*,#1158,.T.);
#1160=CARTESIAN_POINT('',(1555.75,0.,120.65));
#1161=VERTEX_POINT('',#1160);
#1162=CARTESIAN_POINT('',(1574.8,0.,120.65));
#1163=DIRECTION('',(-1.,0.,0.));
#1164=VECTOR('',#1163,19.05);
#1165=LINE('',#1162,#1164);
#1166=EDGE_CURVE('',#1153,#1161,#1165,.T.);
#1167=ORIENTED_EDGE('',*,*,#1166,.T.);
#1168=CARTESIAN_POINT('',(1555.75,406.4,120.65));
#1169=VERTEX_POINT('',#1168);
#1170=CARTESIAN_POINT('',(1555.75,406.4,120.65));
#1171=DIRECTION('',(0.,-1.,0.));
#1172=VECTOR('',#1171,406.4);
#1173=LINE('',#1170,#1172);
#1174=EDGE_CURVE('',#1169,#1161,#1173,.T.);
#1175=ORIENTED_EDGE('',*,*,#1174,.F.);
#1176=CARTESIAN_POINT('',(1574.8,406.4,120.65));
#1177=VERTEX_POINT('',#1176);
#1178=CARTESIAN_POINT('',(1574.8,406.4,120.65));
#1179=DIRECTION('',(-1.,0.,0.));
#1180=VECTOR('',#1179,19.05);
#1181=LINE('',#1178,#1180);
#1182=EDGE_CURVE('',#1177,#1169,#1181,.T.);
#1183=ORIENTED_EDGE('',*,*,#1182,.F.);
#1184=CARTESIAN_POINT('',(1574.8,387.35,120.65));
#1185=VERTEX_POINT('',#1184);
#1186=CARTESIAN_POINT('',(1574.8,406.4,120.65));
#1187=DIRECTION('',(0.,-1.,0.));
#1188=VECTOR('',#1187,19.05);
#1189=LINE('',#1186,#1188);
#1190=EDGE_CURVE('',#1177,#1185,#1189,.T.);
#1191=ORIENTED_EDGE('',*,*,#1190,.T.);
#1192=CARTESIAN_POINT('',(1565.275,387.35,120.65));
#1193=VERTEX_POINT('',#1192);
#1194=CARTESIAN_POINT('',(1574.8,387.35,120.65));
#1195=DIRECTION('',(-1.,0.,0.));
#1196=VECTOR('',#1195,9.525);
#1197=LINE('',#1194,#1196);
#1198=EDGE_CURVE('',#1185,#1193,#1197,.T.);
#1199=ORIENTED_EDGE('',*,*,#1198,.T.);
#1200=CARTESIAN_POINT('',(1565.275,387.35,120.65));
#1201=DIRECTION('',(0.,-1.,0.));
#1202=VECTOR('',#1201,6.35);
#1203=LINE('',#1200,#1202);
#1204=EDGE_CURVE('',#1193,#1145,#1203,.T.);
#1205=ORIENTED_EDGE('',*,*,#1204,.T.);
#1206=EDGE_LOOP('',(#1151,#1159,#1167,#1175,#1183,#1191,#1199,#1205));
#1207=FACE_BOUND('',#1206,.T.);
#1208=ADVANCED_FACE('',(#1207),#1141,.F.);
#1209=CARTESIAN_POINT('',(1574.8,406.4,557.2125));
#1210=DIRECTION('',(1.,0.,0.));
#1211=DIRECTION('',(0.,0.,-1.));
#1212=AXIS2_PLACEMENT_3D('',#1209,#1210,#1211);
#1213=PLANE('',#1212);
#1214=CARTESIAN_POINT('',(1574.8,387.35,571.500000002));
#1215=VERTEX_POINT('',#1214);
#1216=CARTESIAN_POINT('',(1574.8,387.35,120.65));
#1217=DIRECTION('',(-0.,0.,1.));
#1218=VECTOR('',#1217,450.850000002);
#1219=LINE('',#1216,#1218);
#1220=EDGE_CURVE('',#1185,#1215,#1219,.T.);
#1221=ORIENTED_EDGE('',*,*,#1220,.F.);
#1222=ORIENTED_EDGE('',*,*,#1190,.F.);
#1223=CARTESIAN_POINT('',(1574.8,406.4,876.300000001));
#1224=VERTEX_POINT('',#1223);
#1225=CARTESIAN_POINT('',(1574.8,406.4,120.65));
#1226=DIRECTION('',(-0.,0.,1.));
#1227=VECTOR('',#1226,755.650000001);
#1228=LINE('',#1225,#1227);
#1229=EDGE_CURVE('',#1177,#1224,#1228,.T.);
#1230=ORIENTED_EDGE('',*,*,#1229,.T.);
#1231=CARTESIAN_POINT('',(1574.8,0.,876.300000001));
#1232=VERTEX_POINT('',#1231);
#1233=CARTESIAN_POINT('',(1574.8,406.4,876.300000001));
#1234=DIRECTION('',(0.,-1.,0.));
#1235=VECTOR('',#1234,406.4);
#1236=LINE('',#1233,#1235);
#1237=EDGE_CURVE('',#1224,#1232,#1236,.T.);
#1238=ORIENTED_EDGE('',*,*,#1237,.T.);
#1239=CARTESIAN_POINT('',(1574.8,0.,120.65));
#1240=DIRECTION('',(-0.,0.,1.));
#1241=VECTOR('',#1240,755.650000001);
#1242=LINE('',#1239,#1241);
#1243=EDGE_CURVE('',#1153,#1232,#1242,.T.);
#1244=ORIENTED_EDGE('',*,*,#1243,.F.);
#1245=ORIENTED_EDGE('',*,*,#1158,.F.);
#1246=CARTESIAN_POINT('',(1574.8,381.,571.5));
#1247=VERTEX_POINT('',#1246);
#1248=CARTESIAN_POINT('',(1574.8,381.,120.65));
#1249=DIRECTION('',(-0.,0.,1.));
#1250=VECTOR('',#1249,450.85);
#1251=LINE('',#1248,#1250);
#1252=EDGE_CURVE('',#1143,#1247,#1251,.T.);
#1253=ORIENTED_EDGE('',*,*,#1252,.T.);
#1254=CARTESIAN_POINT('',(1574.8,387.35,571.500000002));
#1255=DIRECTION('',(0.,-1.,0.));
#1256=VECTOR('',#1255,6.35);
#1257=LINE('',#1254,#1256);
#1258=EDGE_CURVE('',#1215,#1247,#1257,.T.);
#1259=ORIENTED_EDGE('',*,*,#1258,.F.);
#1260=EDGE_LOOP('',(#1221,#1222,#1230,#1238,#1244,#1245,#1253,#1259));
#1261=FACE_BOUND('',#1260,.T.);
#1262=ADVANCED_FACE('',(#1261),#1213,.T.);
#1263=DRAUGHTING_PRE_DEFINED_COLOUR('white');
#1264=FILL_AREA_STYLE_COLOUR('',#1263);
#1265=FILL_AREA_STYLE('',(#1264));
#1266=SURFACE_STYLE_FILL_AREA(#1265);
#1267=SURFACE_SIDE_STYLE('',(#1266));
#1268=SURFACE_STYLE_USAGE(.BOTH.,#1267);
#1269=PRESENTATION_STYLE_ASSIGNMENT((#1268));
#1270=OVER_RIDING_STYLED_ITEM('',(#1269),#1262,#1136);
#1271=CARTESIAN_POINT('',(1555.75,406.4,346.075));
#1272=DIRECTION('',(1.,0.,0.));
#1273=DIRECTION('',(0.,0.,-1.));
#1274=AXIS2_PLACEMENT_3D('',#1271,#1272,#1273);
#1275=PLANE('',#1274);
#1276=CARTESIAN_POINT('',(1555.75,0.,876.300000001));
#1277=VERTEX_POINT('',#1276);
#1278=CARTESIAN_POINT('',(1555.75,0.,120.65));
#1279=DIRECTION('',(0.,0.,1.));
#1280=VECTOR('',#1279,755.650000001);
#1281=LINE('',#1278,#1280);
#1282=EDGE_CURVE('',#1161,#1277,#1281,.T.);
#1283=ORIENTED_EDGE('',*,*,#1282,.T.);
#1284=CARTESIAN_POINT('',(1555.75,406.4,876.300000001));
#1285=VERTEX_POINT('',#1284);
#1286=CARTESIAN_POINT('',(1555.75,406.4,876.300000001));
#1287=DIRECTION('',(0.,-1.,0.));
#1288=VECTOR('',#1287,406.4);
#1289=LINE('',#1286,#1288);
#1290=EDGE_CURVE('',#1285,#1277,#1289,.T.);
#1291=ORIENTED_EDGE('',*,*,#1290,.F.);
#1292=CARTESIAN_POINT('',(1555.75,406.4,120.65));
#1293=DIRECTION('',(0.,0.,1.));
#1294=VECTOR('',#1293,755.650000001);
#1295=LINE('',#1292,#1294);
#1296=EDGE_CURVE('',#1169,#1285,#1295,.T.);
#1297=ORIENTED_EDGE('',*,*,#1296,.F.);
#1298=ORIENTED_EDGE('',*,*,#1174,.T.);
#1299=EDGE_LOOP('',(#1283,#1291,#1297,#1298));
#1300=FACE_BOUND('',#1299,.T.);
#1301=ADVANCED_FACE('',(#1300),#1275,.F.);
#1302=CARTESIAN_POINT('',(1555.75,406.4,120.65));
#1303=DIRECTION('',(0.,-1.,0.));
#1304=DIRECTION('',(1.,0.,0.));
#1305=AXIS2_PLACEMENT_3D('',#1302,#1303,#1304);
#1306=PLANE('',#1305);
#1307=ORIENTED_EDGE('',*,*,#1182,.T.);
#1308=ORIENTED_EDGE('',*,*,#1296,.T.);
#1309=CARTESIAN_POINT('',(1555.75,406.4,876.300000001));
#1310=DIRECTION('',(1.,0.,-0.));
#1311=VECTOR('',#1310,19.05);
#1312=LINE('',#1309,#1311);
#1313=EDGE_CURVE('',#1285,#1224,#1312,.T.);
#1314=ORIENTED_EDGE('',*,*,#1313,.T.);
#1315=ORIENTED_EDGE('',*,*,#1229,.F.);
#1316=EDGE_LOOP('',(#1307,#1308,#1314,#1315));
#1317=FACE_BOUND('',#1316,.T.);
#1318=ADVANCED_FACE('',(#1317),#1306,.F.);
#1319=CARTESIAN_POINT('',(1555.75,0.,120.65));
#1320=DIRECTION('',(0.,-1.,0.));
#1321=DIRECTION('',(1.,0.,0.));
#1322=AXIS2_PLACEMENT_3D('',#1319,#1320,#1321);
#1323=PLANE('',#1322);
#1324=ORIENTED_EDGE('',*,*,#1166,.F.);
#1325=ORIENTED_EDGE('',*,*,#1243,.T.);
#1326=CARTESIAN_POINT('',(1555.75,0.,876.300000001));
#1327=DIRECTION('',(1.,0.,-0.));
#1328=VECTOR('',#1327,19.05);
#1329=LINE('',#1326,#1328);
#1330=EDGE_CURVE('',#1277,#1232,#1329,.T.);
#1331=ORIENTED_EDGE('',*,*,#1330,.F.);
#1332=ORIENTED_EDGE('',*,*,#1282,.F.);
#1333=EDGE_LOOP('',(#1324,#1325,#1331,#1332));
#1334=FACE_BOUND('',#1333,.T.);
#1335=ADVANCED_FACE('',(#1334),#1323,.T.);
#1336=CARTESIAN_POINT('',(1565.275,387.35,346.075));
#1337=DIRECTION('',(-1.,0.,-0.));
#1338=DIRECTION('',(-0.,0.,1.));
#1339=AXIS2_PLACEMENT_3D('',#1336,#1337,#1338);
#1340=PLANE('',#1339);
#1341=CARTESIAN_POINT('',(1565.275,381.,571.5));
#1342=VERTEX_POINT('',#1341);
#1343=CARTESIAN_POINT('',(1565.275,381.,571.5));
#1344=DIRECTION('',(0.,0.,-1.));
#1345=VECTOR('',#1344,450.85);
#1346=LINE('',#1343,#1345);
#1347=EDGE_CURVE('',#1342,#1145,#1346,.T.);
#1348=ORIENTED_EDGE('',*,*,#1347,.T.);
#1349=ORIENTED_EDGE('',*,*,#1204,.F.);
#1350=CARTESIAN_POINT('',(1565.275,387.35,571.5));
#1351=VERTEX_POINT('',#1350);
#1352=CARTESIAN_POINT('',(1565.275,387.35,571.5));
#1353=DIRECTION('',(0.,0.,-1.));
#1354=VECTOR('',#1353,450.85);
#1355=LINE('',#1352,#1354);
#1356=EDGE_CURVE('',#1351,#1193,#1355,.T.);
#1357=ORIENTED_EDGE('',*,*,#1356,.F.);
#1358=CARTESIAN_POINT('',(1565.275,387.35,571.5));
#1359=DIRECTION('',(0.,-1.,0.));
#1360=VECTOR('',#1359,6.35);
#1361=LINE('',#1358,#1360);
#1362=EDGE_CURVE('',#1351,#1342,#1361,.T.);
#1363=ORIENTED_EDGE('',*,*,#1362,.T.);
#1364=EDGE_LOOP('',(#1348,#1349,#1357,#1363));
#1365=FACE_BOUND('',#1364,.T.);
#1366=ADVANCED_FACE('',(#1365),#1340,.F.);
#1367=CARTESIAN_POINT('',(1555.75,387.35,120.65));
#1368=DIRECTION('',(0.,-1.,0.));
#1369=DIRECTION('',(1.,0.,0.));
#1370=AXIS2_PLACEMENT_3D('',#1367,#1368,#1369);
#1371=PLANE('',#1370);
#1372=ORIENTED_EDGE('',*,*,#1220,.T.);
#1373=CARTESIAN_POINT('',(1565.275,387.35,571.5));
#1374=DIRECTION('',(1.,0.,-0.));
#1375=VECTOR('',#1374,9.525);
#1376=LINE('',#1373,#1375);
#1377=EDGE_CURVE('',#1351,#1215,#1376,.T.);
#1378=ORIENTED_EDGE('',*,*,#1377,.F.);
#1379=ORIENTED_EDGE('',*,*,#1356,.T.);
#1380=ORIENTED_EDGE('',*,*,#1198,.F.);
#1381=EDGE_LOOP('',(#1372,#1378,#1379,#1380));
#1382=FACE_BOUND('',#1381,.T.);
#1383=ADVANCED_FACE('',(#1382),#1371,.T.);
#1384=CARTESIAN_POINT('',(1555.75,381.,120.65));
#1385=DIRECTION('',(0.,-1.,0.));
#1386=DIRECTION('',(1.,0.,0.));
#1387=AXIS2_PLACEMENT_3D('',#1384,#1385,#1386);
#1388=PLANE('',#1387);
#1389=ORIENTED_EDGE('',*,*,#1252,.F.);
#1390=ORIENTED_EDGE('',*,*,#1150,.T.);
#1391=ORIENTED_EDGE('',*,*,#1347,.F.);
#1392=CARTESIAN_POINT('',(1565.275,381.,571.5));
#1393=DIRECTION('',(1.,0.,-0.));
#1394=VECTOR('',#1393,9.525);
#1395=LINE('',#1392,#1394);
#1396=EDGE_CURVE('',#1342,#1247,#1395,.T.);
#1397=ORIENTED_EDGE('',*,*,#1396,.T.);
#1398=EDGE_LOOP('',(#1389,#1390,#1391,#1397));
#1399=FACE_BOUND('',#1398,.T.);
#1400=ADVANCED_FACE('',(#1399),#1388,.F.);
#1401=CARTESIAN_POINT('',(1560.5125,406.4,571.500000002));
#1402=DIRECTION('',(0.,0.,1.));
#1403=DIRECTION('',(1.,0.,0.));
#1404=AXIS2_PLACEMENT_3D('',#1401,#1402,#1403);
#1405=PLANE('',#1404);
#1406=ORIENTED_EDGE('',*,*,#1396,.F.);
#1407=ORIENTED_EDGE('',*,*,#1362,.F.);
#1408=ORIENTED_EDGE('',*,*,#1377,.T.);
#1409=ORIENTED_EDGE('',*,*,#1258,.T.);
#1410=EDGE_LOOP('',(#1406,#1407,#1408,#1409));
#1411=FACE_BOUND('',#1410,.T.);
#1412=ADVANCED_FACE('',(#1411),#1405,.F.);
#1413=CARTESIAN_POINT('',(1560.5125,406.4,876.300000001));
#1414=DIRECTION('',(0.,0.,-1.));
#1415=DIRECTION('',(-1.,0.,0.));
#1416=AXIS2_PLACEMENT_3D('',#1413,#1414,#1415);
#1417=PLANE('',#1416);
#1418=ORIENTED_EDGE('',*,*,#1330,.T.);
#1419=ORIENTED_EDGE('',*,*,#1237,.F.);
#1420=ORIENTED_EDGE('',*,*,#1313,.F.);
#1421=ORIENTED_EDGE('',*,*,#1290,.T.);
#1422=EDGE_LOOP('',(#1418,#1419,#1420,#1421));
#1423=FACE_BOUND('',#1422,.T.);
#1424=ADVANCED_FACE('',(#1423),#1417,.F.);
#1425=CLOSED_SHELL('',(#1208,#1262,#1301,#1318,#1335,#1366,#1383,#1400,#1412,#1424));
#1426=MANIFOLD_SOLID_BREP('[Panel] Left',#1425);
#1136=STYLED_ITEM('',(#267),#1426);
#1428=CARTESIAN_POINT('',(1958.975,406.4,139.7));
#1429=DIRECTION('',(-0.,0.,1.));
#1430=DIRECTION('',(1.,0.,0.));
#1431=AXIS2_PLACEMENT_3D('',#1428,#1429,#1430);
#1432=PLANE('',#1431);
#1433=CARTESIAN_POINT('',(2343.15,381.,139.7));
#1434=VERTEX_POINT('',#1433);
#1435=CARTESIAN_POINT('',(2343.15,0.,139.7));
#1436=VERTEX_POINT('',#1435);
#1437=CARTESIAN_POINT('',(2343.15,381.,139.7));
#1438=DIRECTION('',(0.,-1.,0.));
#1439=VECTOR('',#1438,381.);
#1440=LINE('',#1437,#1439);
#1441=EDGE_CURVE('',#1434,#1436,#1440,.T.);
#1442=ORIENTED_EDGE('',*,*,#1441,.F.);
#1443=CARTESIAN_POINT('',(1574.8,381.,139.7));
#1444=VERTEX_POINT('',#1443);
#1445=CARTESIAN_POINT('',(2343.15,381.,139.7));
#1446=DIRECTION('',(-1.,0.,-0.));
#1447=VECTOR('',#1446,768.35);
#1448=LINE('',#1445,#1447);
#1449=EDGE_CURVE('',#1434,#1444,#1448,.T.);
#1450=ORIENTED_EDGE('',*,*,#1449,.T.);
#1451=CARTESIAN_POINT('',(1574.8,0.,139.7));
#1452=VERTEX_POINT('',#1451);
#1453=CARTESIAN_POINT('',(1574.8,381.,139.7));
#1454=DIRECTION('',(0.,-1.,0.));
#1455=VECTOR('',#1454,381.);
#1456=LINE('',#1453,#1455);
#1457=EDGE_CURVE('',#1444,#1452,#1456,.T.);
#1458=ORIENTED_EDGE('',*,*,#1457,.T.);
#1459=CARTESIAN_POINT('',(2343.15,0.,139.7));
#1460=DIRECTION('',(-1.,0.,-0.));
#1461=VECTOR('',#1460,768.35);
#1462=LINE('',#1459,#1461);
#1463=EDGE_CURVE('',#1436,#1452,#1462,.T.);
#1464=ORIENTED_EDGE('',*,*,#1463,.F.);
#1465=EDGE_LOOP('',(#1442,#1450,#1458,#1464));
#1466=FACE_BOUND('',#1465,.T.);
#1467=ADVANCED_FACE('',(#1466),#1432,.T.);
#1468=CARTESIAN_POINT('',(2343.15,406.4,125.4125));
#1469=DIRECTION('',(-1.,0.,0.));
#1470=DIRECTION('',(0.,0.,1.));
#1471=AXIS2_PLACEMENT_3D('',#1468,#1469,#1470);
#1472=PLANE('',#1471);
#1473=CARTESIAN_POINT('',(2343.15,381.,130.175));
#1474=VERTEX_POINT('',#1473);
#1475=CARTESIAN_POINT('',(2343.15,381.,139.7));
#1476=DIRECTION('',(0.,0.,-1.));
#1477=VECTOR('',#1476,9.525);
#1478=LINE('',#1475,#1477);
#1479=EDGE_CURVE('',#1434,#1474,#1478,.T.);
#1480=ORIENTED_EDGE('',*,*,#1479,.F.);
#1481=ORIENTED_EDGE('',*,*,#1441,.T.);
#1482=CARTESIAN_POINT('',(2343.15,0.,120.65));
#1483=VERTEX_POINT('',#1482);
#1484=CARTESIAN_POINT('',(2343.15,0.,139.7));
#1485=DIRECTION('',(0.,0.,-1.));
#1486=VECTOR('',#1485,19.05);
#1487=LINE('',#1484,#1486);
#1488=EDGE_CURVE('',#1436,#1483,#1487,.T.);
#1489=ORIENTED_EDGE('',*,*,#1488,.T.);
#1490=CARTESIAN_POINT('',(2343.15,406.4,120.65));
#1491=VERTEX_POINT('',#1490);
#1492=CARTESIAN_POINT('',(2343.15,406.4,120.65));
#1493=DIRECTION('',(0.,-1.,0.));
#1494=VECTOR('',#1493,406.4);
#1495=LINE('',#1492,#1494);
#1496=EDGE_CURVE('',#1491,#1483,#1495,.T.);
#1497=ORIENTED_EDGE('',*,*,#1496,.F.);
#1498=CARTESIAN_POINT('',(2343.15,406.4,139.7));
#1499=VERTEX_POINT('',#1498);
#1500=CARTESIAN_POINT('',(2343.15,406.4,139.7));
#1501=DIRECTION('',(0.,0.,-1.));
#1502=VECTOR('',#1501,19.05);
#1503=LINE('',#1500,#1502);
#1504=EDGE_CURVE('',#1499,#1491,#1503,.T.);
#1505=ORIENTED_EDGE('',*,*,#1504,.F.);
#1506=CARTESIAN_POINT('',(2343.15,387.35,139.7));
#1507=VERTEX_POINT('',#1506);
#1508=CARTESIAN_POINT('',(2343.15,406.4,139.7));
#1509=DIRECTION('',(0.,-1.,0.));
#1510=VECTOR('',#1509,19.05);
#1511=LINE('',#1508,#1510);
#1512=EDGE_CURVE('',#1499,#1507,#1511,.T.);
#1513=ORIENTED_EDGE('',*,*,#1512,.T.);
#1514=CARTESIAN_POINT('',(2343.15,387.35,130.175));
#1515=VERTEX_POINT('',#1514);
#1516=CARTESIAN_POINT('',(2343.15,387.35,139.7));
#1517=DIRECTION('',(0.,0.,-1.));
#1518=VECTOR('',#1517,9.525);
#1519=LINE('',#1516,#1518);
#1520=EDGE_CURVE('',#1507,#1515,#1519,.T.);
#1521=ORIENTED_EDGE('',*,*,#1520,.T.);
#1522=CARTESIAN_POINT('',(2343.15,387.35,130.175));
#1523=DIRECTION('',(0.,-1.,0.));
#1524=VECTOR('',#1523,6.35);
#1525=LINE('',#1522,#1524);
#1526=EDGE_CURVE('',#1515,#1474,#1525,.T.);
#1527=ORIENTED_EDGE('',*,*,#1526,.T.);
#1528=EDGE_LOOP('',(#1480,#1481,#1489,#1497,#1505,#1513,#1521,#1527));
#1529=FACE_BOUND('',#1528,.T.);
#1530=ADVANCED_FACE('',(#1529),#1472,.F.);
#1531=CARTESIAN_POINT('',(1574.8,406.4,125.4125));
#1532=DIRECTION('',(-1.,0.,-0.));
#1533=DIRECTION('',(-0.,0.,1.));
#1534=AXIS2_PLACEMENT_3D('',#1531,#1532,#1533);
#1535=PLANE('',#1534);
#1536=ORIENTED_EDGE('',*,*,#1457,.F.);
#1537=CARTESIAN_POINT('',(1574.8,381.,130.175));
#1538=VERTEX_POINT('',#1537);
#1539=CARTESIAN_POINT('',(1574.8,381.,139.7));
#1540=DIRECTION('',(0.,0.,-1.));
#1541=VECTOR('',#1540,9.525);
#1542=LINE('',#1539,#1541);
#1543=EDGE_CURVE('',#1444,#1538,#1542,.T.);
#1544=ORIENTED_EDGE('',*,*,#1543,.T.);
#1545=CARTESIAN_POINT('',(1574.8,387.35,130.175));
#1546=VERTEX_POINT('',#1545);
#1547=CARTESIAN_POINT('',(1574.8,387.35,130.175));
#1548=DIRECTION('',(0.,-1.,0.));
#1549=VECTOR('',#1548,6.35);
#1550=LINE('',#1547,#1549);
#1551=EDGE_CURVE('',#1546,#1538,#1550,.T.);
#1552=ORIENTED_EDGE('',*,*,#1551,.F.);
#1553=CARTESIAN_POINT('',(1574.8,387.35,139.7));
#1554=VERTEX_POINT('',#1553);
#1555=CARTESIAN_POINT('',(1574.8,387.35,139.7));
#1556=DIRECTION('',(0.,0.,-1.));
#1557=VECTOR('',#1556,9.525);
#1558=LINE('',#1555,#1557);
#1559=EDGE_CURVE('',#1554,#1546,#1558,.T.);
#1560=ORIENTED_EDGE('',*,*,#1559,.F.);
#1561=CARTESIAN_POINT('',(1574.8,406.4,139.7));
#1562=VERTEX_POINT('',#1561);
#1563=CARTESIAN_POINT('',(1574.8,406.4,139.7));
#1564=DIRECTION('',(0.,-1.,0.));
#1565=VECTOR('',#1564,19.05);
#1566=LINE('',#1563,#1565);
#1567=EDGE_CURVE('',#1562,#1554,#1566,.T.);
#1568=ORIENTED_EDGE('',*,*,#1567,.F.);
#1569=CARTESIAN_POINT('',(1574.8,406.4,120.65));
#1570=VERTEX_POINT('',#1569);
#1571=CARTESIAN_POINT('',(1574.8,406.4,139.7));
#1572=DIRECTION('',(0.,0.,-1.));
#1573=VECTOR('',#1572,19.05);
#1574=LINE('',#1571,#1573);
#1575=EDGE_CURVE('',#1562,#1570,#1574,.T.);
#1576=ORIENTED_EDGE('',*,*,#1575,.T.);
#1577=CARTESIAN_POINT('',(1574.8,0.,120.65));
#1578=VERTEX_POINT('',#1577);
#1579=CARTESIAN_POINT('',(1574.8,406.4,120.65));
#1580=DIRECTION('',(0.,-1.,0.));
#1581=VECTOR('',#1580,406.4);
#1582=LINE('',#1579,#1581);
#1583=EDGE_CURVE('',#1570,#1578,#1582,.T.);
#1584=ORIENTED_EDGE('',*,*,#1583,.T.);
#1585=CARTESIAN_POINT('',(1574.8,0.,139.7));
#1586=DIRECTION('',(0.,0.,-1.));
#1587=VECTOR('',#1586,19.05);
#1588=LINE('',#1585,#1587);
#1589=EDGE_CURVE('',#1452,#1578,#1588,.T.);
#1590=ORIENTED_EDGE('',*,*,#1589,.F.);
#1591=EDGE_LOOP('',(#1536,#1544,#1552,#1560,#1568,#1576,#1584,#1590));
#1592=FACE_BOUND('',#1591,.T.);
#1593=ADVANCED_FACE('',(#1592),#1535,.T.);
#1594=CARTESIAN_POINT('',(1958.975,406.4,139.7));
#1595=DIRECTION('',(-0.,0.,1.));
#1596=DIRECTION('',(1.,0.,0.));
#1597=AXIS2_PLACEMENT_3D('',#1594,#1595,#1596);
#1598=PLANE('',#1597);
#1599=CARTESIAN_POINT('',(2343.15,387.35,139.7));
#1600=DIRECTION('',(-1.,0.,-0.));
#1601=VECTOR('',#1600,768.35);
#1602=LINE('',#1599,#1601);
#1603=EDGE_CURVE('',#1507,#1554,#1602,.T.);
#1604=ORIENTED_EDGE('',*,*,#1603,.F.);
#1605=ORIENTED_EDGE('',*,*,#1512,.F.);
#1606=CARTESIAN_POINT('',(2343.15,406.4,139.7));
#1607=DIRECTION('',(-1.,0.,-0.));
#1608=VECTOR('',#1607,768.35);
#1609=LINE('',#1606,#1608);
#1610=EDGE_CURVE('',#1499,#1562,#1609,.T.);
#1611=ORIENTED_EDGE('',*,*,#1610,.T.);
#1612=ORIENTED_EDGE('',*,*,#1567,.T.);
#1613=EDGE_LOOP('',(#1604,#1605,#1611,#1612));
#1614=FACE_BOUND('',#1613,.T.);
#1615=ADVANCED_FACE('',(#1614),#1598,.T.);
#1616=CARTESIAN_POINT('',(1958.975,406.4,120.65));
#1617=DIRECTION('',(0.,0.,-1.));
#1618=DIRECTION('',(-1.,0.,0.));
#1619=AXIS2_PLACEMENT_3D('',#1616,#1617,#1618);
#1620=PLANE('',#1619);
#1621=CARTESIAN_POINT('',(1574.8,0.,120.65));
#1622=DIRECTION('',(1.,0.,-0.));
#1623=VECTOR('',#1622,768.35);
#1624=LINE('',#1621,#1623);
#1625=EDGE_CURVE('',#1578,#1483,#1624,.T.);
#1626=ORIENTED_EDGE('',*,*,#1625,.F.);
#1627=ORIENTED_EDGE('',*,*,#1583,.F.);
#1628=CARTESIAN_POINT('',(1574.8,406.4,120.65));
#1629=DIRECTION('',(1.,0.,-0.));
#1630=VECTOR('',#1629,768.35);
#1631=LINE('',#1628,#1630);
#1632=EDGE_CURVE('',#1570,#1491,#1631,.T.);
#1633=ORIENTED_EDGE('',*,*,#1632,.T.);
#1634=ORIENTED_EDGE('',*,*,#1496,.T.);
#1635=EDGE_LOOP('',(#1626,#1627,#1633,#1634));
#1636=FACE_BOUND('',#1635,.T.);
#1637=ADVANCED_FACE('',(#1636),#1620,.T.);
#1638=CARTESIAN_POINT('',(1555.75,406.4,120.65));
#1639=DIRECTION('',(0.,-1.,0.));
#1640=DIRECTION('',(1.,0.,0.));
#1641=AXIS2_PLACEMENT_3D('',#1638,#1639,#1640);
#1642=PLANE('',#1641);
#1643=ORIENTED_EDGE('',*,*,#1504,.T.);
#1644=ORIENTED_EDGE('',*,*,#1632,.F.);
#1645=ORIENTED_EDGE('',*,*,#1575,.F.);
#1646=ORIENTED_EDGE('',*,*,#1610,.F.);
#1647=EDGE_LOOP('',(#1643,#1644,#1645,#1646));
#1648=FACE_BOUND('',#1647,.T.);
#1649=ADVANCED_FACE('',(#1648),#1642,.F.);
#1650=CARTESIAN_POINT('',(1555.75,0.,120.65));
#1651=DIRECTION('',(0.,-1.,0.));
#1652=DIRECTION('',(1.,0.,0.));
#1653=AXIS2_PLACEMENT_3D('',#1650,#1651,#1652);
#1654=PLANE('',#1653);
#1655=ORIENTED_EDGE('',*,*,#1488,.F.);
#1656=ORIENTED_EDGE('',*,*,#1463,.T.);
#1657=ORIENTED_EDGE('',*,*,#1589,.T.);
#1658=ORIENTED_EDGE('',*,*,#1625,.T.);
#1659=EDGE_LOOP('',(#1655,#1656,#1657,#1658));
#1660=FACE_BOUND('',#1659,.T.);
#1661=ADVANCED_FACE('',(#1660),#1654,.T.);
#1662=CARTESIAN_POINT('',(1958.975,387.35,130.175));
#1663=DIRECTION('',(0.,0.,1.));
#1664=DIRECTION('',(1.,0.,-0.));
#1665=AXIS2_PLACEMENT_3D('',#1662,#1663,#1664);
#1666=PLANE('',#1665);
#1667=CARTESIAN_POINT('',(2343.15,381.,130.175));
#1668=DIRECTION('',(-1.,0.,0.));
#1669=VECTOR('',#1668,768.35);
#1670=LINE('',#1667,#1669);
#1671=EDGE_CURVE('',#1474,#1538,#1670,.T.);
#1672=ORIENTED_EDGE('',*,*,#1671,.F.);
#1673=ORIENTED_EDGE('',*,*,#1526,.F.);
#1674=CARTESIAN_POINT('',(2343.15,387.35,130.175));
#1675=DIRECTION('',(-1.,0.,0.));
#1676=VECTOR('',#1675,768.35);
#1677=LINE('',#1674,#1676);
#1678=EDGE_CURVE('',#1515,#1546,#1677,.T.);
#1679=ORIENTED_EDGE('',*,*,#1678,.T.);
#1680=ORIENTED_EDGE('',*,*,#1551,.T.);
#1681=EDGE_LOOP('',(#1672,#1673,#1679,#1680));
#1682=FACE_BOUND('',#1681,.T.);
#1683=ADVANCED_FACE('',(#1682),#1666,.T.);
#1684=CARTESIAN_POINT('',(1555.75,387.35,120.65));
#1685=DIRECTION('',(0.,-1.,0.));
#1686=DIRECTION('',(1.,0.,0.));
#1687=AXIS2_PLACEMENT_3D('',#1684,#1685,#1686);
#1688=PLANE('',#1687);
#1689=ORIENTED_EDGE('',*,*,#1678,.F.);
#1690=ORIENTED_EDGE('',*,*,#1520,.F.);
#1691=ORIENTED_EDGE('',*,*,#1603,.T.);
#1692=ORIENTED_EDGE('',*,*,#1559,.T.);
#1693=EDGE_LOOP('',(#1689,#1690,#1691,#1692));
#1694=FACE_BOUND('',#1693,.T.);
#1695=ADVANCED_FACE('',(#1694),#1688,.T.);
#1696=CARTESIAN_POINT('',(1555.75,381.,120.65));
#1697=DIRECTION('',(0.,-1.,0.));
#1698=DIRECTION('',(1.,0.,0.));
#1699=AXIS2_PLACEMENT_3D('',#1696,#1697,#1698);
#1700=PLANE('',#1699);
#1701=ORIENTED_EDGE('',*,*,#1671,.T.);
#1702=ORIENTED_EDGE('',*,*,#1543,.F.);
#1703=ORIENTED_EDGE('',*,*,#1449,.F.);
#1704=ORIENTED_EDGE('',*,*,#1479,.T.);
#1705=EDGE_LOOP('',(#1701,#1702,#1703,#1704));
#1706=FACE_BOUND('',#1705,.T.);
#1707=ADVANCED_FACE('',(#1706),#1700,.F.);
#1708=CLOSED_SHELL('',(#1467,#1530,#1593,#1615,#1637,#1649,#1661,#1683,#1695,#1707));
#1709=MANIFOLD_SOLID_BREP('[Panel] Bottom',#1708);
#1427=STYLED_ITEM('',(#267),#1709);
#1711=CARTESIAN_POINT('',(2352.675,384.175,561.975));
#1712=DIRECTION('',(1.,0.,0.));
#1713=DIRECTION('',(0.,0.,-1.));
#1714=AXIS2_PLACEMENT_3D('',#1711,#1712,#1713);
#1715=PLANE('',#1714);
#1716=CARTESIAN_POINT('',(2352.675,387.35,130.175));
#1717=VERTEX_POINT('',#1716);
#1718=CARTESIAN_POINT('',(2352.675,381.,130.175));
#1719=VERTEX_POINT('',#1718);
#1720=CARTESIAN_POINT('',(2352.675,387.35,130.175));
#1721=DIRECTION('',(0.,-1.,0.));
#1722=VECTOR('',#1721,6.35);
#1723=LINE('',#1720,#1722);
#1724=EDGE_CURVE('',#1717,#1719,#1723,.T.);
#1725=ORIENTED_EDGE('',*,*,#1724,.F.);
#1726=CARTESIAN_POINT('',(2352.675,387.35,561.975));
#1727=VERTEX_POINT('',#1726);
#1728=CARTESIAN_POINT('',(2352.675,387.35,561.975));
#1729=DIRECTION('',(0.,0.,-1.));
#1730=VECTOR('',#1729,431.8);
#1731=LINE('',#1728,#1730);
#1732=EDGE_CURVE('',#1727,#1717,#1731,.T.);
#1733=ORIENTED_EDGE('',*,*,#1732,.F.);
#1734=CARTESIAN_POINT('',(2352.675,381.,561.975));
#1735=VERTEX_POINT('',#1734);
#1736=CARTESIAN_POINT('',(2352.675,387.35,561.975));
#1737=DIRECTION('',(0.,-1.,0.));
#1738=VECTOR('',#1737,6.35);
#1739=LINE('',#1736,#1738);
#1740=EDGE_CURVE('',#1727,#1735,#1739,.T.);
#1741=ORIENTED_EDGE('',*,*,#1740,.T.);
#1742=CARTESIAN_POINT('',(2352.675,381.,561.975));
#1743=DIRECTION('',(0.,0.,-1.));
#1744=VECTOR('',#1743,431.8);
#1745=LINE('',#1742,#1744);
#1746=EDGE_CURVE('',#1735,#1719,#1745,.T.);
#1747=ORIENTED_EDGE('',*,*,#1746,.T.);
#1748=EDGE_LOOP('',(#1725,#1733,#1741,#1747));
#1749=FACE_BOUND('',#1748,.T.);
#1750=ADVANCED_FACE('',(#1749),#1715,.T.);
#1751=CARTESIAN_POINT('',(1958.975,387.35,561.975));
#1752=DIRECTION('',(0.,1.,0.));
#1753=DIRECTION('',(0.,0.,1.));
#1754=AXIS2_PLACEMENT_3D('',#1751,#1752,#1753);
#1755=PLANE('',#1754);
#1756=CARTESIAN_POINT('',(1565.275,387.35,130.175));
#1757=VERTEX_POINT('',#1756);
#1758=CARTESIAN_POINT('',(1565.275,387.35,130.175));
#1759=DIRECTION('',(1.,0.,-0.));
#1760=VECTOR('',#1759,787.4);
#1761=LINE('',#1758,#1760);
#1762=EDGE_CURVE('',#1757,#1717,#1761,.T.);
#1763=ORIENTED_EDGE('',*,*,#1762,.F.);
#1764=CARTESIAN_POINT('',(1565.275,387.35,561.975));
#1765=VERTEX_POINT('',#1764);
#1766=CARTESIAN_POINT('',(1565.275,387.35,561.975));
#1767=DIRECTION('',(0.,0.,-1.));
#1768=VECTOR('',#1767,431.8);
#1769=LINE('',#1766,#1768);
#1770=EDGE_CURVE('',#1765,#1757,#1769,.T.);
#1771=ORIENTED_EDGE('',*,*,#1770,.F.);
#1772=CARTESIAN_POINT('',(1565.275,387.35,561.975));
#1773=DIRECTION('',(1.,0.,-0.));
#1774=VECTOR('',#1773,787.4);
#1775=LINE('',#1772,#1774);
#1776=EDGE_CURVE('',#1765,#1727,#1775,.T.);
#1777=ORIENTED_EDGE('',*,*,#1776,.T.);
#1778=ORIENTED_EDGE('',*,*,#1732,.T.);
#1779=EDGE_LOOP('',(#1763,#1771,#1777,#1778));
#1780=FACE_BOUND('',#1779,.T.);
#1781=ADVANCED_FACE('',(#1780),#1755,.T.);
#1782=CARTESIAN_POINT('',(1565.275,384.175,561.975));
#1783=DIRECTION('',(-1.,-0.,0.));
#1784=DIRECTION('',(0.,-1.,0.));
#1785=AXIS2_PLACEMENT_3D('',#1782,#1783,#1784);
#1786=PLANE('',#1785);
#1787=CARTESIAN_POINT('',(1565.275,381.,130.175));
#1788=VERTEX_POINT('',#1787);
#1789=CARTESIAN_POINT('',(1565.275,381.,130.175));
#1790=DIRECTION('',(-0.,1.,0.));
#1791=VECTOR('',#1790,6.35);
#1792=LINE('',#1789,#1791);
#1793=EDGE_CURVE('',#1788,#1757,#1792,.T.);
#1794=ORIENTED_EDGE('',*,*,#1793,.F.);
#1795=CARTESIAN_POINT('',(1565.275,381.,561.975));
#1796=VERTEX_POINT('',#1795);
#1797=CARTESIAN_POINT('',(1565.275,381.,561.975));
#1798=DIRECTION('',(0.,0.,-1.));
#1799=VECTOR('',#1798,431.8);
#1800=LINE('',#1797,#1799);
#1801=EDGE_CURVE('',#1796,#1788,#1800,.T.);
#1802=ORIENTED_EDGE('',*,*,#1801,.F.);
#1803=CARTESIAN_POINT('',(1565.275,381.,561.975));
#1804=DIRECTION('',(-0.,1.,0.));
#1805=VECTOR('',#1804,6.35);
#1806=LINE('',#1803,#1805);
#1807=EDGE_CURVE('',#1796,#1765,#1806,.T.);
#1808=ORIENTED_EDGE('',*,*,#1807,.T.);
#1809=ORIENTED_EDGE('',*,*,#1770,.T.);
#1810=EDGE_LOOP('',(#1794,#1802,#1808,#1809));
#1811=FACE_BOUND('',#1810,.T.);
#1812=ADVANCED_FACE('',(#1811),#1786,.T.);
#1813=CARTESIAN_POINT('',(1958.975,381.,561.975));
#1814=DIRECTION('',(0.,-1.,0.));
#1815=DIRECTION('',(1.,0.,0.));
#1816=AXIS2_PLACEMENT_3D('',#1813,#1814,#1815);
#1817=PLANE('',#1816);
#1818=CARTESIAN_POINT('',(2352.675,381.,130.175));
#1819=DIRECTION('',(-1.,-0.,0.));
#1820=VECTOR('',#1819,787.4);
#1821=LINE('',#1818,#1820);
#1822=EDGE_CURVE('',#1719,#1788,#1821,.T.);
#1823=ORIENTED_EDGE('',*,*,#1822,.F.);
#1824=ORIENTED_EDGE('',*,*,#1746,.F.);
#1825=CARTESIAN_POINT('',(2352.675,381.,561.975));
#1826=DIRECTION('',(-1.,-0.,0.));
#1827=VECTOR('',#1826,787.4);
#1828=LINE('',#1825,#1827);
#1829=EDGE_CURVE('',#1735,#1796,#1828,.T.);
#1830=ORIENTED_EDGE('',*,*,#1829,.T.);
#1831=ORIENTED_EDGE('',*,*,#1801,.T.);
#1832=EDGE_LOOP('',(#1823,#1824,#1830,#1831));
#1833=FACE_BOUND('',#1832,.T.);
#1834=ADVANCED_FACE('',(#1833),#1817,.T.);
#1835=CARTESIAN_POINT('',(1555.75,0.,561.975));
#1836=DIRECTION('',(0.,0.,1.));
#1837=DIRECTION('',(1.,0.,0.));
#1838=AXIS2_PLACEMENT_3D('',#1835,#1836,#1837);
#1839=PLANE('',#1838);
#1840=ORIENTED_EDGE('',*,*,#1740,.F.);
#1841=ORIENTED_EDGE('',*,*,#1776,.F.);
#1842=ORIENTED_EDGE('',*,*,#1807,.F.);
#1843=ORIENTED_EDGE('',*,*,#1829,.F.);
#1844=EDGE_LOOP('',(#1840,#1841,#1842,#1843));
#1845=FACE_BOUND('',#1844,.T.);
#1846=ADVANCED_FACE('',(#1845),#1839,.T.);
#1847=CARTESIAN_POINT('',(1555.75,0.,130.175));
#1848=DIRECTION('',(0.,0.,1.));
#1849=DIRECTION('',(1.,0.,0.));
#1850=AXIS2_PLACEMENT_3D('',#1847,#1848,#1849);
#1851=PLANE('',#1850);
#1852=ORIENTED_EDGE('',*,*,#1724,.T.);
#1853=ORIENTED_EDGE('',*,*,#1822,.T.);
#1854=ORIENTED_EDGE('',*,*,#1793,.T.);
#1855=ORIENTED_EDGE('',*,*,#1762,.T.);
#1856=EDGE_LOOP('',(#1852,#1853,#1854,#1855));
#1857=FACE_BOUND('',#1856,.T.);
#1858=ADVANCED_FACE('',(#1857),#1851,.F.);
#1859=CLOSED_SHELL('',(#1750,#1781,#1812,#1834,#1846,#1858));
#1860=MANIFOLD_SOLID_BREP('[Backer]',#1859);
#1710=STYLED_ITEM('',(#267),#1860);
#91=SHAPE_REPRESENTATION('Left',(#15),#89);
#92=ADVANCED_BREP_SHAPE_REPRESENTATION('Left',(#260,#418,#569,#852,#1135,#1426,#1709,#1860),#89);
#1868=SHAPE_REPRESENTATION_RELATIONSHIP('','',#91,#92);
#1869=CARTESIAN_POINT('',(0.,0.,0.));
#1870=DIRECTION('',(0.,0.,1.));
#1871=DIRECTION('',(1.,0.,0.));
#1872=AXIS2_PLACEMENT_3D('',#1869,#1870,#1871);
#1874=MAPPED_ITEM('',#1873,#1872);
#1873=REPRESENTATION_MAP(#1872,#91);
#1875=APPLICATION_CONTEXT('Managed model based 3d engineering');
#1876=APPLICATION_PROTOCOL_DEFINITION('international standard','ap242_managed_model_based_3d_engineering',2014,#1875);
#1877=PRODUCT_CONTEXT('',#1875,'mechanical');
#1878=PRODUCT_DEFINITION_CONTEXT('part definition',#1875,'design');
#99=PRODUCT('Left','Left','',(#1877));
#1879=PRODUCT_RELATED_PRODUCT_CATEGORY('part','',(#99));
#1880=PRODUCT_DEFINITION_FORMATION_WITH_SPECIFIED_SOURCE('','',#99,.NOT_KNOWN.);
#100=PRODUCT_DEFINITION('design','',#1880,#1878);
#98=PRODUCT_DEFINITION_SHAPE('','',#100);
#1881=SHAPE_DEFINITION_REPRESENTATION(#98,#91);
#90=DRAUGHTING_MODEL('',(#1874),#89);
#1882=(NAMED_UNIT(*)PLANE_ANGLE_UNIT()SI_UNIT($,.RADIAN.));
#1883=PLANE_ANGLE_MEASURE_WITH_UNIT(PLANE_ANGLE_MEASURE(0.0174532925),#1882);
#1884=(CONVERSION_BASED_UNIT('DEGREE',#1883)NAMED_UNIT(#1885)PLANE_ANGLE_UNIT());
#1885=DIMENSIONAL_EXPONENTS(0.,0.,0.,0.,0.,0.,0.);
#1886=(NAMED_UNIT(*)SI_UNIT($,.STERADIAN.)SOLID_ANGLE_UNIT());
#1887=(LENGTH_UNIT()NAMED_UNIT(*)SI_UNIT(.MILLI.,.METRE.));
#1888=UNCERTAINTY_MEASURE_WITH_UNIT(LENGTH_MEASURE(1.000000E-05),#1887,'DISTANCE_ACCURACY_VALUE','Maximum Tolerance applied to model');
#1889=(GEOMETRIC_REPRESENTATION_CONTEXT(3)GLOBAL_UNCERTAINTY_ASSIGNED_CONTEXT((#1888))GLOBAL_UNIT_ASSIGNED_CONTEXT((#1887,#1884,#1886))REPRESENTATION_CONTEXT('','Middle'));
#1901=CARTESIAN_POINT('',(0.,0.,0.));
#1902=DIRECTION('',(0.,0.,1.));
#1903=DIRECTION('',(1.,0.,-0.));
#1904=AXIS2_PLACEMENT_3D('',#1901,#1902,#1903);
#1905=ITEM_DEFINED_TRANSFORMATION('','',#1904,#15);
#1906=(REPRESENTATION_RELATIONSHIP('','',#1891,#63)REPRESENTATION_RELATIONSHIP_WITH_TRANSFORMATION(#1905)SHAPE_REPRESENTATION_RELATIONSHIP());
#1907=NEXT_ASSEMBLY_USAGE_OCCURRENCE('Middle_4','Middle','Middle',#72,#1900,$);
#1908=PRODUCT_DEFINITION_SHAPE('','',#1907);
#1909=CONTEXT_DEPENDENT_SHAPE_REPRESENTATION(#1906,#1908);
#1911=CARTESIAN_POINT('',(2773.3625,406.4,241.3));
#1912=DIRECTION('',(0.,0.,-1.));
#1913=DIRECTION('',(-1.,0.,-0.));
#1914=AXIS2_PLACEMENT_3D('',#1911,#1912,#1913);
#1915=PLANE('',#1914);
#1916=CARTESIAN_POINT('',(2389.1875,387.35,241.3));
#1917=VERTEX_POINT('',#1916);
#1918=CARTESIAN_POINT('',(3157.5375,387.35,241.3));
#1919=VERTEX_POINT('',#1918);
#1920=CARTESIAN_POINT('',(2389.1875,387.35,241.3));
#1921=DIRECTION('',(1.,0.,0.));
#1922=VECTOR('',#1921,768.35);
#1923=LINE('',#1920,#1922);
#1924=EDGE_CURVE('',#1917,#1919,#1923,.T.);
#1925=ORIENTED_EDGE('',*,*,#1924,.T.);
#1926=CARTESIAN_POINT('',(3157.5375,406.4,241.3));
#1927=VERTEX_POINT('',#1926);
#1928=CARTESIAN_POINT('',(3157.5375,406.4,241.3));
#1929=DIRECTION('',(0.,-1.,0.));
#1930=VECTOR('',#1929,19.05);
#1931=LINE('',#1928,#1930);
#1932=EDGE_CURVE('',#1927,#1919,#1931,.T.);
#1933=ORIENTED_EDGE('',*,*,#1932,.F.);
#1934=CARTESIAN_POINT('',(2389.1875,406.4,241.3));
#1935=VERTEX_POINT('',#1934);
#1936=CARTESIAN_POINT('',(2389.1875,406.4,241.3));
#1937=DIRECTION('',(1.,0.,0.));
#1938=VECTOR('',#1937,768.35);
#1939=LINE('',#1936,#1938);
#1940=EDGE_CURVE('',#1935,#1927,#1939,.T.);
#1941=ORIENTED_EDGE('',*,*,#1940,.F.);
#1942=CARTESIAN_POINT('',(2389.1875,406.4,241.3));
#1943=DIRECTION('',(0.,-1.,0.));
#1944=VECTOR('',#1943,19.05);
#1945=LINE('',#1942,#1944);
#1946=EDGE_CURVE('',#1935,#1917,#1945,.T.);
#1947=ORIENTED_EDGE('',*,*,#1946,.T.);
#1948=EDGE_LOOP('',(#1925,#1933,#1941,#1947));
#1949=FACE_BOUND('',#1948,.T.);
#1950=ADVANCED_FACE('',(#1949),#1915,.F.);
#1951=CARTESIAN_POINT('',(2389.1875,406.4,190.5));
#1952=DIRECTION('',(1.,0.,-0.));
#1953=DIRECTION('',(-0.,0.,-1.));
#1954=AXIS2_PLACEMENT_3D('',#1951,#1952,#1953);
#1955=PLANE('',#1954);
#1956=CARTESIAN_POINT('',(2389.1875,387.35,139.7));
#1957=VERTEX_POINT('',#1956);
#1958=CARTESIAN_POINT('',(2389.1875,387.35,139.7));
#1959=DIRECTION('',(0.,0.,1.));
#1960=VECTOR('',#1959,101.6);
#1961=LINE('',#1958,#1960);
#1962=EDGE_CURVE('',#1957,#1917,#1961,.T.);
#1963=ORIENTED_EDGE('',*,*,#1962,.T.);
#1964=ORIENTED_EDGE('',*,*,#1946,.F.);
#1965=CARTESIAN_POINT('',(2389.1875,406.4,139.7));
#1966=VERTEX_POINT('',#1965);
#1967=CARTESIAN_POINT('',(2389.1875,406.4,139.7));
#1968=DIRECTION('',(0.,0.,1.));
#1969=VECTOR('',#1968,101.6);
#1970=LINE('',#1967,#1969);
#1971=EDGE_CURVE('',#1966,#1935,#1970,.T.);
#1972=ORIENTED_EDGE('',*,*,#1971,.F.);
#1973=CARTESIAN_POINT('',(2389.1875,406.4,139.7));
#1974=DIRECTION('',(0.,-1.,0.));
#1975=VECTOR('',#1974,19.05);
#1976=LINE('',#1973,#1975);
#1977=EDGE_CURVE('',#1966,#1957,#1976,.T.);
#1978=ORIENTED_EDGE('',*,*,#1977,.T.);
#1979=EDGE_LOOP('',(#1963,#1964,#1972,#1978));
#1980=FACE_BOUND('',#1979,.T.);
#1981=ADVANCED_FACE('',(#1980),#1955,.F.);
#1982=CARTESIAN_POINT('',(2773.3625,406.4,139.7));
#1983=DIRECTION('',(-0.,0.,1.));
#1984=DIRECTION('',(1.,0.,0.));
#1985=AXIS2_PLACEMENT_3D('',#1982,#1983,#1984);
#1986=PLANE('',#1985);
#1987=CARTESIAN_POINT('',(3157.5375,387.35,139.7));
#1988=VERTEX_POINT('',#1987);
#1989=CARTESIAN_POINT('',(3157.5375,387.35,139.7));
#1990=DIRECTION('',(-1.,0.,-0.));
#1991=VECTOR('',#1990,768.35);
#1992=LINE('',#1989,#1991);
#1993=EDGE_CURVE('',#1988,#1957,#1992,.T.);
#1994=ORIENTED_EDGE('',*,*,#1993,.T.);
#1995=ORIENTED_EDGE('',*,*,#1977,.F.);
#1996=CARTESIAN_POINT('',(3157.5375,406.4,139.7));
#1997=VERTEX_POINT('',#1996);
#1998=CARTESIAN_POINT('',(3157.5375,406.4,139.7));
#1999=DIRECTION('',(-1.,0.,-0.));
#2000=VECTOR('',#1999,768.35);
#2001=LINE('',#1998,#2000);
#2002=EDGE_CURVE('',#1997,#1966,#2001,.T.);
#2003=ORIENTED_EDGE('',*,*,#2002,.F.);
#2004=CARTESIAN_POINT('',(3157.5375,406.4,139.7));
#2005=DIRECTION('',(0.,-1.,0.));
#2006=VECTOR('',#2005,19.05);
#2007=LINE('',#2004,#2006);
#2008=EDGE_CURVE('',#1997,#1988,#2007,.T.);
#2009=ORIENTED_EDGE('',*,*,#2008,.T.);
#2010=EDGE_LOOP('',(#1994,#1995,#2003,#2009));
#2011=FACE_BOUND('',#2010,.T.);
#2012=ADVANCED_FACE('',(#2011),#1986,.F.);
#2013=CARTESIAN_POINT('',(3157.5375,406.4,190.5));
#2014=DIRECTION('',(-1.,0.,0.));
#2015=DIRECTION('',(0.,0.,1.));
#2016=AXIS2_PLACEMENT_3D('',#2013,#2014,#2015);
#2017=PLANE('',#2016);
#2018=CARTESIAN_POINT('',(3157.5375,387.35,241.3));
#2019=DIRECTION('',(0.,0.,-1.));
#2020=VECTOR('',#2019,101.6);
#2021=LINE('',#2018,#2020);
#2022=EDGE_CURVE('',#1919,#1988,#2021,.T.);
#2023=ORIENTED_EDGE('',*,*,#2022,.T.);
#2024=ORIENTED_EDGE('',*,*,#2008,.F.);
#2025=CARTESIAN_POINT('',(3157.5375,406.4,241.3));
#2026=DIRECTION('',(0.,0.,-1.));
#2027=VECTOR('',#2026,101.6);
#2028=LINE('',#2025,#2027);
#2029=EDGE_CURVE('',#1927,#1997,#2028,.T.);
#2030=ORIENTED_EDGE('',*,*,#2029,.F.);
#2031=ORIENTED_EDGE('',*,*,#1932,.T.);
#2032=EDGE_LOOP('',(#2023,#2024,#2030,#2031));
#2033=FACE_BOUND('',#2032,.T.);
#2034=ADVANCED_FACE('',(#2033),#2017,.F.);
#2035=CARTESIAN_POINT('',(2370.1375,406.4,120.65));
#2036=DIRECTION('',(0.,-1.,0.));
#2037=DIRECTION('',(1.,0.,0.));
#2038=AXIS2_PLACEMENT_3D('',#2035,#2036,#2037);
#2039=PLANE('',#2038);
#2040=ORIENTED_EDGE('',*,*,#1940,.T.);
#2041=ORIENTED_EDGE('',*,*,#2029,.T.);
#2042=ORIENTED_EDGE('',*,*,#2002,.T.);
#2043=ORIENTED_EDGE('',*,*,#1971,.T.);
#2044=EDGE_LOOP('',(#2040,#2041,#2042,#2043));
#2045=FACE_BOUND('',#2044,.T.);
#2046=ADVANCED_FACE('',(#2045),#2039,.F.);
#2047=CARTESIAN_POINT('',(2370.1375,387.35,120.65));
#2048=DIRECTION('',(0.,-1.,0.));
#2049=DIRECTION('',(1.,0.,0.));
#2050=AXIS2_PLACEMENT_3D('',#2047,#2048,#2049);
#2051=PLANE('',#2050);
#2052=ORIENTED_EDGE('',*,*,#1924,.F.);
#2053=ORIENTED_EDGE('',*,*,#1962,.F.);
#2054=ORIENTED_EDGE('',*,*,#1993,.F.);
#2055=ORIENTED_EDGE('',*,*,#2022,.F.);
#2056=EDGE_LOOP('',(#2052,#2053,#2054,#2055));
#2057=FACE_BOUND('',#2056,.T.);
#2058=ADVANCED_FACE('',(#2057),#2051,.T.);
#2059=CLOSED_SHELL('',(#1950,#1981,#2012,#2034,#2046,#2058));
#2060=MANIFOLD_SOLID_BREP('[Nailer] Bottom',#2059);
#1910=STYLED_ITEM('',(#267),#2060);
#2062=CARTESIAN_POINT('',(2389.1875,406.4,501.65));
#2063=DIRECTION('',(1.,0.,-0.));
#2064=DIRECTION('',(-0.,0.,-1.));
#2065=AXIS2_PLACEMENT_3D('',#2062,#2063,#2064);
#2066=PLANE('',#2065);
#2067=CARTESIAN_POINT('',(2389.1875,387.35,450.85));
#2068=VERTEX_POINT('',#2067);
#2069=CARTESIAN_POINT('',(2389.1875,387.35,552.45));
#2070=VERTEX_POINT('',#2069);
#2071=CARTESIAN_POINT('',(2389.1875,387.35,450.85));
#2072=DIRECTION('',(0.,0.,1.));
#2073=VECTOR('',#2072,101.6);
#2074=LINE('',#2071,#2073);
#2075=EDGE_CURVE('',#2068,#2070,#2074,.T.);
#2076=ORIENTED_EDGE('',*,*,#2075,.T.);
#2077=CARTESIAN_POINT('',(2389.1875,406.4,552.45));
#2078=VERTEX_POINT('',#2077);
#2079=CARTESIAN_POINT('',(2389.1875,406.4,552.45));
#2080=DIRECTION('',(0.,-1.,0.));
#2081=VECTOR('',#2080,19.05);
#2082=LINE('',#2079,#2081);
#2083=EDGE_CURVE('',#2078,#2070,#2082,.T.);
#2084=ORIENTED_EDGE('',*,*,#2083,.F.);
#2085=CARTESIAN_POINT('',(2389.1875,406.4,450.85));
#2086=VERTEX_POINT('',#2085);
#2087=CARTESIAN_POINT('',(2389.1875,406.4,450.85));
#2088=DIRECTION('',(0.,0.,1.));
#2089=VECTOR('',#2088,101.6);
#2090=LINE('',#2087,#2089);
#2091=EDGE_CURVE('',#2086,#2078,#2090,.T.);
#2092=ORIENTED_EDGE('',*,*,#2091,.F.);
#2093=CARTESIAN_POINT('',(2389.1875,406.4,450.85));
#2094=DIRECTION('',(0.,-1.,0.));
#2095=VECTOR('',#2094,19.05);
#2096=LINE('',#2093,#2095);
#2097=EDGE_CURVE('',#2086,#2068,#2096,.T.);
#2098=ORIENTED_EDGE('',*,*,#2097,.T.);
#2099=EDGE_LOOP('',(#2076,#2084,#2092,#2098));
#2100=FACE_BOUND('',#2099,.T.);
#2101=ADVANCED_FACE('',(#2100),#2066,.F.);
#2102=CARTESIAN_POINT('',(2773.3625,406.4,450.85));
#2103=DIRECTION('',(0.,0.,-1.));
#2104=DIRECTION('',(-1.,0.,-0.));
#2105=AXIS2_PLACEMENT_3D('',#2102,#2103,#2104);
#2106=PLANE('',#2105);
#2107=CARTESIAN_POINT('',(3157.5375,387.35,450.85));
#2108=VERTEX_POINT('',#2107);
#2109=CARTESIAN_POINT('',(2389.1875,387.35,450.85));
#2110=DIRECTION('',(1.,0.,0.));
#2111=VECTOR('',#2110,768.35);
#2112=LINE('',#2109,#2111);
#2113=EDGE_CURVE('',#2068,#2108,#2112,.T.);
#2114=ORIENTED_EDGE('',*,*,#2113,.F.);
#2115=ORIENTED_EDGE('',*,*,#2097,.F.);
#2116=CARTESIAN_POINT('',(3157.5375,406.4,450.85));
#2117=VERTEX_POINT('',#2116);
#2118=CARTESIAN_POINT('',(2389.1875,406.4,450.85));
#2119=DIRECTION('',(1.,0.,0.));
#2120=VECTOR('',#2119,768.35);
#2121=LINE('',#2118,#2120);
#2122=EDGE_CURVE('',#2086,#2117,#2121,.T.);
#2123=ORIENTED_EDGE('',*,*,#2122,.T.);
#2124=CARTESIAN_POINT('',(3157.5375,406.4,450.85));
#2125=DIRECTION('',(0.,-1.,0.));
#2126=VECTOR('',#2125,19.05);
#2127=LINE('',#2124,#2126);
#2128=EDGE_CURVE('',#2117,#2108,#2127,.T.);
#2129=ORIENTED_EDGE('',*,*,#2128,.T.);
#2130=EDGE_LOOP('',(#2114,#2115,#2123,#2129));
#2131=FACE_BOUND('',#2130,.T.);
#2132=ADVANCED_FACE('',(#2131),#2106,.T.);
#2133=CARTESIAN_POINT('',(3157.5375,406.4,501.65));
#2134=DIRECTION('',(-1.,0.,0.));
#2135=DIRECTION('',(0.,0.,1.));
#2136=AXIS2_PLACEMENT_3D('',#2133,#2134,#2135);
#2137=PLANE('',#2136);
#2138=CARTESIAN_POINT('',(3157.5375,387.35,552.45));
#2139=VERTEX_POINT('',#2138);
#2140=CARTESIAN_POINT('',(3157.5375,387.35,552.45));
#2141=DIRECTION('',(0.,0.,-1.));
#2142=VECTOR('',#2141,101.6);
#2143=LINE('',#2140,#2142);
#2144=EDGE_CURVE('',#2139,#2108,#2143,.T.);
#2145=ORIENTED_EDGE('',*,*,#2144,.T.);
#2146=ORIENTED_EDGE('',*,*,#2128,.F.);
#2147=CARTESIAN_POINT('',(3157.5375,406.4,552.45));
#2148=VERTEX_POINT('',#2147);
#2149=CARTESIAN_POINT('',(3157.5375,406.4,552.45));
#2150=DIRECTION('',(0.,0.,-1.));
#2151=VECTOR('',#2150,101.6);
#2152=LINE('',#2149,#2151);
#2153=EDGE_CURVE('',#2148,#2117,#2152,.T.);
#2154=ORIENTED_EDGE('',*,*,#2153,.F.);
#2155=CARTESIAN_POINT('',(3157.5375,406.4,552.45));
#2156=DIRECTION('',(0.,-1.,0.));
#2157=VECTOR('',#2156,19.05);
#2158=LINE('',#2155,#2157);
#2159=EDGE_CURVE('',#2148,#2139,#2158,.T.);
#2160=ORIENTED_EDGE('',*,*,#2159,.T.);
#2161=EDGE_LOOP('',(#2145,#2146,#2154,#2160));
#2162=FACE_BOUND('',#2161,.T.);
#2163=ADVANCED_FACE('',(#2162),#2137,.F.);
#2164=CARTESIAN_POINT('',(2773.3625,406.4,552.45));
#2165=DIRECTION('',(0.,0.,-1.));
#2166=DIRECTION('',(-1.,0.,0.));
#2167=AXIS2_PLACEMENT_3D('',#2164,#2165,#2166);
#2168=PLANE('',#2167);
#2169=CARTESIAN_POINT('',(2389.1875,387.35,552.45));
#2170=DIRECTION('',(1.,0.,-0.));
#2171=VECTOR('',#2170,768.35);
#2172=LINE('',#2169,#2171);
#2173=EDGE_CURVE('',#2070,#2139,#2172,.T.);
#2174=ORIENTED_EDGE('',*,*,#2173,.T.);
#2175=ORIENTED_EDGE('',*,*,#2159,.F.);
#2176=CARTESIAN_POINT('',(2389.1875,406.4,552.45));
#2177=DIRECTION('',(1.,0.,-0.));
#2178=VECTOR('',#2177,768.35);
#2179=LINE('',#2176,#2178);
#2180=EDGE_CURVE('',#2078,#2148,#2179,.T.);
#2181=ORIENTED_EDGE('',*,*,#2180,.F.);
#2182=ORIENTED_EDGE('',*,*,#2083,.T.);
#2183=EDGE_LOOP('',(#2174,#2175,#2181,#2182));
#2184=FACE_BOUND('',#2183,.T.);
#2185=ADVANCED_FACE('',(#2184),#2168,.F.);
#2186=CARTESIAN_POINT('',(2370.1375,406.4,120.65));
#2187=DIRECTION('',(0.,-1.,0.));
#2188=DIRECTION('',(1.,0.,0.));
#2189=AXIS2_PLACEMENT_3D('',#2186,#2187,#2188);
#2190=PLANE('',#2189);
#2191=ORIENTED_EDGE('',*,*,#2091,.T.);
#2192=ORIENTED_EDGE('',*,*,#2180,.T.);
#2193=ORIENTED_EDGE('',*,*,#2153,.T.);
#2194=ORIENTED_EDGE('',*,*,#2122,.F.);
#2195=EDGE_LOOP('',(#2191,#2192,#2193,#2194));
#2196=FACE_BOUND('',#2195,.T.);
#2197=ADVANCED_FACE('',(#2196),#2190,.F.);
#2198=CARTESIAN_POINT('',(2370.1375,387.35,120.65));
#2199=DIRECTION('',(0.,-1.,0.));
#2200=DIRECTION('',(1.,0.,0.));
#2201=AXIS2_PLACEMENT_3D('',#2198,#2199,#2200);
#2202=PLANE('',#2201);
#2203=ORIENTED_EDGE('',*,*,#2075,.F.);
#2204=ORIENTED_EDGE('',*,*,#2113,.T.);
#2205=ORIENTED_EDGE('',*,*,#2144,.F.);
#2206=ORIENTED_EDGE('',*,*,#2173,.F.);
#2207=EDGE_LOOP('',(#2203,#2204,#2205,#2206));
#2208=FACE_BOUND('',#2207,.T.);
#2209=ADVANCED_FACE('',(#2208),#2202,.T.);
#2210=CLOSED_SHELL('',(#2101,#2132,#2163,#2185,#2197,#2209));
#2211=MANIFOLD_SOLID_BREP('[Nailer] Top',#2210);
#2061=STYLED_ITEM('',(#267),#2211);
#2213=CARTESIAN_POINT('',(3157.5375,101.6,557.2125));
#2214=DIRECTION('',(1.,0.,0.));
#2215=DIRECTION('',(0.,0.,-1.));
#2216=AXIS2_PLACEMENT_3D('',#2213,#2214,#2215);
#2217=PLANE('',#2216);
#2218=CARTESIAN_POINT('',(3157.5375,0.,552.45));
#2219=VERTEX_POINT('',#2218);
#2220=CARTESIAN_POINT('',(3157.5375,0.,571.5));
#2221=VERTEX_POINT('',#2220);
#2222=CARTESIAN_POINT('',(3157.5375,0.,552.45));
#2223=DIRECTION('',(0.,0.,1.));
#2224=VECTOR('',#2223,19.05);
#2225=LINE('',#2222,#2224);
#2226=EDGE_CURVE('',#2219,#2221,#2225,.T.);
#2227=ORIENTED_EDGE('',*,*,#2226,.F.);
#2228=CARTESIAN_POINT('',(3157.5375,101.6,552.45));
#2229=VERTEX_POINT('',#2228);
#2230=CARTESIAN_POINT('',(3157.5375,101.6,552.45));
#2231=DIRECTION('',(0.,-1.,0.));
#2232=VECTOR('',#2231,101.6);
#2233=LINE('',#2230,#2232);
#2234=EDGE_CURVE('',#2229,#2219,#2233,.T.);
#2235=ORIENTED_EDGE('',*,*,#2234,.F.);
#2236=CARTESIAN_POINT('',(3157.5375,101.6,571.5));
#2237=VERTEX_POINT('',#2236);
#2238=CARTESIAN_POINT('',(3157.5375,101.6,552.45));
#2239=DIRECTION('',(0.,0.,1.));
#2240=VECTOR('',#2239,19.05);
#2241=LINE('',#2238,#2240);
#2242=EDGE_CURVE('',#2229,#2237,#2241,.T.);
#2243=ORIENTED_EDGE('',*,*,#2242,.T.);
#2244=CARTESIAN_POINT('',(3157.5375,101.6,571.5));
#2245=DIRECTION('',(0.,-1.,0.));
#2246=VECTOR('',#2245,101.6);
#2247=LINE('',#2244,#2246);
#2248=EDGE_CURVE('',#2237,#2221,#2247,.T.);
#2249=ORIENTED_EDGE('',*,*,#2248,.T.);
#2250=EDGE_LOOP('',(#2227,#2235,#2243,#2249));
#2251=FACE_BOUND('',#2250,.T.);
#2252=ADVANCED_FACE('',(#2251),#2217,.T.);
#2253=CARTESIAN_POINT('',(2773.3625,101.6,571.5));
#2254=DIRECTION('',(0.,0.,-1.));
#2255=DIRECTION('',(-1.,0.,0.));
#2256=AXIS2_PLACEMENT_3D('',#2253,#2254,#2255);
#2257=PLANE('',#2256);
#2258=CARTESIAN_POINT('',(2389.1875,0.,571.5));
#2259=VERTEX_POINT('',#2258);
#2260=CARTESIAN_POINT('',(2389.1875,0.,571.5));
#2261=DIRECTION('',(1.,0.,-0.));
#2262=VECTOR('',#2261,768.35);
#2263=LINE('',#2260,#2262);
#2264=EDGE_CURVE('',#2259,#2221,#2263,.T.);
#2265=ORIENTED_EDGE('',*,*,#2264,.T.);
#2266=ORIENTED_EDGE('',*,*,#2248,.F.);
#2267=CARTESIAN_POINT('',(2389.1875,101.6,571.5));
#2268=VERTEX_POINT('',#2267);
#2269=CARTESIAN_POINT('',(2389.1875,101.6,571.5));
#2270=DIRECTION('',(1.,0.,-0.));
#2271=VECTOR('',#2270,768.35);
#2272=LINE('',#2269,#2271);
#2273=EDGE_CURVE('',#2268,#2237,#2272,.T.);
#2274=ORIENTED_EDGE('',*,*,#2273,.F.);
#2275=CARTESIAN_POINT('',(2389.1875,101.6,571.5));
#2276=DIRECTION('',(0.,-1.,0.));
#2277=VECTOR('',#2276,101.6);
#2278=LINE('',#2275,#2277);
#2279=EDGE_CURVE('',#2268,#2259,#2278,.T.);
#2280=ORIENTED_EDGE('',*,*,#2279,.T.);
#2281=EDGE_LOOP('',(#2265,#2266,#2274,#2280));
#2282=FACE_BOUND('',#2281,.T.);
#2283=ADVANCED_FACE('',(#2282),#2257,.F.);
#2284=CARTESIAN_POINT('',(2389.1875,101.6,557.2125));
#2285=DIRECTION('',(1.,0.,0.));
#2286=DIRECTION('',(0.,0.,-1.));
#2287=AXIS2_PLACEMENT_3D('',#2284,#2285,#2286);
#2288=PLANE('',#2287);
#2289=CARTESIAN_POINT('',(2389.1875,0.,552.45));
#2290=VERTEX_POINT('',#2289);
#2291=CARTESIAN_POINT('',(2389.1875,0.,552.45));
#2292=DIRECTION('',(-0.,0.,1.));
#2293=VECTOR('',#2292,19.05);
#2294=LINE('',#2291,#2293);
#2295=EDGE_CURVE('',#2290,#2259,#2294,.T.);
#2296=ORIENTED_EDGE('',*,*,#2295,.T.);
#2297=ORIENTED_EDGE('',*,*,#2279,.F.);
#2298=CARTESIAN_POINT('',(2389.1875,101.6,552.45));
#2299=VERTEX_POINT('',#2298);
#2300=CARTESIAN_POINT('',(2389.1875,101.6,552.45));
#2301=DIRECTION('',(-0.,0.,1.));
#2302=VECTOR('',#2301,19.05);
#2303=LINE('',#2300,#2302);
#2304=EDGE_CURVE('',#2299,#2268,#2303,.T.);
#2305=ORIENTED_EDGE('',*,*,#2304,.F.);
#2306=CARTESIAN_POINT('',(2389.1875,101.6,552.45));
#2307=DIRECTION('',(0.,-1.,0.));
#2308=VECTOR('',#2307,101.6);
#2309=LINE('',#2306,#2308);
#2310=EDGE_CURVE('',#2299,#2290,#2309,.T.);
#2311=ORIENTED_EDGE('',*,*,#2310,.T.);
#2312=EDGE_LOOP('',(#2296,#2297,#2305,#2311));
#2313=FACE_BOUND('',#2312,.T.);
#2314=ADVANCED_FACE('',(#2313),#2288,.F.);
#2315=CARTESIAN_POINT('',(2773.3625,101.6,552.45));
#2316=DIRECTION('',(0.,0.,-1.));
#2317=DIRECTION('',(-1.,0.,0.));
#2318=AXIS2_PLACEMENT_3D('',#2315,#2316,#2317);
#2319=PLANE('',#2318);
#2320=CARTESIAN_POINT('',(2389.1875,0.,552.45));
#2321=DIRECTION('',(1.,0.,-0.));
#2322=VECTOR('',#2321,768.35);
#2323=LINE('',#2320,#2322);
#2324=EDGE_CURVE('',#2290,#2219,#2323,.T.);
#2325=ORIENTED_EDGE('',*,*,#2324,.F.);
#2326=ORIENTED_EDGE('',*,*,#2310,.F.);
#2327=CARTESIAN_POINT('',(2389.1875,101.6,552.45));
#2328=DIRECTION('',(1.,0.,-0.));
#2329=VECTOR('',#2328,768.35);
#2330=LINE('',#2327,#2329);
#2331=EDGE_CURVE('',#2299,#2229,#2330,.T.);
#2332=ORIENTED_EDGE('',*,*,#2331,.T.);
#2333=ORIENTED_EDGE('',*,*,#2234,.T.);
#2334=EDGE_LOOP('',(#2325,#2326,#2332,#2333));
#2335=FACE_BOUND('',#2334,.T.);
#2336=ADVANCED_FACE('',(#2335),#2319,.T.);
#2337=CARTESIAN_POINT('',(2370.1375,101.6,120.65));
#2338=DIRECTION('',(0.,-1.,0.));
#2339=DIRECTION('',(1.,0.,0.));
#2340=AXIS2_PLACEMENT_3D('',#2337,#2338,#2339);
#2341=PLANE('',#2340);
#2342=ORIENTED_EDGE('',*,*,#2242,.F.);
#2343=ORIENTED_EDGE('',*,*,#2331,.F.);
#2344=ORIENTED_EDGE('',*,*,#2304,.T.);
#2345=ORIENTED_EDGE('',*,*,#2273,.T.);
#2346=EDGE_LOOP('',(#2342,#2343,#2344,#2345));
#2347=FACE_BOUND('',#2346,.T.);
#2348=ADVANCED_FACE('',(#2347),#2341,.F.);
#2349=CARTESIAN_POINT('',(2370.1375,0.,120.65));
#2350=DIRECTION('',(0.,-1.,0.));
#2351=DIRECTION('',(1.,0.,0.));
#2352=AXIS2_PLACEMENT_3D('',#2349,#2350,#2351);
#2353=PLANE('',#2352);
#2354=ORIENTED_EDGE('',*,*,#2226,.T.);
#2355=ORIENTED_EDGE('',*,*,#2264,.F.);
#2356=ORIENTED_EDGE('',*,*,#2295,.F.);
#2357=ORIENTED_EDGE('',*,*,#2324,.T.);
#2358=EDGE_LOOP('',(#2354,#2355,#2356,#2357));
#2359=FACE_BOUND('',#2358,.T.);
#2360=ADVANCED_FACE('',(#2359),#2353,.T.);
#2361=CLOSED_SHELL('',(#2252,#2283,#2314,#2336,#2348,#2360));
#2362=MANIFOLD_SOLID_BREP('[Stretcher] Front',#2361);
#2212=STYLED_ITEM('',(#267),#2362);
#2364=CARTESIAN_POINT('',(2773.3625,304.8,552.45));
#2365=DIRECTION('',(0.,0.,1.));
#2366=DIRECTION('',(1.,0.,0.));
#2367=AXIS2_PLACEMENT_3D('',#2364,#2365,#2366);
#2368=PLANE('',#2367);
#2369=CARTESIAN_POINT('',(2389.1875,387.35,552.45));
#2370=VERTEX_POINT('',#2369);
#2371=CARTESIAN_POINT('',(3157.5375,387.35,552.45));
#2372=VERTEX_POINT('',#2371);
#2373=CARTESIAN_POINT('',(2389.1875,387.35,552.45));
#2374=DIRECTION('',(1.,0.,-0.));
#2375=VECTOR('',#2374,768.35);
#2376=LINE('',#2373,#2375);
#2377=EDGE_CURVE('',#2370,#2372,#2376,.T.);
#2378=ORIENTED_EDGE('',*,*,#2377,.F.);
#2379=CARTESIAN_POINT('',(2389.1875,406.4,552.45));
#2380=VERTEX_POINT('',#2379);
#2381=CARTESIAN_POINT('',(2389.1875,387.35,552.45));
#2382=DIRECTION('',(0.,1.,0.));
#2383=VECTOR('',#2382,19.05);
#2384=LINE('',#2381,#2383);
#2385=EDGE_CURVE('',#2370,#2380,#2384,.T.);
#2386=ORIENTED_EDGE('',*,*,#2385,.T.);
#2387=CARTESIAN_POINT('',(3157.5375,406.4,552.45));
#2388=VERTEX_POINT('',#2387);
#2389=CARTESIAN_POINT('',(2389.1875,406.4,552.45));
#2390=DIRECTION('',(1.,0.,-0.));
#2391=VECTOR('',#2390,768.35);
#2392=LINE('',#2389,#2391);
#2393=EDGE_CURVE('',#2380,#2388,#2392,.T.);
#2394=ORIENTED_EDGE('',*,*,#2393,.T.);
#2395=CARTESIAN_POINT('',(3157.5375,387.35,552.45));
#2396=DIRECTION('',(0.,1.,0.));
#2397=VECTOR('',#2396,19.05);
#2398=LINE('',#2395,#2397);
#2399=EDGE_CURVE('',#2372,#2388,#2398,.T.);
#2400=ORIENTED_EDGE('',*,*,#2399,.F.);
#2401=EDGE_LOOP('',(#2378,#2386,#2394,#2400));
#2402=FACE_BOUND('',#2401,.T.);
#2403=ADVANCED_FACE('',(#2402),#2368,.F.);
#2404=CARTESIAN_POINT('',(3157.5375,304.8,557.2125));
#2405=DIRECTION('',(-1.,0.,0.));
#2406=DIRECTION('',(0.,0.,1.));
#2407=AXIS2_PLACEMENT_3D('',#2404,#2405,#2406);
#2408=PLANE('',#2407);
#2409=CARTESIAN_POINT('',(3157.5375,304.8,552.45));
#2410=VERTEX_POINT('',#2409);
#2411=CARTESIAN_POINT('',(3157.5375,381.,552.45));
#2412=VERTEX_POINT('',#2411);
#2413=CARTESIAN_POINT('',(3157.5375,304.8,552.45));
#2414=DIRECTION('',(0.,1.,0.));
#2415=VECTOR('',#2414,76.2);
#2416=LINE('',#2413,#2415);
#2417=EDGE_CURVE('',#2410,#2412,#2416,.T.);
#2418=ORIENTED_EDGE('',*,*,#2417,.T.);
#2419=CARTESIAN_POINT('',(3157.5375,381.,561.975));
#2420=VERTEX_POINT('',#2419);
#2421=CARTESIAN_POINT('',(3157.5375,381.,552.45));
#2422=DIRECTION('',(0.,0.,1.));
#2423=VECTOR('',#2422,9.525);
#2424=LINE('',#2421,#2423);
#2425=EDGE_CURVE('',#2412,#2420,#2424,.T.);
#2426=ORIENTED_EDGE('',*,*,#2425,.T.);
#2427=CARTESIAN_POINT('',(3157.5375,387.35,561.975));
#2428=VERTEX_POINT('',#2427);
#2429=CARTESIAN_POINT('',(3157.5375,387.35,561.975));
#2430=DIRECTION('',(0.,-1.,0.));
#2431=VECTOR('',#2430,6.35);
#2432=LINE('',#2429,#2431);
#2433=EDGE_CURVE('',#2428,#2420,#2432,.T.);
#2434=ORIENTED_EDGE('',*,*,#2433,.F.);
#2435=CARTESIAN_POINT('',(3157.5375,387.35,552.45));
#2436=DIRECTION('',(0.,0.,1.));
#2437=VECTOR('',#2436,9.525);
#2438=LINE('',#2435,#2437);
#2439=EDGE_CURVE('',#2372,#2428,#2438,.T.);
#2440=ORIENTED_EDGE('',*,*,#2439,.F.);
#2441=ORIENTED_EDGE('',*,*,#2399,.T.);
#2442=CARTESIAN_POINT('',(3157.5375,406.4,571.5));
#2443=VERTEX_POINT('',#2442);
#2444=CARTESIAN_POINT('',(3157.5375,406.4,552.45));
#2445=DIRECTION('',(0.,0.,1.));
#2446=VECTOR('',#2445,19.05);
#2447=LINE('',#2444,#2446);
#2448=EDGE_CURVE('',#2388,#2443,#2447,.T.);
#2449=ORIENTED_EDGE('',*,*,#2448,.T.);
#2450=CARTESIAN_POINT('',(3157.5375,304.8,571.5));
#2451=VERTEX_POINT('',#2450);
#2452=CARTESIAN_POINT('',(3157.5375,304.8,571.5));
#2453=DIRECTION('',(0.,1.,0.));
#2454=VECTOR('',#2453,101.6);
#2455=LINE('',#2452,#2454);
#2456=EDGE_CURVE('',#2451,#2443,#2455,.T.);
#2457=ORIENTED_EDGE('',*,*,#2456,.F.);
#2458=CARTESIAN_POINT('',(3157.5375,304.8,552.45));
#2459=DIRECTION('',(0.,0.,1.));
#2460=VECTOR('',#2459,19.05);
#2461=LINE('',#2458,#2460);
#2462=EDGE_CURVE('',#2410,#2451,#2461,.T.);
#2463=ORIENTED_EDGE('',*,*,#2462,.F.);
#2464=EDGE_LOOP('',(#2418,#2426,#2434,#2440,#2441,#2449,#2457,#2463));
#2465=FACE_BOUND('',#2464,.T.);
#2466=ADVANCED_FACE('',(#2465),#2408,.F.);
#2467=CARTESIAN_POINT('',(2773.3625,304.8,571.5));
#2468=DIRECTION('',(0.,0.,1.));
#2469=DIRECTION('',(1.,0.,0.));
#2470=AXIS2_PLACEMENT_3D('',#2467,#2468,#2469);
#2471=PLANE('',#2470);
#2472=CARTESIAN_POINT('',(2389.1875,406.4,571.5));
#2473=VERTEX_POINT('',#2472);
#2474=CARTESIAN_POINT('',(2389.1875,406.4,571.5));
#2475=DIRECTION('',(1.,0.,-0.));
#2476=VECTOR('',#2475,768.35);
#2477=LINE('',#2474,#2476);
#2478=EDGE_CURVE('',#2473,#2443,#2477,.T.);
#2479=ORIENTED_EDGE('',*,*,#2478,.F.);
#2480=CARTESIAN_POINT('',(2389.1875,304.8,571.5));
#2481=VERTEX_POINT('',#2480);
#2482=CARTESIAN_POINT('',(2389.1875,304.8,571.5));
#2483=DIRECTION('',(0.,1.,0.));
#2484=VECTOR('',#2483,101.6);
#2485=LINE('',#2482,#2484);
#2486=EDGE_CURVE('',#2481,#2473,#2485,.T.);
#2487=ORIENTED_EDGE('',*,*,#2486,.F.);
#2488=CARTESIAN_POINT('',(2389.1875,304.8,571.5));
#2489=DIRECTION('',(1.,0.,-0.));
#2490=VECTOR('',#2489,768.35);
#2491=LINE('',#2488,#2490);
#2492=EDGE_CURVE('',#2481,#2451,#2491,.T.);
#2493=ORIENTED_EDGE('',*,*,#2492,.T.);
#2494=ORIENTED_EDGE('',*,*,#2456,.T.);
#2495=EDGE_LOOP('',(#2479,#2487,#2493,#2494));
#2496=FACE_BOUND('',#2495,.T.);
#2497=ADVANCED_FACE('',(#2496),#2471,.T.);
#2498=CARTESIAN_POINT('',(2389.1875,304.8,557.2125));
#2499=DIRECTION('',(-1.,0.,-0.));
#2500=DIRECTION('',(-0.,0.,1.));
#2501=AXIS2_PLACEMENT_3D('',#2498,#2499,#2500);
#2502=PLANE('',#2501);
#2503=CARTESIAN_POINT('',(2389.1875,381.,552.45));
#2504=VERTEX_POINT('',#2503);
#2505=CARTESIAN_POINT('',(2389.1875,381.,561.975));
#2506=VERTEX_POINT('',#2505);
#2507=CARTESIAN_POINT('',(2389.1875,381.,552.45));
#2508=DIRECTION('',(-0.,0.,1.));
#2509=VECTOR('',#2508,9.525);
#2510=LINE('',#2507,#2509);
#2511=EDGE_CURVE('',#2504,#2506,#2510,.T.);
#2512=ORIENTED_EDGE('',*,*,#2511,.F.);
#2513=CARTESIAN_POINT('',(2389.1875,304.8,552.45));
#2514=VERTEX_POINT('',#2513);
#2515=CARTESIAN_POINT('',(2389.1875,304.8,552.45));
#2516=DIRECTION('',(0.,1.,0.));
#2517=VECTOR('',#2516,76.2);
#2518=LINE('',#2515,#2517);
#2519=EDGE_CURVE('',#2514,#2504,#2518,.T.);
#2520=ORIENTED_EDGE('',*,*,#2519,.F.);
#2521=CARTESIAN_POINT('',(2389.1875,304.8,552.45));
#2522=DIRECTION('',(-0.,0.,1.));
#2523=VECTOR('',#2522,19.05);
#2524=LINE('',#2521,#2523);
#2525=EDGE_CURVE('',#2514,#2481,#2524,.T.);
#2526=ORIENTED_EDGE('',*,*,#2525,.T.);
#2527=ORIENTED_EDGE('',*,*,#2486,.T.);
#2528=CARTESIAN_POINT('',(2389.1875,406.4,552.45));
#2529=DIRECTION('',(-0.,0.,1.));
#2530=VECTOR('',#2529,19.05);
#2531=LINE('',#2528,#2530);
#2532=EDGE_CURVE('',#2380,#2473,#2531,.T.);
#2533=ORIENTED_EDGE('',*,*,#2532,.F.);
#2534=ORIENTED_EDGE('',*,*,#2385,.F.);
#2535=CARTESIAN_POINT('',(2389.1875,387.35,561.975));
#2536=VERTEX_POINT('',#2535);
#2537=CARTESIAN_POINT('',(2389.1875,387.35,552.45));
#2538=DIRECTION('',(-0.,0.,1.));
#2539=VECTOR('',#2538,9.525);
#2540=LINE('',#2537,#2539);
#2541=EDGE_CURVE('',#2370,#2536,#2540,.T.);
#2542=ORIENTED_EDGE('',*,*,#2541,.T.);
#2543=CARTESIAN_POINT('',(2389.1875,387.35,561.975));
#2544=DIRECTION('',(0.,-1.,0.));
#2545=VECTOR('',#2544,6.35);
#2546=LINE('',#2543,#2545);
#2547=EDGE_CURVE('',#2536,#2506,#2546,.T.);
#2548=ORIENTED_EDGE('',*,*,#2547,.T.);
#2549=EDGE_LOOP('',(#2512,#2520,#2526,#2527,#2533,#2534,#2542,#2548));
#2550=FACE_BOUND('',#2549,.T.);
#2551=ADVANCED_FACE('',(#2550),#2502,.T.);
#2552=CARTESIAN_POINT('',(2773.3625,304.8,552.45));
#2553=DIRECTION('',(0.,0.,1.));
#2554=DIRECTION('',(1.,0.,0.));
#2555=AXIS2_PLACEMENT_3D('',#2552,#2553,#2554);
#2556=PLANE('',#2555);
#2557=ORIENTED_EDGE('',*,*,#2519,.T.);
#2558=CARTESIAN_POINT('',(2389.1875,381.,552.45));
#2559=DIRECTION('',(1.,0.,-0.));
#2560=VECTOR('',#2559,768.35);
#2561=LINE('',#2558,#2560);
#2562=EDGE_CURVE('',#2504,#2412,#2561,.T.);
#2563=ORIENTED_EDGE('',*,*,#2562,.T.);
#2564=ORIENTED_EDGE('',*,*,#2417,.F.);
#2565=CARTESIAN_POINT('',(2389.1875,304.8,552.45));
#2566=DIRECTION('',(1.,0.,-0.));
#2567=VECTOR('',#2566,768.35);
#2568=LINE('',#2565,#2567);
#2569=EDGE_CURVE('',#2514,#2410,#2568,.T.);
#2570=ORIENTED_EDGE('',*,*,#2569,.F.);
#2571=EDGE_LOOP('',(#2557,#2563,#2564,#2570));
#2572=FACE_BOUND('',#2571,.T.);
#2573=ADVANCED_FACE('',(#2572),#2556,.F.);
#2574=CARTESIAN_POINT('',(2370.1375,304.8,120.65));
#2575=DIRECTION('',(0.,-1.,0.));
#2576=DIRECTION('',(1.,0.,0.));
#2577=AXIS2_PLACEMENT_3D('',#2574,#2575,#2576);
#2578=PLANE('',#2577);
#2579=ORIENTED_EDGE('',*,*,#2462,.T.);
#2580=ORIENTED_EDGE('',*,*,#2492,.F.);
#2581=ORIENTED_EDGE('',*,*,#2525,.F.);
#2582=ORIENTED_EDGE('',*,*,#2569,.T.);
#2583=EDGE_LOOP('',(#2579,#2580,#2581,#2582));
#2584=FACE_BOUND('',#2583,.T.);
#2585=ADVANCED_FACE('',(#2584),#2578,.T.);
#2586=CARTESIAN_POINT('',(2370.1375,406.4,120.65));
#2587=DIRECTION('',(0.,-1.,0.));
#2588=DIRECTION('',(1.,0.,0.));
#2589=AXIS2_PLACEMENT_3D('',#2586,#2587,#2588);
#2590=PLANE('',#2589);
#2591=ORIENTED_EDGE('',*,*,#2448,.F.);
#2592=ORIENTED_EDGE('',*,*,#2393,.F.);
#2593=ORIENTED_EDGE('',*,*,#2532,.T.);
#2594=ORIENTED_EDGE('',*,*,#2478,.T.);
#2595=EDGE_LOOP('',(#2591,#2592,#2593,#2594));
#2596=FACE_BOUND('',#2595,.T.);
#2597=ADVANCED_FACE('',(#2596),#2590,.F.);
#2598=CARTESIAN_POINT('',(2773.3625,387.35,561.975));
#2599=DIRECTION('',(0.,0.,1.));
#2600=DIRECTION('',(1.,0.,0.));
#2601=AXIS2_PLACEMENT_3D('',#2598,#2599,#2600);
#2602=PLANE('',#2601);
#2603=CARTESIAN_POINT('',(3157.5375,381.,561.975));
#2604=DIRECTION('',(-1.,0.,0.));
#2605=VECTOR('',#2604,768.35);
#2606=LINE('',#2603,#2605);
#2607=EDGE_CURVE('',#2420,#2506,#2606,.T.);
#2608=ORIENTED_EDGE('',*,*,#2607,.T.);
#2609=ORIENTED_EDGE('',*,*,#2547,.F.);
#2610=CARTESIAN_POINT('',(3157.5375,387.35,561.975));
#2611=DIRECTION('',(-1.,0.,0.));
#2612=VECTOR('',#2611,768.35);
#2613=LINE('',#2610,#2612);
#2614=EDGE_CURVE('',#2428,#2536,#2613,.T.);
#2615=ORIENTED_EDGE('',*,*,#2614,.F.);
#2616=ORIENTED_EDGE('',*,*,#2433,.T.);
#2617=EDGE_LOOP('',(#2608,#2609,#2615,#2616));
#2618=FACE_BOUND('',#2617,.T.);
#2619=ADVANCED_FACE('',(#2618),#2602,.F.);
#2620=CARTESIAN_POINT('',(2370.1375,387.35,120.65));
#2621=DIRECTION('',(0.,-1.,0.));
#2622=DIRECTION('',(1.,0.,0.));
#2623=AXIS2_PLACEMENT_3D('',#2620,#2621,#2622);
#2624=PLANE('',#2623);
#2625=ORIENTED_EDGE('',*,*,#2439,.T.);
#2626=ORIENTED_EDGE('',*,*,#2614,.T.);
#2627=ORIENTED_EDGE('',*,*,#2541,.F.);
#2628=ORIENTED_EDGE('',*,*,#2377,.T.);
#2629=EDGE_LOOP('',(#2625,#2626,#2627,#2628));
#2630=FACE_BOUND('',#2629,.T.);
#2631=ADVANCED_FACE('',(#2630),#2624,.T.);
#2632=CARTESIAN_POINT('',(2370.1375,381.,120.65));
#2633=DIRECTION('',(0.,-1.,0.));
#2634=DIRECTION('',(1.,0.,0.));
#2635=AXIS2_PLACEMENT_3D('',#2632,#2633,#2634);
#2636=PLANE('',#2635);
#2637=ORIENTED_EDGE('',*,*,#2425,.F.);
#2638=ORIENTED_EDGE('',*,*,#2562,.F.);
#2639=ORIENTED_EDGE('',*,*,#2511,.T.);
#2640=ORIENTED_EDGE('',*,*,#2607,.F.);
#2641=EDGE_LOOP('',(#2637,#2638,#2639,#2640));
#2642=FACE_BOUND('',#2641,.T.);
#2643=ADVANCED_FACE('',(#2642),#2636,.F.);
#2644=CLOSED_SHELL('',(#2403,#2466,#2497,#2551,#2573,#2585,#2597,#2619,#2631,#2643));
#2645=MANIFOLD_SOLID_BREP('[Stretcher] Back',#2644);
#2363=STYLED_ITEM('',(#267),#2645);
#2647=CARTESIAN_POINT('',(3157.5375,406.4,566.7375));
#2648=DIRECTION('',(-1.,0.,-0.));
#2649=DIRECTION('',(-0.,0.,1.));
#2650=AXIS2_PLACEMENT_3D('',#2647,#2648,#2649);
#2651=PLANE('',#2650);
#2652=CARTESIAN_POINT('',(3157.5375,381.,571.5));
#2653=VERTEX_POINT('',#2652);
#2654=CARTESIAN_POINT('',(3157.5375,0.,571.5));
#2655=VERTEX_POINT('',#2654);
#2656=CARTESIAN_POINT('',(3157.5375,381.,571.5));
#2657=DIRECTION('',(0.,-1.,0.));
#2658=VECTOR('',#2657,381.);
#2659=LINE('',#2656,#2658);
#2660=EDGE_CURVE('',#2653,#2655,#2659,.T.);
#2661=ORIENTED_EDGE('',*,*,#2660,.F.);
#2662=CARTESIAN_POINT('',(3157.5375,381.,120.65));
#2663=VERTEX_POINT('',#2662);
#2664=CARTESIAN_POINT('',(3157.5375,381.,571.5));
#2665=DIRECTION('',(0.,0.,-1.));
#2666=VECTOR('',#2665,450.85);
#2667=LINE('',#2664,#2666);
#2668=EDGE_CURVE('',#2653,#2663,#2667,.T.);
#2669=ORIENTED_EDGE('',*,*,#2668,.T.);
#2670=CARTESIAN_POINT('',(3157.5375,0.,120.65));
#2671=VERTEX_POINT('',#2670);
#2672=CARTESIAN_POINT('',(3157.5375,381.,120.65));
#2673=DIRECTION('',(0.,-1.,0.));
#2674=VECTOR('',#2673,381.);
#2675=LINE('',#2672,#2674);
#2676=EDGE_CURVE('',#2663,#2671,#2675,.T.);
#2677=ORIENTED_EDGE('',*,*,#2676,.T.);
#2678=CARTESIAN_POINT('',(3157.5375,0.,571.5));
#2679=DIRECTION('',(0.,0.,-1.));
#2680=VECTOR('',#2679,450.85);
#2681=LINE('',#2678,#2680);
#2682=EDGE_CURVE('',#2655,#2671,#2681,.T.);
#2683=ORIENTED_EDGE('',*,*,#2682,.F.);
#2684=EDGE_LOOP('',(#2661,#2669,#2677,#2683));
#2685=FACE_BOUND('',#2684,.T.);
#2686=ADVANCED_FACE('',(#2685),#2651,.T.);
#2687=CARTESIAN_POINT('',(3162.3,406.4,120.65));
#2688=DIRECTION('',(0.,0.,1.));
#2689=DIRECTION('',(1.,0.,0.));
#2690=AXIS2_PLACEMENT_3D('',#2687,#2688,#2689);
#2691=PLANE('',#2690);
#2692=CARTESIAN_POINT('',(3167.0625,381.,120.65));
#2693=VERTEX_POINT('',#2692);
#2694=CARTESIAN_POINT('',(3167.0625,381.,120.65));
#2695=DIRECTION('',(-1.,0.,0.));
#2696=VECTOR('',#2695,9.525);
#2697=LINE('',#2694,#2696);
#2698=EDGE_CURVE('',#2693,#2663,#2697,.T.);
#2699=ORIENTED_EDGE('',*,*,#2698,.F.);
#2700=CARTESIAN_POINT('',(3167.0625,387.35,120.65));
#2701=VERTEX_POINT('',#2700);
#2702=CARTESIAN_POINT('',(3167.0625,387.35,120.65));
#2703=DIRECTION('',(0.,-1.,0.));
#2704=VECTOR('',#2703,6.35);
#2705=LINE('',#2702,#2704);
#2706=EDGE_CURVE('',#2701,#2693,#2705,.T.);
#2707=ORIENTED_EDGE('',*,*,#2706,.F.);
#2708=CARTESIAN_POINT('',(3157.5375,387.35,120.65));
#2709=VERTEX_POINT('',#2708);
#2710=CARTESIAN_POINT('',(3167.0625,387.35,120.65));
#2711=DIRECTION('',(-1.,0.,0.));
#2712=VECTOR('',#2711,9.525);
#2713=LINE('',#2710,#2712);
#2714=EDGE_CURVE('',#2701,#2709,#2713,.T.);
#2715=ORIENTED_EDGE('',*,*,#2714,.T.);
#2716=CARTESIAN_POINT('',(3157.5375,406.4,120.65));
#2717=VERTEX_POINT('',#2716);
#2718=CARTESIAN_POINT('',(3157.5375,406.4,120.65));
#2719=DIRECTION('',(0.,-1.,0.));
#2720=VECTOR('',#2719,19.05);
#2721=LINE('',#2718,#2720);
#2722=EDGE_CURVE('',#2717,#2709,#2721,.T.);
#2723=ORIENTED_EDGE('',*,*,#2722,.F.);
#2724=CARTESIAN_POINT('',(3176.5875,406.4,120.65));
#2725=VERTEX_POINT('',#2724);
#2726=CARTESIAN_POINT('',(3176.5875,406.4,120.65));
#2727=DIRECTION('',(-1.,0.,0.));
#2728=VECTOR('',#2727,19.05);
#2729=LINE('',#2726,#2728);
#2730=EDGE_CURVE('',#2725,#2717,#2729,.T.);
#2731=ORIENTED_EDGE('',*,*,#2730,.F.);
#2732=CARTESIAN_POINT('',(3176.5875,0.,120.65));
#2733=VERTEX_POINT('',#2732);
#2734=CARTESIAN_POINT('',(3176.5875,406.4,120.65));
#2735=DIRECTION('',(0.,-1.,0.));
#2736=VECTOR('',#2735,406.4);
#2737=LINE('',#2734,#2736);
#2738=EDGE_CURVE('',#2725,#2733,#2737,.T.);
#2739=ORIENTED_EDGE('',*,*,#2738,.T.);
#2740=CARTESIAN_POINT('',(3176.5875,0.,120.65));
#2741=DIRECTION('',(-1.,0.,0.));
#2742=VECTOR('',#2741,19.05);
#2743=LINE('',#2740,#2742);
#2744=EDGE_CURVE('',#2733,#2671,#2743,.T.);
#2745=ORIENTED_EDGE('',*,*,#2744,.T.);
#2746=ORIENTED_EDGE('',*,*,#2676,.F.);
#2747=EDGE_LOOP('',(#2699,#2707,#2715,#2723,#2731,#2739,#2745,#2746));
#2748=FACE_BOUND('',#2747,.T.);
#2749=ADVANCED_FACE('',(#2748),#2691,.F.);
#2750=CARTESIAN_POINT('',(3162.3,406.4,571.5));
#2751=DIRECTION('',(0.,0.,-1.));
#2752=DIRECTION('',(-1.,0.,0.));
#2753=AXIS2_PLACEMENT_3D('',#2750,#2751,#2752);
#2754=PLANE('',#2753);
#2755=CARTESIAN_POINT('',(3167.0625,381.,571.5));
#2756=VERTEX_POINT('',#2755);
#2757=CARTESIAN_POINT('',(3157.5375,381.,571.5));
#2758=DIRECTION('',(1.,0.,-0.));
#2759=VECTOR('',#2758,9.525);
#2760=LINE('',#2757,#2759);
#2761=EDGE_CURVE('',#2653,#2756,#2760,.T.);
#2762=ORIENTED_EDGE('',*,*,#2761,.F.);
#2763=ORIENTED_EDGE('',*,*,#2660,.T.);
#2764=CARTESIAN_POINT('',(3176.5875,0.,571.5));
#2765=VERTEX_POINT('',#2764);
#2766=CARTESIAN_POINT('',(3157.5375,0.,571.5));
#2767=DIRECTION('',(1.,0.,-0.));
#2768=VECTOR('',#2767,19.05);
#2769=LINE('',#2766,#2768);
#2770=EDGE_CURVE('',#2655,#2765,#2769,.T.);
#2771=ORIENTED_EDGE('',*,*,#2770,.T.);
#2772=CARTESIAN_POINT('',(3176.5875,406.4,571.5));
#2773=VERTEX_POINT('',#2772);
#2774=CARTESIAN_POINT('',(3176.5875,406.4,571.5));
#2775=DIRECTION('',(0.,-1.,0.));
#2776=VECTOR('',#2775,406.4);
#2777=LINE('',#2774,#2776);
#2778=EDGE_CURVE('',#2773,#2765,#2777,.T.);
#2779=ORIENTED_EDGE('',*,*,#2778,.F.);
#2780=CARTESIAN_POINT('',(3157.5375,406.4,571.5));
#2781=VERTEX_POINT('',#2780);
#2782=CARTESIAN_POINT('',(3157.5375,406.4,571.5));
#2783=DIRECTION('',(1.,0.,-0.));
#2784=VECTOR('',#2783,19.05);
#2785=LINE('',#2782,#2784);
#2786=EDGE_CURVE('',#2781,#2773,#2785,.T.);
#2787=ORIENTED_EDGE('',*,*,#2786,.F.);
#2788=CARTESIAN_POINT('',(3157.5375,387.35,571.5));
#2789=VERTEX_POINT('',#2788);
#2790=CARTESIAN_POINT('',(3157.5375,406.4,571.5));
#2791=DIRECTION('',(0.,-1.,0.));
#2792=VECTOR('',#2791,19.05);
#2793=LINE('',#2790,#2792);
#2794=EDGE_CURVE('',#2781,#2789,#2793,.T.);
#2795=ORIENTED_EDGE('',*,*,#2794,.T.);
#2796=CARTESIAN_POINT('',(3167.0625,387.35,571.5));
#2797=VERTEX_POINT('',#2796);
#2798=CARTESIAN_POINT('',(3157.5375,387.35,571.5));
#2799=DIRECTION('',(1.,0.,-0.));
#2800=VECTOR('',#2799,9.525);
#2801=LINE('',#2798,#2800);
#2802=EDGE_CURVE('',#2789,#2797,#2801,.T.);
#2803=ORIENTED_EDGE('',*,*,#2802,.T.);
#2804=CARTESIAN_POINT('',(3167.0625,387.35,571.5));
#2805=DIRECTION('',(0.,-1.,0.));
#2806=VECTOR('',#2805,6.35);
#2807=LINE('',#2804,#2806);
#2808=EDGE_CURVE('',#2797,#2756,#2807,.T.);
#2809=ORIENTED_EDGE('',*,*,#2808,.T.);
#2810=EDGE_LOOP('',(#2762,#2763,#2771,#2779,#2787,#2795,#2803,#2809));
#2811=FACE_BOUND('',#2810,.T.);
#2812=ADVANCED_FACE('',(#2811),#2754,.F.);
#2813=CARTESIAN_POINT('',(3176.5875,406.4,346.075));
#2814=DIRECTION('',(-1.,0.,0.));
#2815=DIRECTION('',(0.,0.,1.));
#2816=AXIS2_PLACEMENT_3D('',#2813,#2814,#2815);
#2817=PLANE('',#2816);
#2818=CARTESIAN_POINT('',(3176.5875,0.,571.5));
#2819=DIRECTION('',(0.,0.,-1.));
#2820=VECTOR('',#2819,450.85);
#2821=LINE('',#2818,#2820);
#2822=EDGE_CURVE('',#2765,#2733,#2821,.T.);
#2823=ORIENTED_EDGE('',*,*,#2822,.T.);
#2824=ORIENTED_EDGE('',*,*,#2738,.F.);
#2825=CARTESIAN_POINT('',(3176.5875,406.4,571.5));
#2826=DIRECTION('',(0.,0.,-1.));
#2827=VECTOR('',#2826,450.85);
#2828=LINE('',#2825,#2827);
#2829=EDGE_CURVE('',#2773,#2725,#2828,.T.);
#2830=ORIENTED_EDGE('',*,*,#2829,.F.);
#2831=ORIENTED_EDGE('',*,*,#2778,.T.);
#2832=EDGE_LOOP('',(#2823,#2824,#2830,#2831));
#2833=FACE_BOUND('',#2832,.T.);
#2834=ADVANCED_FACE('',(#2833),#2817,.F.);
#2835=CARTESIAN_POINT('',(3157.5375,406.4,566.7375));
#2836=DIRECTION('',(-1.,0.,-0.));
#2837=DIRECTION('',(-0.,0.,1.));
#2838=AXIS2_PLACEMENT_3D('',#2835,#2836,#2837);
#2839=PLANE('',#2838);
#2840=CARTESIAN_POINT('',(3157.5375,387.35,571.5));
#2841=DIRECTION('',(0.,0.,-1.));
#2842=VECTOR('',#2841,450.85);
#2843=LINE('',#2840,#2842);
#2844=EDGE_CURVE('',#2789,#2709,#2843,.T.);
#2845=ORIENTED_EDGE('',*,*,#2844,.F.);
#2846=ORIENTED_EDGE('',*,*,#2794,.F.);
#2847=CARTESIAN_POINT('',(3157.5375,406.4,571.5));
#2848=DIRECTION('',(0.,0.,-1.));
#2849=VECTOR('',#2848,450.85);
#2850=LINE('',#2847,#2849);
#2851=EDGE_CURVE('',#2781,#2717,#2850,.T.);
#2852=ORIENTED_EDGE('',*,*,#2851,.T.);
#2853=ORIENTED_EDGE('',*,*,#2722,.T.);
#2854=EDGE_LOOP('',(#2845,#2846,#2852,#2853));
#2855=FACE_BOUND('',#2854,.T.);
#2856=ADVANCED_FACE('',(#2855),#2839,.T.);
#2857=CARTESIAN_POINT('',(2370.1375,406.4,120.65));
#2858=DIRECTION('',(0.,-1.,0.));
#2859=DIRECTION('',(1.,0.,0.));
#2860=AXIS2_PLACEMENT_3D('',#2857,#2858,#2859);
#2861=PLANE('',#2860);
#2862=ORIENTED_EDGE('',*,*,#2730,.T.);
#2863=ORIENTED_EDGE('',*,*,#2851,.F.);
#2864=ORIENTED_EDGE('',*,*,#2786,.T.);
#2865=ORIENTED_EDGE('',*,*,#2829,.T.);
#2866=EDGE_LOOP('',(#2862,#2863,#2864,#2865));
#2867=FACE_BOUND('',#2866,.T.);
#2868=ADVANCED_FACE('',(#2867),#2861,.F.);
#2869=CARTESIAN_POINT('',(2370.1375,0.,120.65));
#2870=DIRECTION('',(0.,-1.,0.));
#2871=DIRECTION('',(1.,0.,0.));
#2872=AXIS2_PLACEMENT_3D('',#2869,#2870,#2871);
#2873=PLANE('',#2872);
#2874=ORIENTED_EDGE('',*,*,#2744,.F.);
#2875=ORIENTED_EDGE('',*,*,#2822,.F.);
#2876=ORIENTED_EDGE('',*,*,#2770,.F.);
#2877=ORIENTED_EDGE('',*,*,#2682,.T.);
#2878=EDGE_LOOP('',(#2874,#2875,#2876,#2877));
#2879=FACE_BOUND('',#2878,.T.);
#2880=ADVANCED_FACE('',(#2879),#2873,.T.);
#2881=CARTESIAN_POINT('',(3167.0625,387.35,346.075));
#2882=DIRECTION('',(-1.,0.,0.));
#2883=DIRECTION('',(0.,0.,1.));
#2884=AXIS2_PLACEMENT_3D('',#2881,#2882,#2883);
#2885=PLANE('',#2884);
#2886=CARTESIAN_POINT('',(3167.0625,381.,571.5));
#2887=DIRECTION('',(0.,0.,-1.));
#2888=VECTOR('',#2887,450.85);
#2889=LINE('',#2886,#2888);
#2890=EDGE_CURVE('',#2756,#2693,#2889,.T.);
#2891=ORIENTED_EDGE('',*,*,#2890,.F.);
#2892=ORIENTED_EDGE('',*,*,#2808,.F.);
#2893=CARTESIAN_POINT('',(3167.0625,387.35,571.5));
#2894=DIRECTION('',(0.,0.,-1.));
#2895=VECTOR('',#2894,450.85);
#2896=LINE('',#2893,#2895);
#2897=EDGE_CURVE('',#2797,#2701,#2896,.T.);
#2898=ORIENTED_EDGE('',*,*,#2897,.T.);
#2899=ORIENTED_EDGE('',*,*,#2706,.T.);
#2900=EDGE_LOOP('',(#2891,#2892,#2898,#2899));
#2901=FACE_BOUND('',#2900,.T.);
#2902=ADVANCED_FACE('',(#2901),#2885,.T.);
#2903=CARTESIAN_POINT('',(2370.1375,387.35,120.65));
#2904=DIRECTION('',(0.,-1.,0.));
#2905=DIRECTION('',(1.,0.,0.));
#2906=AXIS2_PLACEMENT_3D('',#2903,#2904,#2905);
#2907=PLANE('',#2906);
#2908=ORIENTED_EDGE('',*,*,#2897,.F.);
#2909=ORIENTED_EDGE('',*,*,#2802,.F.);
#2910=ORIENTED_EDGE('',*,*,#2844,.T.);
#2911=ORIENTED_EDGE('',*,*,#2714,.F.);
#2912=EDGE_LOOP('',(#2908,#2909,#2910,#2911));
#2913=FACE_BOUND('',#2912,.T.);
#2914=ADVANCED_FACE('',(#2913),#2907,.T.);
#2915=CARTESIAN_POINT('',(2370.1375,381.,120.65));
#2916=DIRECTION('',(0.,-1.,0.));
#2917=DIRECTION('',(1.,0.,0.));
#2918=AXIS2_PLACEMENT_3D('',#2915,#2916,#2917);
#2919=PLANE('',#2918);
#2920=ORIENTED_EDGE('',*,*,#2890,.T.);
#2921=ORIENTED_EDGE('',*,*,#2698,.T.);
#2922=ORIENTED_EDGE('',*,*,#2668,.F.);
#2923=ORIENTED_EDGE('',*,*,#2761,.T.);
#2924=EDGE_LOOP('',(#2920,#2921,#2922,#2923));
#2925=FACE_BOUND('',#2924,.T.);
#2926=ADVANCED_FACE('',(#2925),#2919,.F.);
#2927=CLOSED_SHELL('',(#2686,#2749,#2812,#2834,#2856,#2868,#2880,#2902,#2914,#2926));
#2928=MANIFOLD_SOLID_BREP('[Panel] Right',#2927);
#2646=STYLED_ITEM('',(#267),#2928);
#2930=CARTESIAN_POINT('',(2389.1875,406.4,557.2125));
#2931=DIRECTION('',(1.,0.,0.));
#2932=DIRECTION('',(0.,0.,-1.));
#2933=AXIS2_PLACEMENT_3D('',#2930,#2931,#2932);
#2934=PLANE('',#2933);
#2935=CARTESIAN_POINT('',(2389.1875,381.,120.65));
#2936=VERTEX_POINT('',#2935);
#2937=CARTESIAN_POINT('',(2389.1875,0.,120.65));
#2938=VERTEX_POINT('',#2937);
#2939=CARTESIAN_POINT('',(2389.1875,381.,120.65));
#2940=DIRECTION('',(0.,-1.,0.));
#2941=VECTOR('',#2940,381.);
#2942=LINE('',#2939,#2941);
#2943=EDGE_CURVE('',#2936,#2938,#2942,.T.);
#2944=ORIENTED_EDGE('',*,*,#2943,.F.);
#2945=CARTESIAN_POINT('',(2389.1875,381.,571.5));
#2946=VERTEX_POINT('',#2945);
#2947=CARTESIAN_POINT('',(2389.1875,381.,120.65));
#2948=DIRECTION('',(-0.,0.,1.));
#2949=VECTOR('',#2948,450.85);
#2950=LINE('',#2947,#2949);
#2951=EDGE_CURVE('',#2936,#2946,#2950,.T.);
#2952=ORIENTED_EDGE('',*,*,#2951,.T.);
#2953=CARTESIAN_POINT('',(2389.1875,0.,571.5));
#2954=VERTEX_POINT('',#2953);
#2955=CARTESIAN_POINT('',(2389.1875,381.,571.5));
#2956=DIRECTION('',(0.,-1.,0.));
#2957=VECTOR('',#2956,381.);
#2958=LINE('',#2955,#2957);
#2959=EDGE_CURVE('',#2946,#2954,#2958,.T.);
#2960=ORIENTED_EDGE('',*,*,#2959,.T.);
#2961=CARTESIAN_POINT('',(2389.1875,0.,120.65));
#2962=DIRECTION('',(-0.,0.,1.));
#2963=VECTOR('',#2962,450.85);
#2964=LINE('',#2961,#2963);
#2965=EDGE_CURVE('',#2938,#2954,#2964,.T.);
#2966=ORIENTED_EDGE('',*,*,#2965,.F.);
#2967=EDGE_LOOP('',(#2944,#2952,#2960,#2966));
#2968=FACE_BOUND('',#2967,.T.);
#2969=ADVANCED_FACE('',(#2968),#2934,.T.);
#2970=CARTESIAN_POINT('',(2374.9,406.4,120.65));
#2971=DIRECTION('',(0.,0.,1.));
#2972=DIRECTION('',(1.,0.,0.));
#2973=AXIS2_PLACEMENT_3D('',#2970,#2971,#2972);
#2974=PLANE('',#2973);
#2975=CARTESIAN_POINT('',(2379.6625,381.,120.65));
#2976=VERTEX_POINT('',#2975);
#2977=CARTESIAN_POINT('',(2389.1875,381.,120.65));
#2978=DIRECTION('',(-1.,0.,0.));
#2979=VECTOR('',#2978,9.525);
#2980=LINE('',#2977,#2979);
#2981=EDGE_CURVE('',#2936,#2976,#2980,.T.);
#2982=ORIENTED_EDGE('',*,*,#2981,.F.);
#2983=ORIENTED_EDGE('',*,*,#2943,.T.);
#2984=CARTESIAN_POINT('',(2370.1375,0.,120.65));
#2985=VERTEX_POINT('',#2984);
#2986=CARTESIAN_POINT('',(2389.1875,0.,120.65));
#2987=DIRECTION('',(-1.,0.,0.));
#2988=VECTOR('',#2987,19.05);
#2989=LINE('',#2986,#2988);
#2990=EDGE_CURVE('',#2938,#2985,#2989,.T.);
#2991=ORIENTED_EDGE('',*,*,#2990,.T.);
#2992=CARTESIAN_POINT('',(2370.1375,406.4,120.65));
#2993=VERTEX_POINT('',#2992);
#2994=CARTESIAN_POINT('',(2370.1375,406.4,120.65));
#2995=DIRECTION('',(0.,-1.,0.));
#2996=VECTOR('',#2995,406.4);
#2997=LINE('',#2994,#2996);
#2998=EDGE_CURVE('',#2993,#2985,#2997,.T.);
#2999=ORIENTED_EDGE('',*,*,#2998,.F.);
#3000=CARTESIAN_POINT('',(2389.1875,406.4,120.65));
#3001=VERTEX_POINT('',#3000);
#3002=CARTESIAN_POINT('',(2389.1875,406.4,120.65));
#3003=DIRECTION('',(-1.,0.,0.));
#3004=VECTOR('',#3003,19.05);
#3005=LINE('',#3002,#3004);
#3006=EDGE_CURVE('',#3001,#2993,#3005,.T.);
#3007=ORIENTED_EDGE('',*,*,#3006,.F.);
#3008=CARTESIAN_POINT('',(2389.1875,387.35,120.65));
#3009=VERTEX_POINT('',#3008);
#3010=CARTESIAN_POINT('',(2389.1875,406.4,120.65));
#3011=DIRECTION('',(0.,-1.,0.));
#3012=VECTOR('',#3011,19.05);
#3013=LINE('',#3010,#3012);
#3014=EDGE_CURVE('',#3001,#3009,#3013,.T.);
#3015=ORIENTED_EDGE('',*,*,#3014,.T.);
#3016=CARTESIAN_POINT('',(2379.6625,387.35,120.65));
#3017=VERTEX_POINT('',#3016);
#3018=CARTESIAN_POINT('',(2389.1875,387.35,120.65));
#3019=DIRECTION('',(-1.,0.,0.));
#3020=VECTOR('',#3019,9.525);
#3021=LINE('',#3018,#3020);
#3022=EDGE_CURVE('',#3009,#3017,#3021,.T.);
#3023=ORIENTED_EDGE('',*,*,#3022,.T.);
#3024=CARTESIAN_POINT('',(2379.6625,387.35,120.65));
#3025=DIRECTION('',(0.,-1.,0.));
#3026=VECTOR('',#3025,6.35);
#3027=LINE('',#3024,#3026);
#3028=EDGE_CURVE('',#3017,#2976,#3027,.T.);
#3029=ORIENTED_EDGE('',*,*,#3028,.T.);
#3030=EDGE_LOOP('',(#2982,#2983,#2991,#2999,#3007,#3015,#3023,#3029));
#3031=FACE_BOUND('',#3030,.T.);
#3032=ADVANCED_FACE('',(#3031),#2974,.F.);
#3033=CARTESIAN_POINT('',(2374.9,406.4,571.5));
#3034=DIRECTION('',(0.,0.,-1.));
#3035=DIRECTION('',(-1.,0.,0.));
#3036=AXIS2_PLACEMENT_3D('',#3033,#3034,#3035);
#3037=PLANE('',#3036);
#3038=CARTESIAN_POINT('',(2379.6625,381.,571.5));
#3039=VERTEX_POINT('',#3038);
#3040=CARTESIAN_POINT('',(2379.6625,381.,571.5));
#3041=DIRECTION('',(1.,0.,-0.));
#3042=VECTOR('',#3041,9.525);
#3043=LINE('',#3040,#3042);
#3044=EDGE_CURVE('',#3039,#2946,#3043,.T.);
#3045=ORIENTED_EDGE('',*,*,#3044,.F.);
#3046=CARTESIAN_POINT('',(2379.6625,387.35,571.5));
#3047=VERTEX_POINT('',#3046);
#3048=CARTESIAN_POINT('',(2379.6625,387.35,571.5));
#3049=DIRECTION('',(0.,-1.,0.));
#3050=VECTOR('',#3049,6.35);
#3051=LINE('',#3048,#3050);
#3052=EDGE_CURVE('',#3047,#3039,#3051,.T.);
#3053=ORIENTED_EDGE('',*,*,#3052,.F.);
#3054=CARTESIAN_POINT('',(2389.1875,387.35,571.5));
#3055=VERTEX_POINT('',#3054);
#3056=CARTESIAN_POINT('',(2379.6625,387.35,571.5));
#3057=DIRECTION('',(1.,0.,-0.));
#3058=VECTOR('',#3057,9.525);
#3059=LINE('',#3056,#3058);
#3060=EDGE_CURVE('',#3047,#3055,#3059,.T.);
#3061=ORIENTED_EDGE('',*,*,#3060,.T.);
#3062=CARTESIAN_POINT('',(2389.1875,406.4,571.5));
#3063=VERTEX_POINT('',#3062);
#3064=CARTESIAN_POINT('',(2389.1875,406.4,571.5));
#3065=DIRECTION('',(0.,-1.,0.));
#3066=VECTOR('',#3065,19.05);
#3067=LINE('',#3064,#3066);
#3068=EDGE_CURVE('',#3063,#3055,#3067,.T.);
#3069=ORIENTED_EDGE('',*,*,#3068,.F.);
#3070=CARTESIAN_POINT('',(2370.1375,406.4,571.5));
#3071=VERTEX_POINT('',#3070);
#3072=CARTESIAN_POINT('',(2370.1375,406.4,571.5));
#3073=DIRECTION('',(1.,0.,-0.));
#3074=VECTOR('',#3073,19.05);
#3075=LINE('',#3072,#3074);
#3076=EDGE_CURVE('',#3071,#3063,#3075,.T.);
#3077=ORIENTED_EDGE('',*,*,#3076,.F.);
#3078=CARTESIAN_POINT('',(2370.1375,0.,571.5));
#3079=VERTEX_POINT('',#3078);
#3080=CARTESIAN_POINT('',(2370.1375,406.4,571.5));
#3081=DIRECTION('',(0.,-1.,0.));
#3082=VECTOR('',#3081,406.4);
#3083=LINE('',#3080,#3082);
#3084=EDGE_CURVE('',#3071,#3079,#3083,.T.);
#3085=ORIENTED_EDGE('',*,*,#3084,.T.);
#3086=CARTESIAN_POINT('',(2370.1375,0.,571.5));
#3087=DIRECTION('',(1.,0.,-0.));
#3088=VECTOR('',#3087,19.05);
#3089=LINE('',#3086,#3088);
#3090=EDGE_CURVE('',#3079,#2954,#3089,.T.);
#3091=ORIENTED_EDGE('',*,*,#3090,.T.);
#3092=ORIENTED_EDGE('',*,*,#2959,.F.);
#3093=EDGE_LOOP('',(#3045,#3053,#3061,#3069,#3077,#3085,#3091,#3092));
#3094=FACE_BOUND('',#3093,.T.);
#3095=ADVANCED_FACE('',(#3094),#3037,.F.);
#3096=CARTESIAN_POINT('',(2389.1875,406.4,557.2125));
#3097=DIRECTION('',(1.,0.,0.));
#3098=DIRECTION('',(0.,0.,-1.));
#3099=AXIS2_PLACEMENT_3D('',#3096,#3097,#3098);
#3100=PLANE('',#3099);
#3101=CARTESIAN_POINT('',(2389.1875,387.35,120.65));
#3102=DIRECTION('',(-0.,0.,1.));
#3103=VECTOR('',#3102,450.85);
#3104=LINE('',#3101,#3103);
#3105=EDGE_CURVE('',#3009,#3055,#3104,.T.);
#3106=ORIENTED_EDGE('',*,*,#3105,.F.);
#3107=ORIENTED_EDGE('',*,*,#3014,.F.);
#3108=CARTESIAN_POINT('',(2389.1875,406.4,120.65));
#3109=DIRECTION('',(-0.,0.,1.));
#3110=VECTOR('',#3109,450.85);
#3111=LINE('',#3108,#3110);
#3112=EDGE_CURVE('',#3001,#3063,#3111,.T.);
#3113=ORIENTED_EDGE('',*,*,#3112,.T.);
#3114=ORIENTED_EDGE('',*,*,#3068,.T.);
#3115=EDGE_LOOP('',(#3106,#3107,#3113,#3114));
#3116=FACE_BOUND('',#3115,.T.);
#3117=ADVANCED_FACE('',(#3116),#3100,.T.);
#3118=CARTESIAN_POINT('',(2370.1375,406.4,346.075));
#3119=DIRECTION('',(1.,0.,0.));
#3120=DIRECTION('',(0.,0.,-1.));
#3121=AXIS2_PLACEMENT_3D('',#3118,#3119,#3120);
#3122=PLANE('',#3121);
#3123=CARTESIAN_POINT('',(2370.1375,0.,120.65));
#3124=DIRECTION('',(0.,0.,1.));
#3125=VECTOR('',#3124,450.85);
#3126=LINE('',#3123,#3125);
#3127=EDGE_CURVE('',#2985,#3079,#3126,.T.);
#3128=ORIENTED_EDGE('',*,*,#3127,.T.);
#3129=ORIENTED_EDGE('',*,*,#3084,.F.);
#3130=CARTESIAN_POINT('',(2370.1375,406.4,120.65));
#3131=DIRECTION('',(0.,0.,1.));
#3132=VECTOR('',#3131,450.85);
#3133=LINE('',#3130,#3132);
#3134=EDGE_CURVE('',#2993,#3071,#3133,.T.);
#3135=ORIENTED_EDGE('',*,*,#3134,.F.);
#3136=ORIENTED_EDGE('',*,*,#2998,.T.);
#3137=EDGE_LOOP('',(#3128,#3129,#3135,#3136));
#3138=FACE_BOUND('',#3137,.T.);
#3139=ADVANCED_FACE('',(#3138),#3122,.F.);
#3140=CARTESIAN_POINT('',(2370.1375,406.4,120.65));
#3141=DIRECTION('',(0.,-1.,0.));
#3142=DIRECTION('',(1.,0.,0.));
#3143=AXIS2_PLACEMENT_3D('',#3140,#3141,#3142);
#3144=PLANE('',#3143);
#3145=ORIENTED_EDGE('',*,*,#3006,.T.);
#3146=ORIENTED_EDGE('',*,*,#3134,.T.);
#3147=ORIENTED_EDGE('',*,*,#3076,.T.);
#3148=ORIENTED_EDGE('',*,*,#3112,.F.);
#3149=EDGE_LOOP('',(#3145,#3146,#3147,#3148));
#3150=FACE_BOUND('',#3149,.T.);
#3151=ADVANCED_FACE('',(#3150),#3144,.F.);
#3152=CARTESIAN_POINT('',(2370.1375,0.,120.65));
#3153=DIRECTION('',(0.,-1.,0.));
#3154=DIRECTION('',(1.,0.,0.));
#3155=AXIS2_PLACEMENT_3D('',#3152,#3153,#3154);
#3156=PLANE('',#3155);
#3157=ORIENTED_EDGE('',*,*,#2990,.F.);
#3158=ORIENTED_EDGE('',*,*,#2965,.T.);
#3159=ORIENTED_EDGE('',*,*,#3090,.F.);
#3160=ORIENTED_EDGE('',*,*,#3127,.F.);
#3161=EDGE_LOOP('',(#3157,#3158,#3159,#3160));
#3162=FACE_BOUND('',#3161,.T.);
#3163=ADVANCED_FACE('',(#3162),#3156,.T.);
#3164=CARTESIAN_POINT('',(2379.6625,387.35,346.075));
#3165=DIRECTION('',(-1.,0.,-0.));
#3166=DIRECTION('',(-0.,0.,1.));
#3167=AXIS2_PLACEMENT_3D('',#3164,#3165,#3166);
#3168=PLANE('',#3167);
#3169=CARTESIAN_POINT('',(2379.6625,381.,571.5));
#3170=DIRECTION('',(0.,0.,-1.));
#3171=VECTOR('',#3170,450.85);
#3172=LINE('',#3169,#3171);
#3173=EDGE_CURVE('',#3039,#2976,#3172,.T.);
#3174=ORIENTED_EDGE('',*,*,#3173,.T.);
#3175=ORIENTED_EDGE('',*,*,#3028,.F.);
#3176=CARTESIAN_POINT('',(2379.6625,387.35,571.5));
#3177=DIRECTION('',(0.,0.,-1.));
#3178=VECTOR('',#3177,450.85);
#3179=LINE('',#3176,#3178);
#3180=EDGE_CURVE('',#3047,#3017,#3179,.T.);
#3181=ORIENTED_EDGE('',*,*,#3180,.F.);
#3182=ORIENTED_EDGE('',*,*,#3052,.T.);
#3183=EDGE_LOOP('',(#3174,#3175,#3181,#3182));
#3184=FACE_BOUND('',#3183,.T.);
#3185=ADVANCED_FACE('',(#3184),#3168,.F.);
#3186=CARTESIAN_POINT('',(2370.1375,387.35,120.65));
#3187=DIRECTION('',(0.,-1.,0.));
#3188=DIRECTION('',(1.,0.,0.));
#3189=AXIS2_PLACEMENT_3D('',#3186,#3187,#3188);
#3190=PLANE('',#3189);
#3191=ORIENTED_EDGE('',*,*,#3105,.T.);
#3192=ORIENTED_EDGE('',*,*,#3060,.F.);
#3193=ORIENTED_EDGE('',*,*,#3180,.T.);
#3194=ORIENTED_EDGE('',*,*,#3022,.F.);
#3195=EDGE_LOOP('',(#3191,#3192,#3193,#3194));
#3196=FACE_BOUND('',#3195,.T.);
#3197=ADVANCED_FACE('',(#3196),#3190,.T.);
#3198=CARTESIAN_POINT('',(2370.1375,381.,120.65));
#3199=DIRECTION('',(0.,-1.,0.));
#3200=DIRECTION('',(1.,0.,0.));
#3201=AXIS2_PLACEMENT_3D('',#3198,#3199,#3200);
#3202=PLANE('',#3201);
#3203=ORIENTED_EDGE('',*,*,#2951,.F.);
#3204=ORIENTED_EDGE('',*,*,#2981,.T.);
#3205=ORIENTED_EDGE('',*,*,#3173,.F.);
#3206=ORIENTED_EDGE('',*,*,#3044,.T.);
#3207=EDGE_LOOP('',(#3203,#3204,#3205,#3206));
#3208=FACE_BOUND('',#3207,.T.);
#3209=ADVANCED_FACE('',(#3208),#3202,.F.);
#3210=CLOSED_SHELL('',(#2969,#3032,#3095,#3117,#3139,#3151,#3163,#3185,#3197,#3209));
#3211=MANIFOLD_SOLID_BREP('[Panel] Left',#3210);
#2929=STYLED_ITEM('',(#267),#3211);
#3213=CARTESIAN_POINT('',(2773.3625,406.4,139.7));
#3214=DIRECTION('',(-0.,0.,1.));
#3215=DIRECTION('',(1.,0.,0.));
#3216=AXIS2_PLACEMENT_3D('',#3213,#3214,#3215);
#3217=PLANE('',#3216);
#3218=CARTESIAN_POINT('',(3157.5375,381.,139.7));
#3219=VERTEX_POINT('',#3218);
#3220=CARTESIAN_POINT('',(3157.5375,0.,139.7));
#3221=VERTEX_POINT('',#3220);
#3222=CARTESIAN_POINT('',(3157.5375,381.,139.7));
#3223=DIRECTION('',(0.,-1.,0.));
#3224=VECTOR('',#3223,381.);
#3225=LINE('',#3222,#3224);
#3226=EDGE_CURVE('',#3219,#3221,#3225,.T.);
#3227=ORIENTED_EDGE('',*,*,#3226,.F.);
#3228=CARTESIAN_POINT('',(2389.1875,381.,139.7));
#3229=VERTEX_POINT('',#3228);
#3230=CARTESIAN_POINT('',(3157.5375,381.,139.7));
#3231=DIRECTION('',(-1.,0.,-0.));
#3232=VECTOR('',#3231,768.35);
#3233=LINE('',#3230,#3232);
#3234=EDGE_CURVE('',#3219,#3229,#3233,.T.);
#3235=ORIENTED_EDGE('',*,*,#3234,.T.);
#3236=CARTESIAN_POINT('',(2389.1875,0.,139.7));
#3237=VERTEX_POINT('',#3236);
#3238=CARTESIAN_POINT('',(2389.1875,381.,139.7));
#3239=DIRECTION('',(0.,-1.,0.));
#3240=VECTOR('',#3239,381.);
#3241=LINE('',#3238,#3240);
#3242=EDGE_CURVE('',#3229,#3237,#3241,.T.);
#3243=ORIENTED_EDGE('',*,*,#3242,.T.);
#3244=CARTESIAN_POINT('',(3157.5375,0.,139.7));
#3245=DIRECTION('',(-1.,0.,-0.));
#3246=VECTOR('',#3245,768.35);
#3247=LINE('',#3244,#3246);
#3248=EDGE_CURVE('',#3221,#3237,#3247,.T.);
#3249=ORIENTED_EDGE('',*,*,#3248,.F.);
#3250=EDGE_LOOP('',(#3227,#3235,#3243,#3249));
#3251=FACE_BOUND('',#3250,.T.);
#3252=ADVANCED_FACE('',(#3251),#3217,.T.);
#3253=CARTESIAN_POINT('',(3157.5375,406.4,125.4125));
#3254=DIRECTION('',(-1.,0.,0.));
#3255=DIRECTION('',(0.,0.,1.));
#3256=AXIS2_PLACEMENT_3D('',#3253,#3254,#3255);
#3257=PLANE('',#3256);
#3258=CARTESIAN_POINT('',(3157.5375,381.,130.175));
#3259=VERTEX_POINT('',#3258);
#3260=CARTESIAN_POINT('',(3157.5375,381.,139.7));
#3261=DIRECTION('',(0.,0.,-1.));
#3262=VECTOR('',#3261,9.525);
#3263=LINE('',#3260,#3262);
#3264=EDGE_CURVE('',#3219,#3259,#3263,.T.);
#3265=ORIENTED_EDGE('',*,*,#3264,.F.);
#3266=ORIENTED_EDGE('',*,*,#3226,.T.);
#3267=CARTESIAN_POINT('',(3157.5375,0.,120.65));
#3268=VERTEX_POINT('',#3267);
#3269=CARTESIAN_POINT('',(3157.5375,0.,139.7));
#3270=DIRECTION('',(0.,0.,-1.));
#3271=VECTOR('',#3270,19.05);
#3272=LINE('',#3269,#3271);
#3273=EDGE_CURVE('',#3221,#3268,#3272,.T.);
#3274=ORIENTED_EDGE('',*,*,#3273,.T.);
#3275=CARTESIAN_POINT('',(3157.5375,406.4,120.65));
#3276=VERTEX_POINT('',#3275);
#3277=CARTESIAN_POINT('',(3157.5375,406.4,120.65));
#3278=DIRECTION('',(0.,-1.,0.));
#3279=VECTOR('',#3278,406.4);
#3280=LINE('',#3277,#3279);
#3281=EDGE_CURVE('',#3276,#3268,#3280,.T.);
#3282=ORIENTED_EDGE('',*,*,#3281,.F.);
#3283=CARTESIAN_POINT('',(3157.5375,406.4,139.7));
#3284=VERTEX_POINT('',#3283);
#3285=CARTESIAN_POINT('',(3157.5375,406.4,139.7));
#3286=DIRECTION('',(0.,0.,-1.));
#3287=VECTOR('',#3286,19.05);
#3288=LINE('',#3285,#3287);
#3289=EDGE_CURVE('',#3284,#3276,#3288,.T.);
#3290=ORIENTED_EDGE('',*,*,#3289,.F.);
#3291=CARTESIAN_POINT('',(3157.5375,387.35,139.7));
#3292=VERTEX_POINT('',#3291);
#3293=CARTESIAN_POINT('',(3157.5375,406.4,139.7));
#3294=DIRECTION('',(0.,-1.,0.));
#3295=VECTOR('',#3294,19.05);
#3296=LINE('',#3293,#3295);
#3297=EDGE_CURVE('',#3284,#3292,#3296,.T.);
#3298=ORIENTED_EDGE('',*,*,#3297,.T.);
#3299=CARTESIAN_POINT('',(3157.5375,387.35,130.175));
#3300=VERTEX_POINT('',#3299);
#3301=CARTESIAN_POINT('',(3157.5375,387.35,139.7));
#3302=DIRECTION('',(0.,0.,-1.));
#3303=VECTOR('',#3302,9.525);
#3304=LINE('',#3301,#3303);
#3305=EDGE_CURVE('',#3292,#3300,#3304,.T.);
#3306=ORIENTED_EDGE('',*,*,#3305,.T.);
#3307=CARTESIAN_POINT('',(3157.5375,387.35,130.175));
#3308=DIRECTION('',(0.,-1.,0.));
#3309=VECTOR('',#3308,6.35);
#3310=LINE('',#3307,#3309);
#3311=EDGE_CURVE('',#3300,#3259,#3310,.T.);
#3312=ORIENTED_EDGE('',*,*,#3311,.T.);
#3313=EDGE_LOOP('',(#3265,#3266,#3274,#3282,#3290,#3298,#3306,#3312));
#3314=FACE_BOUND('',#3313,.T.);
#3315=ADVANCED_FACE('',(#3314),#3257,.F.);
#3316=CARTESIAN_POINT('',(2389.1875,406.4,125.4125));
#3317=DIRECTION('',(-1.,0.,-0.));
#3318=DIRECTION('',(-0.,0.,1.));
#3319=AXIS2_PLACEMENT_3D('',#3316,#3317,#3318);
#3320=PLANE('',#3319);
#3321=ORIENTED_EDGE('',*,*,#3242,.F.);
#3322=CARTESIAN_POINT('',(2389.1875,381.,130.175));
#3323=VERTEX_POINT('',#3322);
#3324=CARTESIAN_POINT('',(2389.1875,381.,139.7));
#3325=DIRECTION('',(0.,0.,-1.));
#3326=VECTOR('',#3325,9.525);
#3327=LINE('',#3324,#3326);
#3328=EDGE_CURVE('',#3229,#3323,#3327,.T.);
#3329=ORIENTED_EDGE('',*,*,#3328,.T.);
#3330=CARTESIAN_POINT('',(2389.1875,387.35,130.175));
#3331=VERTEX_POINT('',#3330);
#3332=CARTESIAN_POINT('',(2389.1875,387.35,130.175));
#3333=DIRECTION('',(0.,-1.,0.));
#3334=VECTOR('',#3333,6.35);
#3335=LINE('',#3332,#3334);
#3336=EDGE_CURVE('',#3331,#3323,#3335,.T.);
#3337=ORIENTED_EDGE('',*,*,#3336,.F.);
#3338=CARTESIAN_POINT('',(2389.1875,387.35,139.7));
#3339=VERTEX_POINT('',#3338);
#3340=CARTESIAN_POINT('',(2389.1875,387.35,139.7));
#3341=DIRECTION('',(0.,0.,-1.));
#3342=VECTOR('',#3341,9.525);
#3343=LINE('',#3340,#3342);
#3344=EDGE_CURVE('',#3339,#3331,#3343,.T.);
#3345=ORIENTED_EDGE('',*,*,#3344,.F.);
#3346=CARTESIAN_POINT('',(2389.1875,406.4,139.7));
#3347=VERTEX_POINT('',#3346);
#3348=CARTESIAN_POINT('',(2389.1875,406.4,139.7));
#3349=DIRECTION('',(0.,-1.,0.));
#3350=VECTOR('',#3349,19.05);
#3351=LINE('',#3348,#3350);
#3352=EDGE_CURVE('',#3347,#3339,#3351,.T.);
#3353=ORIENTED_EDGE('',*,*,#3352,.F.);
#3354=CARTESIAN_POINT('',(2389.1875,406.4,120.65));
#3355=VERTEX_POINT('',#3354);
#3356=CARTESIAN_POINT('',(2389.1875,406.4,139.7));
#3357=DIRECTION('',(0.,0.,-1.));
#3358=VECTOR('',#3357,19.05);
#3359=LINE('',#3356,#3358);
#3360=EDGE_CURVE('',#3347,#3355,#3359,.T.);
#3361=ORIENTED_EDGE('',*,*,#3360,.T.);
#3362=CARTESIAN_POINT('',(2389.1875,0.,120.65));
#3363=VERTEX_POINT('',#3362);
#3364=CARTESIAN_POINT('',(2389.1875,406.4,120.65));
#3365=DIRECTION('',(0.,-1.,0.));
#3366=VECTOR('',#3365,406.4);
#3367=LINE('',#3364,#3366);
#3368=EDGE_CURVE('',#3355,#3363,#3367,.T.);
#3369=ORIENTED_EDGE('',*,*,#3368,.T.);
#3370=CARTESIAN_POINT('',(2389.1875,0.,139.7));
#3371=DIRECTION('',(0.,0.,-1.));
#3372=VECTOR('',#3371,19.05);
#3373=LINE('',#3370,#3372);
#3374=EDGE_CURVE('',#3237,#3363,#3373,.T.);
#3375=ORIENTED_EDGE('',*,*,#3374,.F.);
#3376=EDGE_LOOP('',(#3321,#3329,#3337,#3345,#3353,#3361,#3369,#3375));
#3377=FACE_BOUND('',#3376,.T.);
#3378=ADVANCED_FACE('',(#3377),#3320,.T.);
#3379=CARTESIAN_POINT('',(2773.3625,406.4,139.7));
#3380=DIRECTION('',(-0.,0.,1.));
#3381=DIRECTION('',(1.,0.,0.));
#3382=AXIS2_PLACEMENT_3D('',#3379,#3380,#3381);
#3383=PLANE('',#3382);
#3384=CARTESIAN_POINT('',(3157.5375,387.35,139.7));
#3385=DIRECTION('',(-1.,0.,-0.));
#3386=VECTOR('',#3385,768.35);
#3387=LINE('',#3384,#3386);
#3388=EDGE_CURVE('',#3292,#3339,#3387,.T.);
#3389=ORIENTED_EDGE('',*,*,#3388,.F.);
#3390=ORIENTED_EDGE('',*,*,#3297,.F.);
#3391=CARTESIAN_POINT('',(3157.5375,406.4,139.7));
#3392=DIRECTION('',(-1.,0.,-0.));
#3393=VECTOR('',#3392,768.35);
#3394=LINE('',#3391,#3393);
#3395=EDGE_CURVE('',#3284,#3347,#3394,.T.);
#3396=ORIENTED_EDGE('',*,*,#3395,.T.);
#3397=ORIENTED_EDGE('',*,*,#3352,.T.);
#3398=EDGE_LOOP('',(#3389,#3390,#3396,#3397));
#3399=FACE_BOUND('',#3398,.T.);
#3400=ADVANCED_FACE('',(#3399),#3383,.T.);
#3401=CARTESIAN_POINT('',(2773.3625,406.4,120.65));
#3402=DIRECTION('',(0.,0.,-1.));
#3403=DIRECTION('',(-1.,0.,0.));
#3404=AXIS2_PLACEMENT_3D('',#3401,#3402,#3403);
#3405=PLANE('',#3404);
#3406=CARTESIAN_POINT('',(2389.1875,0.,120.65));
#3407=DIRECTION('',(1.,0.,-0.));
#3408=VECTOR('',#3407,768.35);
#3409=LINE('',#3406,#3408);
#3410=EDGE_CURVE('',#3363,#3268,#3409,.T.);
#3411=ORIENTED_EDGE('',*,*,#3410,.F.);
#3412=ORIENTED_EDGE('',*,*,#3368,.F.);
#3413=CARTESIAN_POINT('',(2389.1875,406.4,120.65));
#3414=DIRECTION('',(1.,0.,-0.));
#3415=VECTOR('',#3414,768.35);
#3416=LINE('',#3413,#3415);
#3417=EDGE_CURVE('',#3355,#3276,#3416,.T.);
#3418=ORIENTED_EDGE('',*,*,#3417,.T.);
#3419=ORIENTED_EDGE('',*,*,#3281,.T.);
#3420=EDGE_LOOP('',(#3411,#3412,#3418,#3419));
#3421=FACE_BOUND('',#3420,.T.);
#3422=ADVANCED_FACE('',(#3421),#3405,.T.);
#3423=CARTESIAN_POINT('',(2370.1375,406.4,120.65));
#3424=DIRECTION('',(0.,-1.,0.));
#3425=DIRECTION('',(1.,0.,0.));
#3426=AXIS2_PLACEMENT_3D('',#3423,#3424,#3425);
#3427=PLANE('',#3426);
#3428=ORIENTED_EDGE('',*,*,#3289,.T.);
#3429=ORIENTED_EDGE('',*,*,#3417,.F.);
#3430=ORIENTED_EDGE('',*,*,#3360,.F.);
#3431=ORIENTED_EDGE('',*,*,#3395,.F.);
#3432=EDGE_LOOP('',(#3428,#3429,#3430,#3431));
#3433=FACE_BOUND('',#3432,.T.);
#3434=ADVANCED_FACE('',(#3433),#3427,.F.);
#3435=CARTESIAN_POINT('',(2370.1375,0.,120.65));
#3436=DIRECTION('',(0.,-1.,0.));
#3437=DIRECTION('',(1.,0.,0.));
#3438=AXIS2_PLACEMENT_3D('',#3435,#3436,#3437);
#3439=PLANE('',#3438);
#3440=ORIENTED_EDGE('',*,*,#3273,.F.);
#3441=ORIENTED_EDGE('',*,*,#3248,.T.);
#3442=ORIENTED_EDGE('',*,*,#3374,.T.);
#3443=ORIENTED_EDGE('',*,*,#3410,.T.);
#3444=EDGE_LOOP('',(#3440,#3441,#3442,#3443));
#3445=FACE_BOUND('',#3444,.T.);
#3446=ADVANCED_FACE('',(#3445),#3439,.T.);
#3447=CARTESIAN_POINT('',(2773.3625,387.35,130.175));
#3448=DIRECTION('',(0.,0.,1.));
#3449=DIRECTION('',(1.,0.,-0.));
#3450=AXIS2_PLACEMENT_3D('',#3447,#3448,#3449);
#3451=PLANE('',#3450);
#3452=CARTESIAN_POINT('',(3157.5375,381.,130.175));
#3453=DIRECTION('',(-1.,0.,0.));
#3454=VECTOR('',#3453,768.35);
#3455=LINE('',#3452,#3454);
#3456=EDGE_CURVE('',#3259,#3323,#3455,.T.);
#3457=ORIENTED_EDGE('',*,*,#3456,.F.);
#3458=ORIENTED_EDGE('',*,*,#3311,.F.);
#3459=CARTESIAN_POINT('',(3157.5375,387.35,130.175));
#3460=DIRECTION('',(-1.,0.,0.));
#3461=VECTOR('',#3460,768.35);
#3462=LINE('',#3459,#3461);
#3463=EDGE_CURVE('',#3300,#3331,#3462,.T.);
#3464=ORIENTED_EDGE('',*,*,#3463,.T.);
#3465=ORIENTED_EDGE('',*,*,#3336,.T.);
#3466=EDGE_LOOP('',(#3457,#3458,#3464,#3465));
#3467=FACE_BOUND('',#3466,.T.);
#3468=ADVANCED_FACE('',(#3467),#3451,.T.);
#3469=CARTESIAN_POINT('',(2370.1375,387.35,120.65));
#3470=DIRECTION('',(0.,-1.,0.));
#3471=DIRECTION('',(1.,0.,0.));
#3472=AXIS2_PLACEMENT_3D('',#3469,#3470,#3471);
#3473=PLANE('',#3472);
#3474=ORIENTED_EDGE('',*,*,#3463,.F.);
#3475=ORIENTED_EDGE('',*,*,#3305,.F.);
#3476=ORIENTED_EDGE('',*,*,#3388,.T.);
#3477=ORIENTED_EDGE('',*,*,#3344,.T.);
#3478=EDGE_LOOP('',(#3474,#3475,#3476,#3477));
#3479=FACE_BOUND('',#3478,.T.);
#3480=ADVANCED_FACE('',(#3479),#3473,.T.);
#3481=CARTESIAN_POINT('',(2370.1375,381.,120.65));
#3482=DIRECTION('',(0.,-1.,0.));
#3483=DIRECTION('',(1.,0.,0.));
#3484=AXIS2_PLACEMENT_3D('',#3481,#3482,#3483);
#3485=PLANE('',#3484);
#3486=ORIENTED_EDGE('',*,*,#3456,.T.);
#3487=ORIENTED_EDGE('',*,*,#3328,.F.);
#3488=ORIENTED_EDGE('',*,*,#3234,.F.);
#3489=ORIENTED_EDGE('',*,*,#3264,.T.);
#3490=EDGE_LOOP('',(#3486,#3487,#3488,#3489));
#3491=FACE_BOUND('',#3490,.T.);
#3492=ADVANCED_FACE('',(#3491),#3485,.F.);
#3493=CLOSED_SHELL('',(#3252,#3315,#3378,#3400,#3422,#3434,#3446,#3468,#3480,#3492));
#3494=MANIFOLD_SOLID_BREP('[Panel] Bottom',#3493);
#3212=STYLED_ITEM('',(#267),#3494);
#3496=CARTESIAN_POINT('',(3167.0625,384.175,561.975));
#3497=DIRECTION('',(1.,0.,0.));
#3498=DIRECTION('',(0.,0.,-1.));
#3499=AXIS2_PLACEMENT_3D('',#3496,#3497,#3498);
#3500=PLANE('',#3499);
#3501=CARTESIAN_POINT('',(3167.0625,387.35,130.175));
#3502=VERTEX_POINT('',#3501);
#3503=CARTESIAN_POINT('',(3167.0625,381.,130.175));
#3504=VERTEX_POINT('',#3503);
#3505=CARTESIAN_POINT('',(3167.0625,387.35,130.175));
#3506=DIRECTION('',(0.,-1.,0.));
#3507=VECTOR('',#3506,6.35);
#3508=LINE('',#3505,#3507);
#3509=EDGE_CURVE('',#3502,#3504,#3508,.T.);
#3510=ORIENTED_EDGE('',*,*,#3509,.F.);
#3511=CARTESIAN_POINT('',(3167.0625,387.35,561.975));
#3512=VERTEX_POINT('',#3511);
#3513=CARTESIAN_POINT('',(3167.0625,387.35,561.975));
#3514=DIRECTION('',(0.,0.,-1.));
#3515=VECTOR('',#3514,431.8);
#3516=LINE('',#3513,#3515);
#3517=EDGE_CURVE('',#3512,#3502,#3516,.T.);
#3518=ORIENTED_EDGE('',*,*,#3517,.F.);
#3519=CARTESIAN_POINT('',(3167.0625,381.,561.975));
#3520=VERTEX_POINT('',#3519);
#3521=CARTESIAN_POINT('',(3167.0625,387.35,561.975));
#3522=DIRECTION('',(0.,-1.,0.));
#3523=VECTOR('',#3522,6.35);
#3524=LINE('',#3521,#3523);
#3525=EDGE_CURVE('',#3512,#3520,#3524,.T.);
#3526=ORIENTED_EDGE('',*,*,#3525,.T.);
#3527=CARTESIAN_POINT('',(3167.0625,381.,561.975));
#3528=DIRECTION('',(0.,0.,-1.));
#3529=VECTOR('',#3528,431.8);
#3530=LINE('',#3527,#3529);
#3531=EDGE_CURVE('',#3520,#3504,#3530,.T.);
#3532=ORIENTED_EDGE('',*,*,#3531,.T.);
#3533=EDGE_LOOP('',(#3510,#3518,#3526,#3532));
#3534=FACE_BOUND('',#3533,.T.);
#3535=ADVANCED_FACE('',(#3534),#3500,.T.);
#3536=CARTESIAN_POINT('',(2773.3625,387.35,561.975));
#3537=DIRECTION('',(0.,1.,0.));
#3538=DIRECTION('',(0.,0.,1.));
#3539=AXIS2_PLACEMENT_3D('',#3536,#3537,#3538);
#3540=PLANE('',#3539);
#3541=CARTESIAN_POINT('',(2379.6625,387.35,130.175));
#3542=VERTEX_POINT('',#3541);
#3543=CARTESIAN_POINT('',(2379.6625,387.35,130.175));
#3544=DIRECTION('',(1.,0.,-0.));
#3545=VECTOR('',#3544,787.4);
#3546=LINE('',#3543,#3545);
#3547=EDGE_CURVE('',#3542,#3502,#3546,.T.);
#3548=ORIENTED_EDGE('',*,*,#3547,.F.);
#3549=CARTESIAN_POINT('',(2379.6625,387.35,561.975));
#3550=VERTEX_POINT('',#3549);
#3551=CARTESIAN_POINT('',(2379.6625,387.35,561.975));
#3552=DIRECTION('',(0.,0.,-1.));
#3553=VECTOR('',#3552,431.8);
#3554=LINE('',#3551,#3553);
#3555=EDGE_CURVE('',#3550,#3542,#3554,.T.);
#3556=ORIENTED_EDGE('',*,*,#3555,.F.);
#3557=CARTESIAN_POINT('',(2379.6625,387.35,561.975));
#3558=DIRECTION('',(1.,0.,-0.));
#3559=VECTOR('',#3558,787.4);
#3560=LINE('',#3557,#3559);
#3561=EDGE_CURVE('',#3550,#3512,#3560,.T.);
#3562=ORIENTED_EDGE('',*,*,#3561,.T.);
#3563=ORIENTED_EDGE('',*,*,#3517,.T.);
#3564=EDGE_LOOP('',(#3548,#3556,#3562,#3563));
#3565=FACE_BOUND('',#3564,.T.);
#3566=ADVANCED_FACE('',(#3565),#3540,.T.);
#3567=CARTESIAN_POINT('',(2379.6625,384.175,561.975));
#3568=DIRECTION('',(-1.,-0.,0.));
#3569=DIRECTION('',(0.,-1.,0.));
#3570=AXIS2_PLACEMENT_3D('',#3567,#3568,#3569);
#3571=PLANE('',#3570);
#3572=CARTESIAN_POINT('',(2379.6625,381.,130.175));
#3573=VERTEX_POINT('',#3572);
#3574=CARTESIAN_POINT('',(2379.6625,381.,130.175));
#3575=DIRECTION('',(-0.,1.,0.));
#3576=VECTOR('',#3575,6.35);
#3577=LINE('',#3574,#3576);
#3578=EDGE_CURVE('',#3573,#3542,#3577,.T.);
#3579=ORIENTED_EDGE('',*,*,#3578,.F.);
#3580=CARTESIAN_POINT('',(2379.6625,381.,561.975));
#3581=VERTEX_POINT('',#3580);
#3582=CARTESIAN_POINT('',(2379.6625,381.,561.975));
#3583=DIRECTION('',(0.,0.,-1.));
#3584=VECTOR('',#3583,431.8);
#3585=LINE('',#3582,#3584);
#3586=EDGE_CURVE('',#3581,#3573,#3585,.T.);
#3587=ORIENTED_EDGE('',*,*,#3586,.F.);
#3588=CARTESIAN_POINT('',(2379.6625,381.,561.975));
#3589=DIRECTION('',(-0.,1.,0.));
#3590=VECTOR('',#3589,6.35);
#3591=LINE('',#3588,#3590);
#3592=EDGE_CURVE('',#3581,#3550,#3591,.T.);
#3593=ORIENTED_EDGE('',*,*,#3592,.T.);
#3594=ORIENTED_EDGE('',*,*,#3555,.T.);
#3595=EDGE_LOOP('',(#3579,#3587,#3593,#3594));
#3596=FACE_BOUND('',#3595,.T.);
#3597=ADVANCED_FACE('',(#3596),#3571,.T.);
#3598=CARTESIAN_POINT('',(2773.3625,381.,561.975));
#3599=DIRECTION('',(0.,-1.,0.));
#3600=DIRECTION('',(1.,0.,0.));
#3601=AXIS2_PLACEMENT_3D('',#3598,#3599,#3600);
#3602=PLANE('',#3601);
#3603=CARTESIAN_POINT('',(3167.0625,381.,130.175));
#3604=DIRECTION('',(-1.,-0.,0.));
#3605=VECTOR('',#3604,787.4);
#3606=LINE('',#3603,#3605);
#3607=EDGE_CURVE('',#3504,#3573,#3606,.T.);
#3608=ORIENTED_EDGE('',*,*,#3607,.F.);
#3609=ORIENTED_EDGE('',*,*,#3531,.F.);
#3610=CARTESIAN_POINT('',(3167.0625,381.,561.975));
#3611=DIRECTION('',(-1.,-0.,0.));
#3612=VECTOR('',#3611,787.4);
#3613=LINE('',#3610,#3612);
#3614=EDGE_CURVE('',#3520,#3581,#3613,.T.);
#3615=ORIENTED_EDGE('',*,*,#3614,.T.);
#3616=ORIENTED_EDGE('',*,*,#3586,.T.);
#3617=EDGE_LOOP('',(#3608,#3609,#3615,#3616));
#3618=FACE_BOUND('',#3617,.T.);
#3619=ADVANCED_FACE('',(#3618),#3602,.T.);
#3620=CARTESIAN_POINT('',(2370.1375,0.,561.975));
#3621=DIRECTION('',(0.,0.,1.));
#3622=DIRECTION('',(1.,0.,0.));
#3623=AXIS2_PLACEMENT_3D('',#3620,#3621,#3622);
#3624=PLANE('',#3623);
#3625=ORIENTED_EDGE('',*,*,#3525,.F.);
#3626=ORIENTED_EDGE('',*,*,#3561,.F.);
#3627=ORIENTED_EDGE('',*,*,#3592,.F.);
#3628=ORIENTED_EDGE('',*,*,#3614,.F.);
#3629=EDGE_LOOP('',(#3625,#3626,#3627,#3628));
#3630=FACE_BOUND('',#3629,.T.);
#3631=ADVANCED_FACE('',(#3630),#3624,.T.);
#3632=CARTESIAN_POINT('',(2370.1375,0.,130.175));
#3633=DIRECTION('',(0.,0.,1.));
#3634=DIRECTION('',(1.,0.,0.));
#3635=AXIS2_PLACEMENT_3D('',#3632,#3633,#3634);
#3636=PLANE('',#3635);
#3637=ORIENTED_EDGE('',*,*,#3509,.T.);
#3638=ORIENTED_EDGE('',*,*,#3607,.T.);
#3639=ORIENTED_EDGE('',*,*,#3578,.T.);
#3640=ORIENTED_EDGE('',*,*,#3547,.T.);
#3641=EDGE_LOOP('',(#3637,#3638,#3639,#3640));
#3642=FACE_BOUND('',#3641,.T.);
#3643=ADVANCED_FACE('',(#3642),#3636,.F.);
#3644=CLOSED_SHELL('',(#3535,#3566,#3597,#3619,#3631,#3643));
#3645=MANIFOLD_SOLID_BREP('[Backer]',#3644);
#3495=STYLED_ITEM('',(#267),#3645);
#1891=SHAPE_REPRESENTATION('Middle',(#15),#1889);
#1892=ADVANCED_BREP_SHAPE_REPRESENTATION('Middle',(#2060,#2211,#2362,#2645,#2928,#3211,#3494,#3645),#1889);
#3653=SHAPE_REPRESENTATION_RELATIONSHIP('','',#1891,#1892);
#3654=CARTESIAN_POINT('',(0.,0.,0.));
#3655=DIRECTION('',(0.,0.,1.));
#3656=DIRECTION('',(1.,0.,0.));
#3657=AXIS2_PLACEMENT_3D('',#3654,#3655,#3656);
#3659=MAPPED_ITEM('',#3658,#3657);
#3658=REPRESENTATION_MAP(#3657,#1891);
#1899=PRODUCT('Middle','Middle','',(#1877));
#3660=PRODUCT_RELATED_PRODUCT_CATEGORY('part','',(#1899));
#3661=PRODUCT_DEFINITION_FORMATION_WITH_SPECIFIED_SOURCE('','',#1899,.NOT_KNOWN.);
#1900=PRODUCT_DEFINITION('design','',#3661,#1878);
#1898=PRODUCT_DEFINITION_SHAPE('','',#1900);
#3662=SHAPE_DEFINITION_REPRESENTATION(#1898,#1891);
#1890=DRAUGHTING_MODEL('',(#3659),#1889);
#3663=(NAMED_UNIT(*)PLANE_ANGLE_UNIT()SI_UNIT($,.RADIAN.));
#3664=PLANE_ANGLE_MEASURE_WITH_UNIT(PLANE_ANGLE_MEASURE(0.0174532925),#3663);
#3665=(CONVERSION_BASED_UNIT('DEGREE',#3664)NAMED_UNIT(#3666)PLANE_ANGLE_UNIT());
#3666=DIMENSIONAL_EXPONENTS(0.,0.,0.,0.,0.,0.,0.);
#3667=(NAMED_UNIT(*)SI_UNIT($,.STERADIAN.)SOLID_ANGLE_UNIT());
#3668=(LENGTH_UNIT()NAMED_UNIT(*)SI_UNIT(.MILLI.,.METRE.));
#3669=UNCERTAINTY_MEASURE_WITH_UNIT(LENGTH_MEASURE(1.000000E-05),#3668,'DISTANCE_ACCURACY_VALUE','Maximum Tolerance applied to model');
#3670=(GEOMETRIC_REPRESENTATION_CONTEXT(3)GLOBAL_UNCERTAINTY_ASSIGNED_CONTEXT((#3669))GLOBAL_UNIT_ASSIGNED_CONTEXT((#3668,#3665,#3667))REPRESENTATION_CONTEXT('','Right'));
#3682=CARTESIAN_POINT('',(0.,0.,0.));
#3683=DIRECTION('',(0.,0.,1.));
#3684=DIRECTION('',(1.,0.,-0.));
#3685=AXIS2_PLACEMENT_3D('',#3682,#3683,#3684);
#3686=ITEM_DEFINED_TRANSFORMATION('','',#3685,#15);
#3687=(REPRESENTATION_RELATIONSHIP('','',#3672,#63)REPRESENTATION_RELATIONSHIP_WITH_TRANSFORMATION(#3686)SHAPE_REPRESENTATION_RELATIONSHIP());
#3688=NEXT_ASSEMBLY_USAGE_OCCURRENCE('Right_5','Right','Right',#72,#3681,$);
#3689=PRODUCT_DEFINITION_SHAPE('','',#3688);
#3690=CONTEXT_DEPENDENT_SHAPE_REPRESENTATION(#3687,#3689);
#3692=CARTESIAN_POINT('',(3587.75,406.4,241.3));
#3693=DIRECTION('',(0.,0.,-1.));
#3694=DIRECTION('',(-1.,0.,-0.));
#3695=AXIS2_PLACEMENT_3D('',#3692,#3693,#3694);
#3696=PLANE('',#3695);
#3697=CARTESIAN_POINT('',(3203.575,387.35,241.3));
#3698=VERTEX_POINT('',#3697);
#3699=CARTESIAN_POINT('',(3971.925,387.35,241.3));
#3700=VERTEX_POINT('',#3699);
#3701=CARTESIAN_POINT('',(3203.575,387.35,241.3));
#3702=DIRECTION('',(1.,0.,0.));
#3703=VECTOR('',#3702,768.35);
#3704=LINE('',#3701,#3703);
#3705=EDGE_CURVE('',#3698,#3700,#3704,.T.);
#3706=ORIENTED_EDGE('',*,*,#3705,.T.);
#3707=CARTESIAN_POINT('',(3971.925,406.4,241.3));
#3708=VERTEX_POINT('',#3707);
#3709=CARTESIAN_POINT('',(3971.925,406.4,241.3));
#3710=DIRECTION('',(0.,-1.,0.));
#3711=VECTOR('',#3710,19.05);
#3712=LINE('',#3709,#3711);
#3713=EDGE_CURVE('',#3708,#3700,#3712,.T.);
#3714=ORIENTED_EDGE('',*,*,#3713,.F.);
#3715=CARTESIAN_POINT('',(3203.575,406.4,241.3));
#3716=VERTEX_POINT('',#3715);
#3717=CARTESIAN_POINT('',(3203.575,406.4,241.3));
#3718=DIRECTION('',(1.,0.,0.));
#3719=VECTOR('',#3718,768.35);
#3720=LINE('',#3717,#3719);
#3721=EDGE_CURVE('',#3716,#3708,#3720,.T.);
#3722=ORIENTED_EDGE('',*,*,#3721,.F.);
#3723=CARTESIAN_POINT('',(3203.575,406.4,241.3));
#3724=DIRECTION('',(0.,-1.,0.));
#3725=VECTOR('',#3724,19.05);
#3726=LINE('',#3723,#3725);
#3727=EDGE_CURVE('',#3716,#3698,#3726,.T.);
#3728=ORIENTED_EDGE('',*,*,#3727,.T.);
#3729=EDGE_LOOP('',(#3706,#3714,#3722,#3728));
#3730=FACE_BOUND('',#3729,.T.);
#3731=ADVANCED_FACE('',(#3730),#3696,.F.);
#3732=CARTESIAN_POINT('',(3203.575,406.4,190.5));
#3733=DIRECTION('',(1.,0.,-0.));
#3734=DIRECTION('',(-0.,0.,-1.));
#3735=AXIS2_PLACEMENT_3D('',#3732,#3733,#3734);
#3736=PLANE('',#3735);
#3737=CARTESIAN_POINT('',(3203.575,387.35,139.7));
#3738=VERTEX_POINT('',#3737);
#3739=CARTESIAN_POINT('',(3203.575,387.35,139.7));
#3740=DIRECTION('',(0.,0.,1.));
#3741=VECTOR('',#3740,101.6);
#3742=LINE('',#3739,#3741);
#3743=EDGE_CURVE('',#3738,#3698,#3742,.T.);
#3744=ORIENTED_EDGE('',*,*,#3743,.T.);
#3745=ORIENTED_EDGE('',*,*,#3727,.F.);
#3746=CARTESIAN_POINT('',(3203.575,406.4,139.7));
#3747=VERTEX_POINT('',#3746);
#3748=CARTESIAN_POINT('',(3203.575,406.4,139.7));
#3749=DIRECTION('',(0.,0.,1.));
#3750=VECTOR('',#3749,101.6);
#3751=LINE('',#3748,#3750);
#3752=EDGE_CURVE('',#3747,#3716,#3751,.T.);
#3753=ORIENTED_EDGE('',*,*,#3752,.F.);
#3754=CARTESIAN_POINT('',(3203.575,406.4,139.7));
#3755=DIRECTION('',(0.,-1.,0.));
#3756=VECTOR('',#3755,19.05);
#3757=LINE('',#3754,#3756);
#3758=EDGE_CURVE('',#3747,#3738,#3757,.T.);
#3759=ORIENTED_EDGE('',*,*,#3758,.T.);
#3760=EDGE_LOOP('',(#3744,#3745,#3753,#3759));
#3761=FACE_BOUND('',#3760,.T.);
#3762=ADVANCED_FACE('',(#3761),#3736,.F.);
#3763=CARTESIAN_POINT('',(3587.75,406.4,139.7));
#3764=DIRECTION('',(-0.,0.,1.));
#3765=DIRECTION('',(1.,0.,0.));
#3766=AXIS2_PLACEMENT_3D('',#3763,#3764,#3765);
#3767=PLANE('',#3766);
#3768=CARTESIAN_POINT('',(3971.925,387.35,139.7));
#3769=VERTEX_POINT('',#3768);
#3770=CARTESIAN_POINT('',(3971.925,387.35,139.7));
#3771=DIRECTION('',(-1.,0.,-0.));
#3772=VECTOR('',#3771,768.35);
#3773=LINE('',#3770,#3772);
#3774=EDGE_CURVE('',#3769,#3738,#3773,.T.);
#3775=ORIENTED_EDGE('',*,*,#3774,.T.);
#3776=ORIENTED_EDGE('',*,*,#3758,.F.);
#3777=CARTESIAN_POINT('',(3971.925,406.4,139.7));
#3778=VERTEX_POINT('',#3777);
#3779=CARTESIAN_POINT('',(3971.925,406.4,139.7));
#3780=DIRECTION('',(-1.,0.,-0.));
#3781=VECTOR('',#3780,768.35);
#3782=LINE('',#3779,#3781);
#3783=EDGE_CURVE('',#3778,#3747,#3782,.T.);
#3784=ORIENTED_EDGE('',*,*,#3783,.F.);
#3785=CARTESIAN_POINT('',(3971.925,406.4,139.7));
#3786=DIRECTION('',(0.,-1.,0.));
#3787=VECTOR('',#3786,19.05);
#3788=LINE('',#3785,#3787);
#3789=EDGE_CURVE('',#3778,#3769,#3788,.T.);
#3790=ORIENTED_EDGE('',*,*,#3789,.T.);
#3791=EDGE_LOOP('',(#3775,#3776,#3784,#3790));
#3792=FACE_BOUND('',#3791,.T.);
#3793=ADVANCED_FACE('',(#3792),#3767,.F.);
#3794=CARTESIAN_POINT('',(3971.925,406.4,190.5));
#3795=DIRECTION('',(-1.,0.,0.));
#3796=DIRECTION('',(0.,0.,1.));
#3797=AXIS2_PLACEMENT_3D('',#3794,#3795,#3796);
#3798=PLANE('',#3797);
#3799=CARTESIAN_POINT('',(3971.925,387.35,241.3));
#3800=DIRECTION('',(0.,0.,-1.));
#3801=VECTOR('',#3800,101.6);
#3802=LINE('',#3799,#3801);
#3803=EDGE_CURVE('',#3700,#3769,#3802,.T.);
#3804=ORIENTED_EDGE('',*,*,#3803,.T.);
#3805=ORIENTED_EDGE('',*,*,#3789,.F.);
#3806=CARTESIAN_POINT('',(3971.925,406.4,241.3));
#3807=DIRECTION('',(0.,0.,-1.));
#3808=VECTOR('',#3807,101.6);
#3809=LINE('',#3806,#3808);
#3810=EDGE_CURVE('',#3708,#3778,#3809,.T.);
#3811=ORIENTED_EDGE('',*,*,#3810,.F.);
#3812=ORIENTED_EDGE('',*,*,#3713,.T.);
#3813=EDGE_LOOP('',(#3804,#3805,#3811,#3812));
#3814=FACE_BOUND('',#3813,.T.);
#3815=ADVANCED_FACE('',(#3814),#3798,.F.);
#3816=CARTESIAN_POINT('',(3184.525,406.4,120.65));
#3817=DIRECTION('',(0.,-1.,0.));
#3818=DIRECTION('',(1.,0.,0.));
#3819=AXIS2_PLACEMENT_3D('',#3816,#3817,#3818);
#3820=PLANE('',#3819);
#3821=ORIENTED_EDGE('',*,*,#3721,.T.);
#3822=ORIENTED_EDGE('',*,*,#3810,.T.);
#3823=ORIENTED_EDGE('',*,*,#3783,.T.);
#3824=ORIENTED_EDGE('',*,*,#3752,.T.);
#3825=EDGE_LOOP('',(#3821,#3822,#3823,#3824));
#3826=FACE_BOUND('',#3825,.T.);
#3827=ADVANCED_FACE('',(#3826),#3820,.F.);
#3828=CARTESIAN_POINT('',(3184.525,387.35,120.65));
#3829=DIRECTION('',(0.,-1.,0.));
#3830=DIRECTION('',(1.,0.,0.));
#3831=AXIS2_PLACEMENT_3D('',#3828,#3829,#3830);
#3832=PLANE('',#3831);
#3833=ORIENTED_EDGE('',*,*,#3705,.F.);
#3834=ORIENTED_EDGE('',*,*,#3743,.F.);
#3835=ORIENTED_EDGE('',*,*,#3774,.F.);
#3836=ORIENTED_EDGE('',*,*,#3803,.F.);
#3837=EDGE_LOOP('',(#3833,#3834,#3835,#3836));
#3838=FACE_BOUND('',#3837,.T.);
#3839=ADVANCED_FACE('',(#3838),#3832,.T.);
#3840=CLOSED_SHELL('',(#3731,#3762,#3793,#3815,#3827,#3839));
#3841=MANIFOLD_SOLID_BREP('[Nailer] Bottom',#3840);
#3691=STYLED_ITEM('',(#267),#3841);
#3843=CARTESIAN_POINT('',(3203.575,406.4,501.65));
#3844=DIRECTION('',(1.,0.,-0.));
#3845=DIRECTION('',(-0.,0.,-1.));
#3846=AXIS2_PLACEMENT_3D('',#3843,#3844,#3845);
#3847=PLANE('',#3846);
#3848=CARTESIAN_POINT('',(3203.575,387.35,450.85));
#3849=VERTEX_POINT('',#3848);
#3850=CARTESIAN_POINT('',(3203.575,387.35,552.45));
#3851=VERTEX_POINT('',#3850);
#3852=CARTESIAN_POINT('',(3203.575,387.35,450.85));
#3853=DIRECTION('',(0.,0.,1.));
#3854=VECTOR('',#3853,101.6);
#3855=LINE('',#3852,#3854);
#3856=EDGE_CURVE('',#3849,#3851,#3855,.T.);
#3857=ORIENTED_EDGE('',*,*,#3856,.T.);
#3858=CARTESIAN_POINT('',(3203.575,406.4,552.45));
#3859=VERTEX_POINT('',#3858);
#3860=CARTESIAN_POINT('',(3203.575,406.4,552.45));
#3861=DIRECTION('',(0.,-1.,0.));
#3862=VECTOR('',#3861,19.05);
#3863=LINE('',#3860,#3862);
#3864=EDGE_CURVE('',#3859,#3851,#3863,.T.);
#3865=ORIENTED_EDGE('',*,*,#3864,.F.);
#3866=CARTESIAN_POINT('',(3203.575,406.4,450.85));
#3867=VERTEX_POINT('',#3866);
#3868=CARTESIAN_POINT('',(3203.575,406.4,450.85));
#3869=DIRECTION('',(0.,0.,1.));
#3870=VECTOR('',#3869,101.6);
#3871=LINE('',#3868,#3870);
#3872=EDGE_CURVE('',#3867,#3859,#3871,.T.);
#3873=ORIENTED_EDGE('',*,*,#3872,.F.);
#3874=CARTESIAN_POINT('',(3203.575,406.4,450.85));
#3875=DIRECTION('',(0.,-1.,0.));
#3876=VECTOR('',#3875,19.05);
#3877=LINE('',#3874,#3876);
#3878=EDGE_CURVE('',#3867,#3849,#3877,.T.);
#3879=ORIENTED_EDGE('',*,*,#3878,.T.);
#3880=EDGE_LOOP('',(#3857,#3865,#3873,#3879));
#3881=FACE_BOUND('',#3880,.T.);
#3882=ADVANCED_FACE('',(#3881),#3847,.F.);
#3883=CARTESIAN_POINT('',(3587.75,406.4,450.85));
#3884=DIRECTION('',(0.,0.,-1.));
#3885=DIRECTION('',(-1.,0.,-0.));
#3886=AXIS2_PLACEMENT_3D('',#3883,#3884,#3885);
#3887=PLANE('',#3886);
#3888=CARTESIAN_POINT('',(3971.925,387.35,450.85));
#3889=VERTEX_POINT('',#3888);
#3890=CARTESIAN_POINT('',(3203.575,387.35,450.85));
#3891=DIRECTION('',(1.,0.,0.));
#3892=VECTOR('',#3891,768.35);
#3893=LINE('',#3890,#3892);
#3894=EDGE_CURVE('',#3849,#3889,#3893,.T.);
#3895=ORIENTED_EDGE('',*,*,#3894,.F.);
#3896=ORIENTED_EDGE('',*,*,#3878,.F.);
#3897=CARTESIAN_POINT('',(3971.925,406.4,450.85));
#3898=VERTEX_POINT('',#3897);
#3899=CARTESIAN_POINT('',(3203.575,406.4,450.85));
#3900=DIRECTION('',(1.,0.,0.));
#3901=VECTOR('',#3900,768.35);
#3902=LINE('',#3899,#3901);
#3903=EDGE_CURVE('',#3867,#3898,#3902,.T.);
#3904=ORIENTED_EDGE('',*,*,#3903,.T.);
#3905=CARTESIAN_POINT('',(3971.925,406.4,450.85));
#3906=DIRECTION('',(0.,-1.,0.));
#3907=VECTOR('',#3906,19.05);
#3908=LINE('',#3905,#3907);
#3909=EDGE_CURVE('',#3898,#3889,#3908,.T.);
#3910=ORIENTED_EDGE('',*,*,#3909,.T.);
#3911=EDGE_LOOP('',(#3895,#3896,#3904,#3910));
#3912=FACE_BOUND('',#3911,.T.);
#3913=ADVANCED_FACE('',(#3912),#3887,.T.);
#3914=CARTESIAN_POINT('',(3971.925,406.4,501.65));
#3915=DIRECTION('',(-1.,0.,0.));
#3916=DIRECTION('',(0.,0.,1.));
#3917=AXIS2_PLACEMENT_3D('',#3914,#3915,#3916);
#3918=PLANE('',#3917);
#3919=CARTESIAN_POINT('',(3971.925,387.35,552.45));
#3920=VERTEX_POINT('',#3919);
#3921=CARTESIAN_POINT('',(3971.925,387.35,552.45));
#3922=DIRECTION('',(0.,0.,-1.));
#3923=VECTOR('',#3922,101.6);
#3924=LINE('',#3921,#3923);
#3925=EDGE_CURVE('',#3920,#3889,#3924,.T.);
#3926=ORIENTED_EDGE('',*,*,#3925,.T.);
#3927=ORIENTED_EDGE('',*,*,#3909,.F.);
#3928=CARTESIAN_POINT('',(3971.925,406.4,552.45));
#3929=VERTEX_POINT('',#3928);
#3930=CARTESIAN_POINT('',(3971.925,406.4,552.45));
#3931=DIRECTION('',(0.,0.,-1.));
#3932=VECTOR('',#3931,101.6);
#3933=LINE('',#3930,#3932);
#3934=EDGE_CURVE('',#3929,#3898,#3933,.T.);
#3935=ORIENTED_EDGE('',*,*,#3934,.F.);
#3936=CARTESIAN_POINT('',(3971.925,406.4,552.45));
#3937=DIRECTION('',(0.,-1.,0.));
#3938=VECTOR('',#3937,19.05);
#3939=LINE('',#3936,#3938);
#3940=EDGE_CURVE('',#3929,#3920,#3939,.T.);
#3941=ORIENTED_EDGE('',*,*,#3940,.T.);
#3942=EDGE_LOOP('',(#3926,#3927,#3935,#3941));
#3943=FACE_BOUND('',#3942,.T.);
#3944=ADVANCED_FACE('',(#3943),#3918,.F.);
#3945=CARTESIAN_POINT('',(3587.75,406.4,552.45));
#3946=DIRECTION('',(0.,0.,-1.));
#3947=DIRECTION('',(-1.,0.,0.));
#3948=AXIS2_PLACEMENT_3D('',#3945,#3946,#3947);
#3949=PLANE('',#3948);
#3950=CARTESIAN_POINT('',(3203.575,387.35,552.45));
#3951=DIRECTION('',(1.,0.,-0.));
#3952=VECTOR('',#3951,768.35);
#3953=LINE('',#3950,#3952);
#3954=EDGE_CURVE('',#3851,#3920,#3953,.T.);
#3955=ORIENTED_EDGE('',*,*,#3954,.T.);
#3956=ORIENTED_EDGE('',*,*,#3940,.F.);
#3957=CARTESIAN_POINT('',(3203.575,406.4,552.45));
#3958=DIRECTION('',(1.,0.,-0.));
#3959=VECTOR('',#3958,768.35);
#3960=LINE('',#3957,#3959);
#3961=EDGE_CURVE('',#3859,#3929,#3960,.T.);
#3962=ORIENTED_EDGE('',*,*,#3961,.F.);
#3963=ORIENTED_EDGE('',*,*,#3864,.T.);
#3964=EDGE_LOOP('',(#3955,#3956,#3962,#3963));
#3965=FACE_BOUND('',#3964,.T.);
#3966=ADVANCED_FACE('',(#3965),#3949,.F.);
#3967=CARTESIAN_POINT('',(3184.525,406.4,120.65));
#3968=DIRECTION('',(0.,-1.,0.));
#3969=DIRECTION('',(1.,0.,0.));
#3970=AXIS2_PLACEMENT_3D('',#3967,#3968,#3969);
#3971=PLANE('',#3970);
#3972=ORIENTED_EDGE('',*,*,#3872,.T.);
#3973=ORIENTED_EDGE('',*,*,#3961,.T.);
#3974=ORIENTED_EDGE('',*,*,#3934,.T.);
#3975=ORIENTED_EDGE('',*,*,#3903,.F.);
#3976=EDGE_LOOP('',(#3972,#3973,#3974,#3975));
#3977=FACE_BOUND('',#3976,.T.);
#3978=ADVANCED_FACE('',(#3977),#3971,.F.);
#3979=CARTESIAN_POINT('',(3184.525,387.35,120.65));
#3980=DIRECTION('',(0.,-1.,0.));
#3981=DIRECTION('',(1.,0.,0.));
#3982=AXIS2_PLACEMENT_3D('',#3979,#3980,#3981);
#3983=PLANE('',#3982);
#3984=ORIENTED_EDGE('',*,*,#3856,.F.);
#3985=ORIENTED_EDGE('',*,*,#3894,.T.);
#3986=ORIENTED_EDGE('',*,*,#3925,.F.);
#3987=ORIENTED_EDGE('',*,*,#3954,.F.);
#3988=EDGE_LOOP('',(#3984,#3985,#3986,#3987));
#3989=FACE_BOUND('',#3988,.T.);
#3990=ADVANCED_FACE('',(#3989),#3983,.T.);
#3991=CLOSED_SHELL('',(#3882,#3913,#3944,#3966,#3978,#3990));
#3992=MANIFOLD_SOLID_BREP('[Nailer] Top',#3991);
#3842=STYLED_ITEM('',(#267),#3992);
#3994=CARTESIAN_POINT('',(3971.925,101.6,557.2125));
#3995=DIRECTION('',(1.,0.,0.));
#3996=DIRECTION('',(0.,0.,-1.));
#3997=AXIS2_PLACEMENT_3D('',#3994,#3995,#3996);
#3998=PLANE('',#3997);
#3999=CARTESIAN_POINT('',(3971.925,0.,552.45));
#4000=VERTEX_POINT('',#3999);
#4001=CARTESIAN_POINT('',(3971.925,0.,571.5));
#4002=VERTEX_POINT('',#4001);
#4003=CARTESIAN_POINT('',(3971.925,0.,552.45));
#4004=DIRECTION('',(0.,0.,1.));
#4005=VECTOR('',#4004,19.05);
#4006=LINE('',#4003,#4005);
#4007=EDGE_CURVE('',#4000,#4002,#4006,.T.);
#4008=ORIENTED_EDGE('',*,*,#4007,.F.);
#4009=CARTESIAN_POINT('',(3971.925,101.6,552.45));
#4010=VERTEX_POINT('',#4009);
#4011=CARTESIAN_POINT('',(3971.925,101.6,552.45));
#4012=DIRECTION('',(0.,-1.,0.));
#4013=VECTOR('',#4012,101.6);
#4014=LINE('',#4011,#4013);
#4015=EDGE_CURVE('',#4010,#4000,#4014,.T.);
#4016=ORIENTED_EDGE('',*,*,#4015,.F.);
#4017=CARTESIAN_POINT('',(3971.925,101.6,571.5));
#4018=VERTEX_POINT('',#4017);
#4019=CARTESIAN_POINT('',(3971.925,101.6,552.45));
#4020=DIRECTION('',(0.,0.,1.));
#4021=VECTOR('',#4020,19.05);
#4022=LINE('',#4019,#4021);
#4023=EDGE_CURVE('',#4010,#4018,#4022,.T.);
#4024=ORIENTED_EDGE('',*,*,#4023,.T.);
#4025=CARTESIAN_POINT('',(3971.925,101.6,571.5));
#4026=DIRECTION('',(0.,-1.,0.));
#4027=VECTOR('',#4026,101.6);
#4028=LINE('',#4025,#4027);
#4029=EDGE_CURVE('',#4018,#4002,#4028,.T.);
#4030=ORIENTED_EDGE('',*,*,#4029,.T.);
#4031=EDGE_LOOP('',(#4008,#4016,#4024,#4030));
#4032=FACE_BOUND('',#4031,.T.);
#4033=ADVANCED_FACE('',(#4032),#3998,.T.);
#4034=CARTESIAN_POINT('',(3587.75,101.6,571.5));
#4035=DIRECTION('',(0.,0.,-1.));
#4036=DIRECTION('',(-1.,0.,0.));
#4037=AXIS2_PLACEMENT_3D('',#4034,#4035,#4036);
#4038=PLANE('',#4037);
#4039=CARTESIAN_POINT('',(3203.575,0.,571.5));
#4040=VERTEX_POINT('',#4039);
#4041=CARTESIAN_POINT('',(3203.575,0.,571.5));
#4042=DIRECTION('',(1.,0.,-0.));
#4043=VECTOR('',#4042,768.35);
#4044=LINE('',#4041,#4043);
#4045=EDGE_CURVE('',#4040,#4002,#4044,.T.);
#4046=ORIENTED_EDGE('',*,*,#4045,.T.);
#4047=ORIENTED_EDGE('',*,*,#4029,.F.);
#4048=CARTESIAN_POINT('',(3203.575,101.6,571.5));
#4049=VERTEX_POINT('',#4048);
#4050=CARTESIAN_POINT('',(3203.575,101.6,571.5));
#4051=DIRECTION('',(1.,0.,-0.));
#4052=VECTOR('',#4051,768.35);
#4053=LINE('',#4050,#4052);
#4054=EDGE_CURVE('',#4049,#4018,#4053,.T.);
#4055=ORIENTED_EDGE('',*,*,#4054,.F.);
#4056=CARTESIAN_POINT('',(3203.575,101.6,571.5));
#4057=DIRECTION('',(0.,-1.,0.));
#4058=VECTOR('',#4057,101.6);
#4059=LINE('',#4056,#4058);
#4060=EDGE_CURVE('',#4049,#4040,#4059,.T.);
#4061=ORIENTED_EDGE('',*,*,#4060,.T.);
#4062=EDGE_LOOP('',(#4046,#4047,#4055,#4061));
#4063=FACE_BOUND('',#4062,.T.);
#4064=ADVANCED_FACE('',(#4063),#4038,.F.);
#4065=CARTESIAN_POINT('',(3203.575,101.6,557.2125));
#4066=DIRECTION('',(1.,0.,0.));
#4067=DIRECTION('',(0.,0.,-1.));
#4068=AXIS2_PLACEMENT_3D('',#4065,#4066,#4067);
#4069=PLANE('',#4068);
#4070=CARTESIAN_POINT('',(3203.575,0.,552.45));
#4071=VERTEX_POINT('',#4070);
#4072=CARTESIAN_POINT('',(3203.575,0.,552.45));
#4073=DIRECTION('',(-0.,0.,1.));
#4074=VECTOR('',#4073,19.05);
#4075=LINE('',#4072,#4074);
#4076=EDGE_CURVE('',#4071,#4040,#4075,.T.);
#4077=ORIENTED_EDGE('',*,*,#4076,.T.);
#4078=ORIENTED_EDGE('',*,*,#4060,.F.);
#4079=CARTESIAN_POINT('',(3203.575,101.6,552.45));
#4080=VERTEX_POINT('',#4079);
#4081=CARTESIAN_POINT('',(3203.575,101.6,552.45));
#4082=DIRECTION('',(-0.,0.,1.));
#4083=VECTOR('',#4082,19.05);
#4084=LINE('',#4081,#4083);
#4085=EDGE_CURVE('',#4080,#4049,#4084,.T.);
#4086=ORIENTED_EDGE('',*,*,#4085,.F.);
#4087=CARTESIAN_POINT('',(3203.575,101.6,552.45));
#4088=DIRECTION('',(0.,-1.,0.));
#4089=VECTOR('',#4088,101.6);
#4090=LINE('',#4087,#4089);
#4091=EDGE_CURVE('',#4080,#4071,#4090,.T.);
#4092=ORIENTED_EDGE('',*,*,#4091,.T.);
#4093=EDGE_LOOP('',(#4077,#4078,#4086,#4092));
#4094=FACE_BOUND('',#4093,.T.);
#4095=ADVANCED_FACE('',(#4094),#4069,.F.);
#4096=CARTESIAN_POINT('',(3587.75,101.6,552.45));
#4097=DIRECTION('',(0.,0.,-1.));
#4098=DIRECTION('',(-1.,0.,0.));
#4099=AXIS2_PLACEMENT_3D('',#4096,#4097,#4098);
#4100=PLANE('',#4099);
#4101=CARTESIAN_POINT('',(3203.575,0.,552.45));
#4102=DIRECTION('',(1.,0.,-0.));
#4103=VECTOR('',#4102,768.35);
#4104=LINE('',#4101,#4103);
#4105=EDGE_CURVE('',#4071,#4000,#4104,.T.);
#4106=ORIENTED_EDGE('',*,*,#4105,.F.);
#4107=ORIENTED_EDGE('',*,*,#4091,.F.);
#4108=CARTESIAN_POINT('',(3203.575,101.6,552.45));
#4109=DIRECTION('',(1.,0.,-0.));
#4110=VECTOR('',#4109,768.35);
#4111=LINE('',#4108,#4110);
#4112=EDGE_CURVE('',#4080,#4010,#4111,.T.);
#4113=ORIENTED_EDGE('',*,*,#4112,.T.);
#4114=ORIENTED_EDGE('',*,*,#4015,.T.);
#4115=EDGE_LOOP('',(#4106,#4107,#4113,#4114));
#4116=FACE_BOUND('',#4115,.T.);
#4117=ADVANCED_FACE('',(#4116),#4100,.T.);
#4118=CARTESIAN_POINT('',(3184.525,101.6,120.65));
#4119=DIRECTION('',(0.,-1.,0.));
#4120=DIRECTION('',(1.,0.,0.));
#4121=AXIS2_PLACEMENT_3D('',#4118,#4119,#4120);
#4122=PLANE('',#4121);
#4123=ORIENTED_EDGE('',*,*,#4023,.F.);
#4124=ORIENTED_EDGE('',*,*,#4112,.F.);
#4125=ORIENTED_EDGE('',*,*,#4085,.T.);
#4126=ORIENTED_EDGE('',*,*,#4054,.T.);
#4127=EDGE_LOOP('',(#4123,#4124,#4125,#4126));
#4128=FACE_BOUND('',#4127,.T.);
#4129=ADVANCED_FACE('',(#4128),#4122,.F.);
#4130=CARTESIAN_POINT('',(3184.525,0.,120.65));
#4131=DIRECTION('',(0.,-1.,0.));
#4132=DIRECTION('',(1.,0.,0.));
#4133=AXIS2_PLACEMENT_3D('',#4130,#4131,#4132);
#4134=PLANE('',#4133);
#4135=ORIENTED_EDGE('',*,*,#4007,.T.);
#4136=ORIENTED_EDGE('',*,*,#4045,.F.);
#4137=ORIENTED_EDGE('',*,*,#4076,.F.);
#4138=ORIENTED_EDGE('',*,*,#4105,.T.);
#4139=EDGE_LOOP('',(#4135,#4136,#4137,#4138));
#4140=FACE_BOUND('',#4139,.T.);
#4141=ADVANCED_FACE('',(#4140),#4134,.T.);
#4142=CLOSED_SHELL('',(#4033,#4064,#4095,#4117,#4129,#4141));
#4143=MANIFOLD_SOLID_BREP('[Stretcher] Front',#4142);
#3993=STYLED_ITEM('',(#267),#4143);
#4145=CARTESIAN_POINT('',(3587.75,304.8,552.45));
#4146=DIRECTION('',(0.,0.,1.));
#4147=DIRECTION('',(1.,0.,0.));
#4148=AXIS2_PLACEMENT_3D('',#4145,#4146,#4147);
#4149=PLANE('',#4148);
#4150=CARTESIAN_POINT('',(3203.575,387.35,552.45));
#4151=VERTEX_POINT('',#4150);
#4152=CARTESIAN_POINT('',(3971.925,387.35,552.45));
#4153=VERTEX_POINT('',#4152);
#4154=CARTESIAN_POINT('',(3203.575,387.35,552.45));
#4155=DIRECTION('',(1.,0.,-0.));
#4156=VECTOR('',#4155,768.35);
#4157=LINE('',#4154,#4156);
#4158=EDGE_CURVE('',#4151,#4153,#4157,.T.);
#4159=ORIENTED_EDGE('',*,*,#4158,.F.);
#4160=CARTESIAN_POINT('',(3203.575,406.4,552.45));
#4161=VERTEX_POINT('',#4160);
#4162=CARTESIAN_POINT('',(3203.575,387.35,552.45));
#4163=DIRECTION('',(0.,1.,0.));
#4164=VECTOR('',#4163,19.05);
#4165=LINE('',#4162,#4164);
#4166=EDGE_CURVE('',#4151,#4161,#4165,.T.);
#4167=ORIENTED_EDGE('',*,*,#4166,.T.);
#4168=CARTESIAN_POINT('',(3971.925,406.4,552.45));
#4169=VERTEX_POINT('',#4168);
#4170=CARTESIAN_POINT('',(3203.575,406.4,552.45));
#4171=DIRECTION('',(1.,0.,-0.));
#4172=VECTOR('',#4171,768.35);
#4173=LINE('',#4170,#4172);
#4174=EDGE_CURVE('',#4161,#4169,#4173,.T.);
#4175=ORIENTED_EDGE('',*,*,#4174,.T.);
#4176=CARTESIAN_POINT('',(3971.925,387.35,552.45));
#4177=DIRECTION('',(0.,1.,0.));
#4178=VECTOR('',#4177,19.05);
#4179=LINE('',#4176,#4178);
#4180=EDGE_CURVE('',#4153,#4169,#4179,.T.);
#4181=ORIENTED_EDGE('',*,*,#4180,.F.);
#4182=EDGE_LOOP('',(#4159,#4167,#4175,#4181));
#4183=FACE_BOUND('',#4182,.T.);
#4184=ADVANCED_FACE('',(#4183),#4149,.F.);
#4185=CARTESIAN_POINT('',(3971.925,304.8,557.2125));
#4186=DIRECTION('',(-1.,0.,0.));
#4187=DIRECTION('',(0.,0.,1.));
#4188=AXIS2_PLACEMENT_3D('',#4185,#4186,#4187);
#4189=PLANE('',#4188);
#4190=CARTESIAN_POINT('',(3971.925,304.8,552.45));
#4191=VERTEX_POINT('',#4190);
#4192=CARTESIAN_POINT('',(3971.925,381.,552.45));
#4193=VERTEX_POINT('',#4192);
#4194=CARTESIAN_POINT('',(3971.925,304.8,552.45));
#4195=DIRECTION('',(0.,1.,0.));
#4196=VECTOR('',#4195,76.2);
#4197=LINE('',#4194,#4196);
#4198=EDGE_CURVE('',#4191,#4193,#4197,.T.);
#4199=ORIENTED_EDGE('',*,*,#4198,.T.);
#4200=CARTESIAN_POINT('',(3971.925,381.,561.975));
#4201=VERTEX_POINT('',#4200);
#4202=CARTESIAN_POINT('',(3971.925,381.,552.45));
#4203=DIRECTION('',(0.,0.,1.));
#4204=VECTOR('',#4203,9.525);
#4205=LINE('',#4202,#4204);
#4206=EDGE_CURVE('',#4193,#4201,#4205,.T.);
#4207=ORIENTED_EDGE('',*,*,#4206,.T.);
#4208=CARTESIAN_POINT('',(3971.925,387.35,561.975));
#4209=VERTEX_POINT('',#4208);
#4210=CARTESIAN_POINT('',(3971.925,387.35,561.975));
#4211=DIRECTION('',(0.,-1.,0.));
#4212=VECTOR('',#4211,6.35);
#4213=LINE('',#4210,#4212);
#4214=EDGE_CURVE('',#4209,#4201,#4213,.T.);
#4215=ORIENTED_EDGE('',*,*,#4214,.F.);
#4216=CARTESIAN_POINT('',(3971.925,387.35,552.45));
#4217=DIRECTION('',(0.,0.,1.));
#4218=VECTOR('',#4217,9.525);
#4219=LINE('',#4216,#4218);
#4220=EDGE_CURVE('',#4153,#4209,#4219,.T.);
#4221=ORIENTED_EDGE('',*,*,#4220,.F.);
#4222=ORIENTED_EDGE('',*,*,#4180,.T.);
#4223=CARTESIAN_POINT('',(3971.925,406.4,571.5));
#4224=VERTEX_POINT('',#4223);
#4225=CARTESIAN_POINT('',(3971.925,406.4,552.45));
#4226=DIRECTION('',(0.,0.,1.));
#4227=VECTOR('',#4226,19.05);
#4228=LINE('',#4225,#4227);
#4229=EDGE_CURVE('',#4169,#4224,#4228,.T.);
#4230=ORIENTED_EDGE('',*,*,#4229,.T.);
#4231=CARTESIAN_POINT('',(3971.925,304.8,571.5));
#4232=VERTEX_POINT('',#4231);
#4233=CARTESIAN_POINT('',(3971.925,304.8,571.5));
#4234=DIRECTION('',(0.,1.,0.));
#4235=VECTOR('',#4234,101.6);
#4236=LINE('',#4233,#4235);
#4237=EDGE_CURVE('',#4232,#4224,#4236,.T.);
#4238=ORIENTED_EDGE('',*,*,#4237,.F.);
#4239=CARTESIAN_POINT('',(3971.925,304.8,552.45));
#4240=DIRECTION('',(0.,0.,1.));
#4241=VECTOR('',#4240,19.05);
#4242=LINE('',#4239,#4241);
#4243=EDGE_CURVE('',#4191,#4232,#4242,.T.);
#4244=ORIENTED_EDGE('',*,*,#4243,.F.);
#4245=EDGE_LOOP('',(#4199,#4207,#4215,#4221,#4222,#4230,#4238,#4244));
#4246=FACE_BOUND('',#4245,.T.);
#4247=ADVANCED_FACE('',(#4246),#4189,.F.);
#4248=CARTESIAN_POINT('',(3587.75,304.8,571.5));
#4249=DIRECTION('',(0.,0.,1.));
#4250=DIRECTION('',(1.,0.,0.));
#4251=AXIS2_PLACEMENT_3D('',#4248,#4249,#4250);
#4252=PLANE('',#4251);
#4253=CARTESIAN_POINT('',(3203.575,406.4,571.5));
#4254=VERTEX_POINT('',#4253);
#4255=CARTESIAN_POINT('',(3203.575,406.4,571.5));
#4256=DIRECTION('',(1.,0.,-0.));
#4257=VECTOR('',#4256,768.35);
#4258=LINE('',#4255,#4257);
#4259=EDGE_CURVE('',#4254,#4224,#4258,.T.);
#4260=ORIENTED_EDGE('',*,*,#4259,.F.);
#4261=CARTESIAN_POINT('',(3203.575,304.8,571.5));
#4262=VERTEX_POINT('',#4261);
#4263=CARTESIAN_POINT('',(3203.575,304.8,571.5));
#4264=DIRECTION('',(0.,1.,0.));
#4265=VECTOR('',#4264,101.6);
#4266=LINE('',#4263,#4265);
#4267=EDGE_CURVE('',#4262,#4254,#4266,.T.);
#4268=ORIENTED_EDGE('',*,*,#4267,.F.);
#4269=CARTESIAN_POINT('',(3203.575,304.8,571.5));
#4270=DIRECTION('',(1.,0.,-0.));
#4271=VECTOR('',#4270,768.35);
#4272=LINE('',#4269,#4271);
#4273=EDGE_CURVE('',#4262,#4232,#4272,.T.);
#4274=ORIENTED_EDGE('',*,*,#4273,.T.);
#4275=ORIENTED_EDGE('',*,*,#4237,.T.);
#4276=EDGE_LOOP('',(#4260,#4268,#4274,#4275));
#4277=FACE_BOUND('',#4276,.T.);
#4278=ADVANCED_FACE('',(#4277),#4252,.T.);
#4279=CARTESIAN_POINT('',(3203.575,304.8,557.2125));
#4280=DIRECTION('',(-1.,0.,-0.));
#4281=DIRECTION('',(-0.,0.,1.));
#4282=AXIS2_PLACEMENT_3D('',#4279,#4280,#4281);
#4283=PLANE('',#4282);
#4284=CARTESIAN_POINT('',(3203.575,381.,552.45));
#4285=VERTEX_POINT('',#4284);
#4286=CARTESIAN_POINT('',(3203.575,381.,561.975));
#4287=VERTEX_POINT('',#4286);
#4288=CARTESIAN_POINT('',(3203.575,381.,552.45));
#4289=DIRECTION('',(-0.,0.,1.));
#4290=VECTOR('',#4289,9.525);
#4291=LINE('',#4288,#4290);
#4292=EDGE_CURVE('',#4285,#4287,#4291,.T.);
#4293=ORIENTED_EDGE('',*,*,#4292,.F.);
#4294=CARTESIAN_POINT('',(3203.575,304.8,552.45));
#4295=VERTEX_POINT('',#4294);
#4296=CARTESIAN_POINT('',(3203.575,304.8,552.45));
#4297=DIRECTION('',(0.,1.,0.));
#4298=VECTOR('',#4297,76.2);
#4299=LINE('',#4296,#4298);
#4300=EDGE_CURVE('',#4295,#4285,#4299,.T.);
#4301=ORIENTED_EDGE('',*,*,#4300,.F.);
#4302=CARTESIAN_POINT('',(3203.575,304.8,552.45));
#4303=DIRECTION('',(-0.,0.,1.));
#4304=VECTOR('',#4303,19.05);
#4305=LINE('',#4302,#4304);
#4306=EDGE_CURVE('',#4295,#4262,#4305,.T.);
#4307=ORIENTED_EDGE('',*,*,#4306,.T.);
#4308=ORIENTED_EDGE('',*,*,#4267,.T.);
#4309=CARTESIAN_POINT('',(3203.575,406.4,552.45));
#4310=DIRECTION('',(-0.,0.,1.));
#4311=VECTOR('',#4310,19.05);
#4312=LINE('',#4309,#4311);
#4313=EDGE_CURVE('',#4161,#4254,#4312,.T.);
#4314=ORIENTED_EDGE('',*,*,#4313,.F.);
#4315=ORIENTED_EDGE('',*,*,#4166,.F.);
#4316=CARTESIAN_POINT('',(3203.575,387.35,561.975));
#4317=VERTEX_POINT('',#4316);
#4318=CARTESIAN_POINT('',(3203.575,387.35,552.45));
#4319=DIRECTION('',(-0.,0.,1.));
#4320=VECTOR('',#4319,9.525);
#4321=LINE('',#4318,#4320);
#4322=EDGE_CURVE('',#4151,#4317,#4321,.T.);
#4323=ORIENTED_EDGE('',*,*,#4322,.T.);
#4324=CARTESIAN_POINT('',(3203.575,387.35,561.975));
#4325=DIRECTION('',(0.,-1.,0.));
#4326=VECTOR('',#4325,6.35);
#4327=LINE('',#4324,#4326);
#4328=EDGE_CURVE('',#4317,#4287,#4327,.T.);
#4329=ORIENTED_EDGE('',*,*,#4328,.T.);
#4330=EDGE_LOOP('',(#4293,#4301,#4307,#4308,#4314,#4315,#4323,#4329));
#4331=FACE_BOUND('',#4330,.T.);
#4332=ADVANCED_FACE('',(#4331),#4283,.T.);
#4333=CARTESIAN_POINT('',(3587.75,304.8,552.45));
#4334=DIRECTION('',(0.,0.,1.));
#4335=DIRECTION('',(1.,0.,0.));
#4336=AXIS2_PLACEMENT_3D('',#4333,#4334,#4335);
#4337=PLANE('',#4336);
#4338=ORIENTED_EDGE('',*,*,#4300,.T.);
#4339=CARTESIAN_POINT('',(3203.575,381.,552.45));
#4340=DIRECTION('',(1.,0.,-0.));
#4341=VECTOR('',#4340,768.35);
#4342=LINE('',#4339,#4341);
#4343=EDGE_CURVE('',#4285,#4193,#4342,.T.);
#4344=ORIENTED_EDGE('',*,*,#4343,.T.);
#4345=ORIENTED_EDGE('',*,*,#4198,.F.);
#4346=CARTESIAN_POINT('',(3203.575,304.8,552.45));
#4347=DIRECTION('',(1.,0.,-0.));
#4348=VECTOR('',#4347,768.35);
#4349=LINE('',#4346,#4348);
#4350=EDGE_CURVE('',#4295,#4191,#4349,.T.);
#4351=ORIENTED_EDGE('',*,*,#4350,.F.);
#4352=EDGE_LOOP('',(#4338,#4344,#4345,#4351));
#4353=FACE_BOUND('',#4352,.T.);
#4354=ADVANCED_FACE('',(#4353),#4337,.F.);
#4355=CARTESIAN_POINT('',(3184.525,304.8,120.65));
#4356=DIRECTION('',(0.,-1.,0.));
#4357=DIRECTION('',(1.,0.,0.));
#4358=AXIS2_PLACEMENT_3D('',#4355,#4356,#4357);
#4359=PLANE('',#4358);
#4360=ORIENTED_EDGE('',*,*,#4243,.T.);
#4361=ORIENTED_EDGE('',*,*,#4273,.F.);
#4362=ORIENTED_EDGE('',*,*,#4306,.F.);
#4363=ORIENTED_EDGE('',*,*,#4350,.T.);
#4364=EDGE_LOOP('',(#4360,#4361,#4362,#4363));
#4365=FACE_BOUND('',#4364,.T.);
#4366=ADVANCED_FACE('',(#4365),#4359,.T.);
#4367=CARTESIAN_POINT('',(3184.525,406.4,120.65));
#4368=DIRECTION('',(0.,-1.,0.));
#4369=DIRECTION('',(1.,0.,0.));
#4370=AXIS2_PLACEMENT_3D('',#4367,#4368,#4369);
#4371=PLANE('',#4370);
#4372=ORIENTED_EDGE('',*,*,#4229,.F.);
#4373=ORIENTED_EDGE('',*,*,#4174,.F.);
#4374=ORIENTED_EDGE('',*,*,#4313,.T.);
#4375=ORIENTED_EDGE('',*,*,#4259,.T.);
#4376=EDGE_LOOP('',(#4372,#4373,#4374,#4375));
#4377=FACE_BOUND('',#4376,.T.);
#4378=ADVANCED_FACE('',(#4377),#4371,.F.);
#4379=CARTESIAN_POINT('',(3587.75,387.35,561.975));
#4380=DIRECTION('',(0.,0.,1.));
#4381=DIRECTION('',(1.,0.,0.));
#4382=AXIS2_PLACEMENT_3D('',#4379,#4380,#4381);
#4383=PLANE('',#4382);
#4384=CARTESIAN_POINT('',(3971.925,381.,561.975));
#4385=DIRECTION('',(-1.,0.,0.));
#4386=VECTOR('',#4385,768.35);
#4387=LINE('',#4384,#4386);
#4388=EDGE_CURVE('',#4201,#4287,#4387,.T.);
#4389=ORIENTED_EDGE('',*,*,#4388,.T.);
#4390=ORIENTED_EDGE('',*,*,#4328,.F.);
#4391=CARTESIAN_POINT('',(3971.925,387.35,561.975));
#4392=DIRECTION('',(-1.,0.,0.));
#4393=VECTOR('',#4392,768.35);
#4394=LINE('',#4391,#4393);
#4395=EDGE_CURVE('',#4209,#4317,#4394,.T.);
#4396=ORIENTED_EDGE('',*,*,#4395,.F.);
#4397=ORIENTED_EDGE('',*,*,#4214,.T.);
#4398=EDGE_LOOP('',(#4389,#4390,#4396,#4397));
#4399=FACE_BOUND('',#4398,.T.);
#4400=ADVANCED_FACE('',(#4399),#4383,.F.);
#4401=CARTESIAN_POINT('',(3184.525,387.35,120.65));
#4402=DIRECTION('',(0.,-1.,0.));
#4403=DIRECTION('',(1.,0.,0.));
#4404=AXIS2_PLACEMENT_3D('',#4401,#4402,#4403);
#4405=PLANE('',#4404);
#4406=ORIENTED_EDGE('',*,*,#4220,.T.);
#4407=ORIENTED_EDGE('',*,*,#4395,.T.);
#4408=ORIENTED_EDGE('',*,*,#4322,.F.);
#4409=ORIENTED_EDGE('',*,*,#4158,.T.);
#4410=EDGE_LOOP('',(#4406,#4407,#4408,#4409));
#4411=FACE_BOUND('',#4410,.T.);
#4412=ADVANCED_FACE('',(#4411),#4405,.T.);
#4413=CARTESIAN_POINT('',(3184.525,381.,120.65));
#4414=DIRECTION('',(0.,-1.,0.));
#4415=DIRECTION('',(1.,0.,0.));
#4416=AXIS2_PLACEMENT_3D('',#4413,#4414,#4415);
#4417=PLANE('',#4416);
#4418=ORIENTED_EDGE('',*,*,#4206,.F.);
#4419=ORIENTED_EDGE('',*,*,#4343,.F.);
#4420=ORIENTED_EDGE('',*,*,#4292,.T.);
#4421=ORIENTED_EDGE('',*,*,#4388,.F.);
#4422=EDGE_LOOP('',(#4418,#4419,#4420,#4421));
#4423=FACE_BOUND('',#4422,.T.);
#4424=ADVANCED_FACE('',(#4423),#4417,.F.);
#4425=CLOSED_SHELL('',(#4184,#4247,#4278,#4332,#4354,#4366,#4378,#4400,#4412,#4424));
#4426=MANIFOLD_SOLID_BREP('[Stretcher] Back',#4425);
#4144=STYLED_ITEM('',(#267),#4426);
#4428=CARTESIAN_POINT('',(3976.6875,406.4,571.500000002));
#4429=DIRECTION('',(0.,0.,1.));
#4430=DIRECTION('',(1.,0.,0.));
#4431=AXIS2_PLACEMENT_3D('',#4428,#4429,#4430);
#4432=PLANE('',#4431);
#4433=CARTESIAN_POINT('',(3971.925,381.,571.5));
#4434=VERTEX_POINT('',#4433);
#4435=CARTESIAN_POINT('',(3981.45,381.,571.5));
#4436=VERTEX_POINT('',#4435);
#4437=CARTESIAN_POINT('',(3971.925,381.,571.5));
#4438=DIRECTION('',(1.,0.,-0.));
#4439=VECTOR('',#4438,9.525);
#4440=LINE('',#4437,#4439);
#4441=EDGE_CURVE('',#4434,#4436,#4440,.T.);
#4442=ORIENTED_EDGE('',*,*,#4441,.F.);
#4443=CARTESIAN_POINT('',(3971.925,387.35,571.5));
#4444=VERTEX_POINT('',#4443);
#4445=CARTESIAN_POINT('',(3971.925,387.35,571.500000002));
#4446=DIRECTION('',(0.,-1.,0.));
#4447=VECTOR('',#4446,6.35);
#4448=LINE('',#4445,#4447);
#4449=EDGE_CURVE('',#4444,#4434,#4448,.T.);
#4450=ORIENTED_EDGE('',*,*,#4449,.F.);
#4451=CARTESIAN_POINT('',(3981.45,387.35,571.5));
#4452=VERTEX_POINT('',#4451);
#4453=CARTESIAN_POINT('',(3971.925,387.35,571.5));
#4454=DIRECTION('',(1.,0.,-0.));
#4455=VECTOR('',#4454,9.525);
#4456=LINE('',#4453,#4455);
#4457=EDGE_CURVE('',#4444,#4452,#4456,.T.);
#4458=ORIENTED_EDGE('',*,*,#4457,.T.);
#4459=CARTESIAN_POINT('',(3981.45,387.35,571.5));
#4460=DIRECTION('',(0.,-1.,0.));
#4461=VECTOR('',#4460,6.35);
#4462=LINE('',#4459,#4461);
#4463=EDGE_CURVE('',#4452,#4436,#4462,.T.);
#4464=ORIENTED_EDGE('',*,*,#4463,.T.);
#4465=EDGE_LOOP('',(#4442,#4450,#4458,#4464));
#4466=FACE_BOUND('',#4465,.T.);
#4467=ADVANCED_FACE('',(#4466),#4432,.F.);
#4468=CARTESIAN_POINT('',(3976.6875,406.4,876.300000001));
#4469=DIRECTION('',(0.,0.,-1.));
#4470=DIRECTION('',(-1.,0.,0.));
#4471=AXIS2_PLACEMENT_3D('',#4468,#4469,#4470);
#4472=PLANE('',#4471);
#4473=CARTESIAN_POINT('',(3971.925,406.4,876.300000001));
#4474=VERTEX_POINT('',#4473);
#4475=CARTESIAN_POINT('',(3971.925,0.,876.300000001));
#4476=VERTEX_POINT('',#4475);
#4477=CARTESIAN_POINT('',(3971.925,406.4,876.300000001));
#4478=DIRECTION('',(0.,-1.,0.));
#4479=VECTOR('',#4478,406.4);
#4480=LINE('',#4477,#4479);
#4481=EDGE_CURVE('',#4474,#4476,#4480,.T.);
#4482=ORIENTED_EDGE('',*,*,#4481,.T.);
#4483=CARTESIAN_POINT('',(3990.975,0.,876.300000001));
#4484=VERTEX_POINT('',#4483);
#4485=CARTESIAN_POINT('',(3971.925,0.,876.300000001));
#4486=DIRECTION('',(1.,0.,-0.));
#4487=VECTOR('',#4486,19.05);
#4488=LINE('',#4485,#4487);
#4489=EDGE_CURVE('',#4476,#4484,#4488,.T.);
#4490=ORIENTED_EDGE('',*,*,#4489,.T.);
#4491=CARTESIAN_POINT('',(3990.975,406.4,876.300000001));
#4492=VERTEX_POINT('',#4491);
#4493=CARTESIAN_POINT('',(3990.975,406.4,876.300000001));
#4494=DIRECTION('',(0.,-1.,0.));
#4495=VECTOR('',#4494,406.4);
#4496=LINE('',#4493,#4495);
#4497=EDGE_CURVE('',#4492,#4484,#4496,.T.);
#4498=ORIENTED_EDGE('',*,*,#4497,.F.);
#4499=CARTESIAN_POINT('',(3971.925,406.4,876.300000001));
#4500=DIRECTION('',(1.,0.,-0.));
#4501=VECTOR('',#4500,19.05);
#4502=LINE('',#4499,#4501);
#4503=EDGE_CURVE('',#4474,#4492,#4502,.T.);
#4504=ORIENTED_EDGE('',*,*,#4503,.F.);
#4505=EDGE_LOOP('',(#4482,#4490,#4498,#4504));
#4506=FACE_BOUND('',#4505,.T.);
#4507=ADVANCED_FACE('',(#4506),#4472,.F.);
#4508=CARTESIAN_POINT('',(3971.925,406.4,1017.587500002));
#4509=DIRECTION('',(-1.,0.,-0.));
#4510=DIRECTION('',(-0.,0.,1.));
#4511=AXIS2_PLACEMENT_3D('',#4508,#4509,#4510);
#4512=PLANE('',#4511);
#4513=CARTESIAN_POINT('',(3971.925,0.,120.65));
#4514=VERTEX_POINT('',#4513);
#4515=CARTESIAN_POINT('',(3971.925,0.,876.300000001));
#4516=DIRECTION('',(0.,0.,-1.));
#4517=VECTOR('',#4516,755.650000001);
#4518=LINE('',#4515,#4517);
#4519=EDGE_CURVE('',#4476,#4514,#4518,.T.);
#4520=ORIENTED_EDGE('',*,*,#4519,.F.);
#4521=ORIENTED_EDGE('',*,*,#4481,.F.);
#4522=CARTESIAN_POINT('',(3971.925,406.4,120.65));
#4523=VERTEX_POINT('',#4522);
#4524=CARTESIAN_POINT('',(3971.925,406.4,876.300000001));
#4525=DIRECTION('',(0.,0.,-1.));
#4526=VECTOR('',#4525,755.650000001);
#4527=LINE('',#4524,#4526);
#4528=EDGE_CURVE('',#4474,#4523,#4527,.T.);
#4529=ORIENTED_EDGE('',*,*,#4528,.T.);
#4530=CARTESIAN_POINT('',(3971.925,387.35,120.65));
#4531=VERTEX_POINT('',#4530);
#4532=CARTESIAN_POINT('',(3971.925,406.4,120.65));
#4533=DIRECTION('',(0.,-1.,0.));
#4534=VECTOR('',#4533,19.05);
#4535=LINE('',#4532,#4534);
#4536=EDGE_CURVE('',#4523,#4531,#4535,.T.);
#4537=ORIENTED_EDGE('',*,*,#4536,.T.);
#4538=CARTESIAN_POINT('',(3971.925,387.35,571.5));
#4539=DIRECTION('',(0.,0.,-1.));
#4540=VECTOR('',#4539,450.85);
#4541=LINE('',#4538,#4540);
#4542=EDGE_CURVE('',#4444,#4531,#4541,.T.);
#4543=ORIENTED_EDGE('',*,*,#4542,.F.);
#4544=ORIENTED_EDGE('',*,*,#4449,.T.);
#4545=CARTESIAN_POINT('',(3971.925,381.,120.65));
#4546=VERTEX_POINT('',#4545);
#4547=CARTESIAN_POINT('',(3971.925,381.,571.5));
#4548=DIRECTION('',(0.,0.,-1.));
#4549=VECTOR('',#4548,450.85);
#4550=LINE('',#4547,#4549);
#4551=EDGE_CURVE('',#4434,#4546,#4550,.T.);
#4552=ORIENTED_EDGE('',*,*,#4551,.T.);
#4553=CARTESIAN_POINT('',(3971.925,381.,120.65));
#4554=DIRECTION('',(0.,-1.,0.));
#4555=VECTOR('',#4554,381.);
#4556=LINE('',#4553,#4555);
#4557=EDGE_CURVE('',#4546,#4514,#4556,.T.);
#4558=ORIENTED_EDGE('',*,*,#4557,.T.);
#4559=EDGE_LOOP('',(#4520,#4521,#4529,#4537,#4543,#4544,#4552,#4558));
#4560=FACE_BOUND('',#4559,.T.);
#4561=ADVANCED_FACE('',(#4560),#4512,.T.);
#4562=OVER_RIDING_STYLED_ITEM('',(#1269),#4561,#4427);
#4563=CARTESIAN_POINT('',(3990.975,406.4,796.925000002));
#4564=DIRECTION('',(-1.,0.,0.));
#4565=DIRECTION('',(0.,0.,1.));
#4566=AXIS2_PLACEMENT_3D('',#4563,#4564,#4565);
#4567=PLANE('',#4566);
#4568=CARTESIAN_POINT('',(3990.975,0.,120.65));
#4569=VERTEX_POINT('',#4568);
#4570=CARTESIAN_POINT('',(3990.975,0.,876.300000001));
#4571=DIRECTION('',(0.,0.,-1.));
#4572=VECTOR('',#4571,755.650000001);
#4573=LINE('',#4570,#4572);
#4574=EDGE_CURVE('',#4484,#4569,#4573,.T.);
#4575=ORIENTED_EDGE('',*,*,#4574,.T.);
#4576=CARTESIAN_POINT('',(3990.975,406.4,120.65));
#4577=VERTEX_POINT('',#4576);
#4578=CARTESIAN_POINT('',(3990.975,406.4,120.65));
#4579=DIRECTION('',(0.,-1.,0.));
#4580=VECTOR('',#4579,406.4);
#4581=LINE('',#4578,#4580);
#4582=EDGE_CURVE('',#4577,#4569,#4581,.T.);
#4583=ORIENTED_EDGE('',*,*,#4582,.F.);
#4584=CARTESIAN_POINT('',(3990.975,406.4,876.300000001));
#4585=DIRECTION('',(0.,0.,-1.));
#4586=VECTOR('',#4585,755.650000001);
#4587=LINE('',#4584,#4586);
#4588=EDGE_CURVE('',#4492,#4577,#4587,.T.);
#4589=ORIENTED_EDGE('',*,*,#4588,.F.);
#4590=ORIENTED_EDGE('',*,*,#4497,.T.);
#4591=EDGE_LOOP('',(#4575,#4583,#4589,#4590));
#4592=FACE_BOUND('',#4591,.T.);
#4593=ADVANCED_FACE('',(#4592),#4567,.F.);
#4594=CARTESIAN_POINT('',(3184.525,406.4,571.500000002));
#4595=DIRECTION('',(0.,-1.,0.));
#4596=DIRECTION('',(1.,0.,0.));
#4597=AXIS2_PLACEMENT_3D('',#4594,#4595,#4596);
#4598=PLANE('',#4597);
#4599=ORIENTED_EDGE('',*,*,#4588,.T.);
#4600=CARTESIAN_POINT('',(3990.975,406.4,120.65));
#4601=DIRECTION('',(-1.,0.,0.));
#4602=VECTOR('',#4601,19.05);
#4603=LINE('',#4600,#4602);
#4604=EDGE_CURVE('',#4577,#4523,#4603,.T.);
#4605=ORIENTED_EDGE('',*,*,#4604,.T.);
#4606=ORIENTED_EDGE('',*,*,#4528,.F.);
#4607=ORIENTED_EDGE('',*,*,#4503,.T.);
#4608=EDGE_LOOP('',(#4599,#4605,#4606,#4607));
#4609=FACE_BOUND('',#4608,.T.);
#4610=ADVANCED_FACE('',(#4609),#4598,.F.);
#4611=CARTESIAN_POINT('',(3184.525,0.,571.500000002));
#4612=DIRECTION('',(0.,-1.,0.));
#4613=DIRECTION('',(1.,0.,0.));
#4614=AXIS2_PLACEMENT_3D('',#4611,#4612,#4613);
#4615=PLANE('',#4614);
#4616=ORIENTED_EDGE('',*,*,#4519,.T.);
#4617=CARTESIAN_POINT('',(3990.975,0.,120.65));
#4618=DIRECTION('',(-1.,0.,0.));
#4619=VECTOR('',#4618,19.05);
#4620=LINE('',#4617,#4619);
#4621=EDGE_CURVE('',#4569,#4514,#4620,.T.);
#4622=ORIENTED_EDGE('',*,*,#4621,.F.);
#4623=ORIENTED_EDGE('',*,*,#4574,.F.);
#4624=ORIENTED_EDGE('',*,*,#4489,.F.);
#4625=EDGE_LOOP('',(#4616,#4622,#4623,#4624));
#4626=FACE_BOUND('',#4625,.T.);
#4627=ADVANCED_FACE('',(#4626),#4615,.T.);
#4628=CARTESIAN_POINT('',(3976.6875,406.4,120.65));
#4629=DIRECTION('',(0.,0.,1.));
#4630=DIRECTION('',(1.,0.,0.));
#4631=AXIS2_PLACEMENT_3D('',#4628,#4629,#4630);
#4632=PLANE('',#4631);
#4633=CARTESIAN_POINT('',(3981.45,381.,120.65));
#4634=VERTEX_POINT('',#4633);
#4635=CARTESIAN_POINT('',(3981.45,381.,120.65));
#4636=DIRECTION('',(-1.,0.,0.));
#4637=VECTOR('',#4636,9.525);
#4638=LINE('',#4635,#4637);
#4639=EDGE_CURVE('',#4634,#4546,#4638,.T.);
#4640=ORIENTED_EDGE('',*,*,#4639,.F.);
#4641=CARTESIAN_POINT('',(3981.45,387.35,120.65));
#4642=VERTEX_POINT('',#4641);
#4643=CARTESIAN_POINT('',(3981.45,387.35,120.65));
#4644=DIRECTION('',(0.,-1.,0.));
#4645=VECTOR('',#4644,6.35);
#4646=LINE('',#4643,#4645);
#4647=EDGE_CURVE('',#4642,#4634,#4646,.T.);
#4648=ORIENTED_EDGE('',*,*,#4647,.F.);
#4649=CARTESIAN_POINT('',(3981.45,387.35,120.65));
#4650=DIRECTION('',(-1.,0.,0.));
#4651=VECTOR('',#4650,9.525);
#4652=LINE('',#4649,#4651);
#4653=EDGE_CURVE('',#4642,#4531,#4652,.T.);
#4654=ORIENTED_EDGE('',*,*,#4653,.T.);
#4655=ORIENTED_EDGE('',*,*,#4536,.F.);
#4656=ORIENTED_EDGE('',*,*,#4604,.F.);
#4657=ORIENTED_EDGE('',*,*,#4582,.T.);
#4658=ORIENTED_EDGE('',*,*,#4621,.T.);
#4659=ORIENTED_EDGE('',*,*,#4557,.F.);
#4660=EDGE_LOOP('',(#4640,#4648,#4654,#4655,#4656,#4657,#4658,#4659));
#4661=FACE_BOUND('',#4660,.T.);
#4662=ADVANCED_FACE('',(#4661),#4632,.F.);
#4663=CARTESIAN_POINT('',(3981.45,387.35,346.075));
#4664=DIRECTION('',(-1.,0.,0.));
#4665=DIRECTION('',(0.,0.,1.));
#4666=AXIS2_PLACEMENT_3D('',#4663,#4664,#4665);
#4667=PLANE('',#4666);
#4668=CARTESIAN_POINT('',(3981.45,381.,571.5));
#4669=DIRECTION('',(0.,0.,-1.));
#4670=VECTOR('',#4669,450.85);
#4671=LINE('',#4668,#4670);
#4672=EDGE_CURVE('',#4436,#4634,#4671,.T.);
#4673=ORIENTED_EDGE('',*,*,#4672,.F.);
#4674=ORIENTED_EDGE('',*,*,#4463,.F.);
#4675=CARTESIAN_POINT('',(3981.45,387.35,571.5));
#4676=DIRECTION('',(0.,0.,-1.));
#4677=VECTOR('',#4676,450.85);
#4678=LINE('',#4675,#4677);
#4679=EDGE_CURVE('',#4452,#4642,#4678,.T.);
#4680=ORIENTED_EDGE('',*,*,#4679,.T.);
#4681=ORIENTED_EDGE('',*,*,#4647,.T.);
#4682=EDGE_LOOP('',(#4673,#4674,#4680,#4681));
#4683=FACE_BOUND('',#4682,.T.);
#4684=ADVANCED_FACE('',(#4683),#4667,.T.);
#4685=CARTESIAN_POINT('',(3184.525,387.35,120.65));
#4686=DIRECTION('',(0.,-1.,0.));
#4687=DIRECTION('',(1.,0.,0.));
#4688=AXIS2_PLACEMENT_3D('',#4685,#4686,#4687);
#4689=PLANE('',#4688);
#4690=ORIENTED_EDGE('',*,*,#4679,.F.);
#4691=ORIENTED_EDGE('',*,*,#4457,.F.);
#4692=ORIENTED_EDGE('',*,*,#4542,.T.);
#4693=ORIENTED_EDGE('',*,*,#4653,.F.);
#4694=EDGE_LOOP('',(#4690,#4691,#4692,#4693));
#4695=FACE_BOUND('',#4694,.T.);
#4696=ADVANCED_FACE('',(#4695),#4689,.T.);
#4697=CARTESIAN_POINT('',(3184.525,381.,120.65));
#4698=DIRECTION('',(0.,-1.,0.));
#4699=DIRECTION('',(1.,0.,0.));
#4700=AXIS2_PLACEMENT_3D('',#4697,#4698,#4699);
#4701=PLANE('',#4700);
#4702=ORIENTED_EDGE('',*,*,#4672,.T.);
#4703=ORIENTED_EDGE('',*,*,#4639,.T.);
#4704=ORIENTED_EDGE('',*,*,#4551,.F.);
#4705=ORIENTED_EDGE('',*,*,#4441,.T.);
#4706=EDGE_LOOP('',(#4702,#4703,#4704,#4705));
#4707=FACE_BOUND('',#4706,.T.);
#4708=ADVANCED_FACE('',(#4707),#4701,.F.);
#4709=CLOSED_SHELL('',(#4467,#4507,#4561,#4593,#4610,#4627,#4662,#4684,#4696,#4708));
#4710=MANIFOLD_SOLID_BREP('[Panel] Right',#4709);
#4427=STYLED_ITEM('',(#267),#4710);
#4712=CARTESIAN_POINT('',(3203.575,406.4,557.2125));
#4713=DIRECTION('',(1.,0.,0.));
#4714=DIRECTION('',(0.,0.,-1.));
#4715=AXIS2_PLACEMENT_3D('',#4712,#4713,#4714);
#4716=PLANE('',#4715);
#4717=CARTESIAN_POINT('',(3203.575,381.,120.65));
#4718=VERTEX_POINT('',#4717);
#4719=CARTESIAN_POINT('',(3203.575,0.,120.65));
#4720=VERTEX_POINT('',#4719);
#4721=CARTESIAN_POINT('',(3203.575,381.,120.65));
#4722=DIRECTION('',(0.,-1.,0.));
#4723=VECTOR('',#4722,381.);
#4724=LINE('',#4721,#4723);
#4725=EDGE_CURVE('',#4718,#4720,#4724,.T.);
#4726=ORIENTED_EDGE('',*,*,#4725,.F.);
#4727=CARTESIAN_POINT('',(3203.575,381.,571.5));
#4728=VERTEX_POINT('',#4727);
#4729=CARTESIAN_POINT('',(3203.575,381.,120.65));
#4730=DIRECTION('',(-0.,0.,1.));
#4731=VECTOR('',#4730,450.85);
#4732=LINE('',#4729,#4731);
#4733=EDGE_CURVE('',#4718,#4728,#4732,.T.);
#4734=ORIENTED_EDGE('',*,*,#4733,.T.);
#4735=CARTESIAN_POINT('',(3203.575,0.,571.5));
#4736=VERTEX_POINT('',#4735);
#4737=CARTESIAN_POINT('',(3203.575,381.,571.5));
#4738=DIRECTION('',(0.,-1.,0.));
#4739=VECTOR('',#4738,381.);
#4740=LINE('',#4737,#4739);
#4741=EDGE_CURVE('',#4728,#4736,#4740,.T.);
#4742=ORIENTED_EDGE('',*,*,#4741,.T.);
#4743=CARTESIAN_POINT('',(3203.575,0.,120.65));
#4744=DIRECTION('',(-0.,0.,1.));
#4745=VECTOR('',#4744,450.85);
#4746=LINE('',#4743,#4745);
#4747=EDGE_CURVE('',#4720,#4736,#4746,.T.);
#4748=ORIENTED_EDGE('',*,*,#4747,.F.);
#4749=EDGE_LOOP('',(#4726,#4734,#4742,#4748));
#4750=FACE_BOUND('',#4749,.T.);
#4751=ADVANCED_FACE('',(#4750),#4716,.T.);
#4752=CARTESIAN_POINT('',(3189.2875,406.4,120.65));
#4753=DIRECTION('',(0.,0.,1.));
#4754=DIRECTION('',(1.,0.,0.));
#4755=AXIS2_PLACEMENT_3D('',#4752,#4753,#4754);
#4756=PLANE('',#4755);
#4757=CARTESIAN_POINT('',(3194.05,381.,120.65));
#4758=VERTEX_POINT('',#4757);
#4759=CARTESIAN_POINT('',(3203.575,381.,120.65));
#4760=DIRECTION('',(-1.,0.,0.));
#4761=VECTOR('',#4760,9.525);
#4762=LINE('',#4759,#4761);
#4763=EDGE_CURVE('',#4718,#4758,#4762,.T.);
#4764=ORIENTED_EDGE('',*,*,#4763,.F.);
#4765=ORIENTED_EDGE('',*,*,#4725,.T.);
#4766=CARTESIAN_POINT('',(3184.525,0.,120.65));
#4767=VERTEX_POINT('',#4766);
#4768=CARTESIAN_POINT('',(3203.575,0.,120.65));
#4769=DIRECTION('',(-1.,0.,0.));
#4770=VECTOR('',#4769,19.05);
#4771=LINE('',#4768,#4770);
#4772=EDGE_CURVE('',#4720,#4767,#4771,.T.);
#4773=ORIENTED_EDGE('',*,*,#4772,.T.);
#4774=CARTESIAN_POINT('',(3184.525,406.4,120.65));
#4775=VERTEX_POINT('',#4774);
#4776=CARTESIAN_POINT('',(3184.525,406.4,120.65));
#4777=DIRECTION('',(0.,-1.,0.));
#4778=VECTOR('',#4777,406.4);
#4779=LINE('',#4776,#4778);
#4780=EDGE_CURVE('',#4775,#4767,#4779,.T.);
#4781=ORIENTED_EDGE('',*,*,#4780,.F.);
#4782=CARTESIAN_POINT('',(3203.575,406.4,120.65));
#4783=VERTEX_POINT('',#4782);
#4784=CARTESIAN_POINT('',(3203.575,406.4,120.65));
#4785=DIRECTION('',(-1.,0.,0.));
#4786=VECTOR('',#4785,19.05);
#4787=LINE('',#4784,#4786);
#4788=EDGE_CURVE('',#4783,#4775,#4787,.T.);
#4789=ORIENTED_EDGE('',*,*,#4788,.F.);
#4790=CARTESIAN_POINT('',(3203.575,387.35,120.65));
#4791=VERTEX_POINT('',#4790);
#4792=CARTESIAN_POINT('',(3203.575,406.4,120.65));
#4793=DIRECTION('',(0.,-1.,0.));
#4794=VECTOR('',#4793,19.05);
#4795=LINE('',#4792,#4794);
#4796=EDGE_CURVE('',#4783,#4791,#4795,.T.);
#4797=ORIENTED_EDGE('',*,*,#4796,.T.);
#4798=CARTESIAN_POINT('',(3194.05,387.35,120.65));
#4799=VERTEX_POINT('',#4798);
#4800=CARTESIAN_POINT('',(3203.575,387.35,120.65));
#4801=DIRECTION('',(-1.,0.,0.));
#4802=VECTOR('',#4801,9.525);
#4803=LINE('',#4800,#4802);
#4804=EDGE_CURVE('',#4791,#4799,#4803,.T.);
#4805=ORIENTED_EDGE('',*,*,#4804,.T.);
#4806=CARTESIAN_POINT('',(3194.05,387.35,120.65));
#4807=DIRECTION('',(0.,-1.,0.));
#4808=VECTOR('',#4807,6.35);
#4809=LINE('',#4806,#4808);
#4810=EDGE_CURVE('',#4799,#4758,#4809,.T.);
#4811=ORIENTED_EDGE('',*,*,#4810,.T.);
#4812=EDGE_LOOP('',(#4764,#4765,#4773,#4781,#4789,#4797,#4805,#4811));
#4813=FACE_BOUND('',#4812,.T.);
#4814=ADVANCED_FACE('',(#4813),#4756,.F.);
#4815=CARTESIAN_POINT('',(3189.2875,406.4,571.5));
#4816=DIRECTION('',(0.,0.,-1.));
#4817=DIRECTION('',(-1.,0.,0.));
#4818=AXIS2_PLACEMENT_3D('',#4815,#4816,#4817);
#4819=PLANE('',#4818);
#4820=CARTESIAN_POINT('',(3194.05,381.,571.5));
#4821=VERTEX_POINT('',#4820);
#4822=CARTESIAN_POINT('',(3194.05,381.,571.5));
#4823=DIRECTION('',(1.,0.,-0.));
#4824=VECTOR('',#4823,9.525);
#4825=LINE('',#4822,#4824);
#4826=EDGE_CURVE('',#4821,#4728,#4825,.T.);
#4827=ORIENTED_EDGE('',*,*,#4826,.F.);
#4828=CARTESIAN_POINT('',(3194.05,387.35,571.5));
#4829=VERTEX_POINT('',#4828);
#4830=CARTESIAN_POINT('',(3194.05,387.35,571.5));
#4831=DIRECTION('',(0.,-1.,0.));
#4832=VECTOR('',#4831,6.35);
#4833=LINE('',#4830,#4832);
#4834=EDGE_CURVE('',#4829,#4821,#4833,.T.);
#4835=ORIENTED_EDGE('',*,*,#4834,.F.);
#4836=CARTESIAN_POINT('',(3203.575,387.35,571.5));
#4837=VERTEX_POINT('',#4836);
#4838=CARTESIAN_POINT('',(3194.05,387.35,571.5));
#4839=DIRECTION('',(1.,0.,-0.));
#4840=VECTOR('',#4839,9.525);
#4841=LINE('',#4838,#4840);
#4842=EDGE_CURVE('',#4829,#4837,#4841,.T.);
#4843=ORIENTED_EDGE('',*,*,#4842,.T.);
#4844=CARTESIAN_POINT('',(3203.575,406.4,571.5));
#4845=VERTEX_POINT('',#4844);
#4846=CARTESIAN_POINT('',(3203.575,406.4,571.5));
#4847=DIRECTION('',(0.,-1.,0.));
#4848=VECTOR('',#4847,19.05);
#4849=LINE('',#4846,#4848);
#4850=EDGE_CURVE('',#4845,#4837,#4849,.T.);
#4851=ORIENTED_EDGE('',*,*,#4850,.F.);
#4852=CARTESIAN_POINT('',(3184.525,406.4,571.5));
#4853=VERTEX_POINT('',#4852);
#4854=CARTESIAN_POINT('',(3184.525,406.4,571.5));
#4855=DIRECTION('',(1.,0.,-0.));
#4856=VECTOR('',#4855,19.05);
#4857=LINE('',#4854,#4856);
#4858=EDGE_CURVE('',#4853,#4845,#4857,.T.);
#4859=ORIENTED_EDGE('',*,*,#4858,.F.);
#4860=CARTESIAN_POINT('',(3184.525,0.,571.5));
#4861=VERTEX_POINT('',#4860);
#4862=CARTESIAN_POINT('',(3184.525,406.4,571.5));
#4863=DIRECTION('',(0.,-1.,0.));
#4864=VECTOR('',#4863,406.4);
#4865=LINE('',#4862,#4864);
#4866=EDGE_CURVE('',#4853,#4861,#4865,.T.);
#4867=ORIENTED_EDGE('',*,*,#4866,.T.);
#4868=CARTESIAN_POINT('',(3184.525,0.,571.5));
#4869=DIRECTION('',(1.,0.,-0.));
#4870=VECTOR('',#4869,19.05);
#4871=LINE('',#4868,#4870);
#4872=EDGE_CURVE('',#4861,#4736,#4871,.T.);
#4873=ORIENTED_EDGE('',*,*,#4872,.T.);
#4874=ORIENTED_EDGE('',*,*,#4741,.F.);
#4875=EDGE_LOOP('',(#4827,#4835,#4843,#4851,#4859,#4867,#4873,#4874));
#4876=FACE_BOUND('',#4875,.T.);
#4877=ADVANCED_FACE('',(#4876),#4819,.F.);
#4878=CARTESIAN_POINT('',(3203.575,406.4,557.2125));
#4879=DIRECTION('',(1.,0.,0.));
#4880=DIRECTION('',(0.,0.,-1.));
#4881=AXIS2_PLACEMENT_3D('',#4878,#4879,#4880);
#4882=PLANE('',#4881);
#4883=CARTESIAN_POINT('',(3203.575,387.35,120.65));
#4884=DIRECTION('',(-0.,0.,1.));
#4885=VECTOR('',#4884,450.85);
#4886=LINE('',#4883,#4885);
#4887=EDGE_CURVE('',#4791,#4837,#4886,.T.);
#4888=ORIENTED_EDGE('',*,*,#4887,.F.);
#4889=ORIENTED_EDGE('',*,*,#4796,.F.);
#4890=CARTESIAN_POINT('',(3203.575,406.4,120.65));
#4891=DIRECTION('',(-0.,0.,1.));
#4892=VECTOR('',#4891,450.85);
#4893=LINE('',#4890,#4892);
#4894=EDGE_CURVE('',#4783,#4845,#4893,.T.);
#4895=ORIENTED_EDGE('',*,*,#4894,.T.);
#4896=ORIENTED_EDGE('',*,*,#4850,.T.);
#4897=EDGE_LOOP('',(#4888,#4889,#4895,#4896));
#4898=FACE_BOUND('',#4897,.T.);
#4899=ADVANCED_FACE('',(#4898),#4882,.T.);
#4900=CARTESIAN_POINT('',(3184.525,406.4,346.075));
#4901=DIRECTION('',(1.,0.,0.));
#4902=DIRECTION('',(0.,0.,-1.));
#4903=AXIS2_PLACEMENT_3D('',#4900,#4901,#4902);
#4904=PLANE('',#4903);
#4905=CARTESIAN_POINT('',(3184.525,0.,120.65));
#4906=DIRECTION('',(0.,0.,1.));
#4907=VECTOR('',#4906,450.85);
#4908=LINE('',#4905,#4907);
#4909=EDGE_CURVE('',#4767,#4861,#4908,.T.);
#4910=ORIENTED_EDGE('',*,*,#4909,.T.);
#4911=ORIENTED_EDGE('',*,*,#4866,.F.);
#4912=CARTESIAN_POINT('',(3184.525,406.4,120.65));
#4913=DIRECTION('',(0.,0.,1.));
#4914=VECTOR('',#4913,450.85);
#4915=LINE('',#4912,#4914);
#4916=EDGE_CURVE('',#4775,#4853,#4915,.T.);
#4917=ORIENTED_EDGE('',*,*,#4916,.F.);
#4918=ORIENTED_EDGE('',*,*,#4780,.T.);
#4919=EDGE_LOOP('',(#4910,#4911,#4917,#4918));
#4920=FACE_BOUND('',#4919,.T.);
#4921=ADVANCED_FACE('',(#4920),#4904,.F.);
#4922=CARTESIAN_POINT('',(3184.525,406.4,120.65));
#4923=DIRECTION('',(0.,-1.,0.));
#4924=DIRECTION('',(1.,0.,0.));
#4925=AXIS2_PLACEMENT_3D('',#4922,#4923,#4924);
#4926=PLANE('',#4925);
#4927=ORIENTED_EDGE('',*,*,#4788,.T.);
#4928=ORIENTED_EDGE('',*,*,#4916,.T.);
#4929=ORIENTED_EDGE('',*,*,#4858,.T.);
#4930=ORIENTED_EDGE('',*,*,#4894,.F.);
#4931=EDGE_LOOP('',(#4927,#4928,#4929,#4930));
#4932=FACE_BOUND('',#4931,.T.);
#4933=ADVANCED_FACE('',(#4932),#4926,.F.);
#4934=CARTESIAN_POINT('',(3184.525,0.,120.65));
#4935=DIRECTION('',(0.,-1.,0.));
#4936=DIRECTION('',(1.,0.,0.));
#4937=AXIS2_PLACEMENT_3D('',#4934,#4935,#4936);
#4938=PLANE('',#4937);
#4939=ORIENTED_EDGE('',*,*,#4772,.F.);
#4940=ORIENTED_EDGE('',*,*,#4747,.T.);
#4941=ORIENTED_EDGE('',*,*,#4872,.F.);
#4942=ORIENTED_EDGE('',*,*,#4909,.F.);
#4943=EDGE_LOOP('',(#4939,#4940,#4941,#4942));
#4944=FACE_BOUND('',#4943,.T.);
#4945=ADVANCED_FACE('',(#4944),#4938,.T.);
#4946=CARTESIAN_POINT('',(3194.05,387.35,346.075));
#4947=DIRECTION('',(-1.,0.,-0.));
#4948=DIRECTION('',(-0.,0.,1.));
#4949=AXIS2_PLACEMENT_3D('',#4946,#4947,#4948);
#4950=PLANE('',#4949);
#4951=CARTESIAN_POINT('',(3194.05,381.,571.5));
#4952=DIRECTION('',(0.,0.,-1.));
#4953=VECTOR('',#4952,450.85);
#4954=LINE('',#4951,#4953);
#4955=EDGE_CURVE('',#4821,#4758,#4954,.T.);
#4956=ORIENTED_EDGE('',*,*,#4955,.T.);
#4957=ORIENTED_EDGE('',*,*,#4810,.F.);
#4958=CARTESIAN_POINT('',(3194.05,387.35,571.5));
#4959=DIRECTION('',(0.,0.,-1.));
#4960=VECTOR('',#4959,450.85);
#4961=LINE('',#4958,#4960);
#4962=EDGE_CURVE('',#4829,#4799,#4961,.T.);
#4963=ORIENTED_EDGE('',*,*,#4962,.F.);
#4964=ORIENTED_EDGE('',*,*,#4834,.T.);
#4965=EDGE_LOOP('',(#4956,#4957,#4963,#4964));
#4966=FACE_BOUND('',#4965,.T.);
#4967=ADVANCED_FACE('',(#4966),#4950,.F.);
#4968=CARTESIAN_POINT('',(3184.525,387.35,120.65));
#4969=DIRECTION('',(0.,-1.,0.));
#4970=DIRECTION('',(1.,0.,0.));
#4971=AXIS2_PLACEMENT_3D('',#4968,#4969,#4970);
#4972=PLANE('',#4971);
#4973=ORIENTED_EDGE('',*,*,#4887,.T.);
#4974=ORIENTED_EDGE('',*,*,#4842,.F.);
#4975=ORIENTED_EDGE('',*,*,#4962,.T.);
#4976=ORIENTED_EDGE('',*,*,#4804,.F.);
#4977=EDGE_LOOP('',(#4973,#4974,#4975,#4976));
#4978=FACE_BOUND('',#4977,.T.);
#4979=ADVANCED_FACE('',(#4978),#4972,.T.);
#4980=CARTESIAN_POINT('',(3184.525,381.,120.65));
#4981=DIRECTION('',(0.,-1.,0.));
#4982=DIRECTION('',(1.,0.,0.));
#4983=AXIS2_PLACEMENT_3D('',#4980,#4981,#4982);
#4984=PLANE('',#4983);
#4985=ORIENTED_EDGE('',*,*,#4733,.F.);
#4986=ORIENTED_EDGE('',*,*,#4763,.T.);
#4987=ORIENTED_EDGE('',*,*,#4955,.F.);
#4988=ORIENTED_EDGE('',*,*,#4826,.T.);
#4989=EDGE_LOOP('',(#4985,#4986,#4987,#4988));
#4990=FACE_BOUND('',#4989,.T.);
#4991=ADVANCED_FACE('',(#4990),#4984,.F.);
#4992=CLOSED_SHELL('',(#4751,#4814,#4877,#4899,#4921,#4933,#4945,#4967,#4979,#4991));
#4993=MANIFOLD_SOLID_BREP('[Panel] Left',#4992);
#4711=STYLED_ITEM('',(#267),#4993);
#4995=CARTESIAN_POINT('',(3587.75,406.4,139.7));
#4996=DIRECTION('',(-0.,0.,1.));
#4997=DIRECTION('',(1.,0.,0.));
#4998=AXIS2_PLACEMENT_3D('',#4995,#4996,#4997);
#4999=PLANE('',#4998);
#5000=CARTESIAN_POINT('',(3971.925,381.,139.7));
#5001=VERTEX_POINT('',#5000);
#5002=CARTESIAN_POINT('',(3971.925,0.,139.7));
#5003=VERTEX_POINT('',#5002);
#5004=CARTESIAN_POINT('',(3971.925,381.,139.7));
#5005=DIRECTION('',(0.,-1.,0.));
#5006=VECTOR('',#5005,381.);
#5007=LINE('',#5004,#5006);
#5008=EDGE_CURVE('',#5001,#5003,#5007,.T.);
#5009=ORIENTED_EDGE('',*,*,#5008,.F.);
#5010=CARTESIAN_POINT('',(3203.575,381.,139.7));
#5011=VERTEX_POINT('',#5010);
#5012=CARTESIAN_POINT('',(3971.925,381.,139.7));
#5013=DIRECTION('',(-1.,0.,-0.));
#5014=VECTOR('',#5013,768.35);
#5015=LINE('',#5012,#5014);
#5016=EDGE_CURVE('',#5001,#5011,#5015,.T.);
#5017=ORIENTED_EDGE('',*,*,#5016,.T.);
#5018=CARTESIAN_POINT('',(3203.575,0.,139.7));
#5019=VERTEX_POINT('',#5018);
#5020=CARTESIAN_POINT('',(3203.575,381.,139.7));
#5021=DIRECTION('',(0.,-1.,0.));
#5022=VECTOR('',#5021,381.);
#5023=LINE('',#5020,#5022);
#5024=EDGE_CURVE('',#5011,#5019,#5023,.T.);
#5025=ORIENTED_EDGE('',*,*,#5024,.T.);
#5026=CARTESIAN_POINT('',(3971.925,0.,139.7));
#5027=DIRECTION('',(-1.,0.,-0.));
#5028=VECTOR('',#5027,768.35);
#5029=LINE('',#5026,#5028);
#5030=EDGE_CURVE('',#5003,#5019,#5029,.T.);
#5031=ORIENTED_EDGE('',*,*,#5030,.F.);
#5032=EDGE_LOOP('',(#5009,#5017,#5025,#5031));
#5033=FACE_BOUND('',#5032,.T.);
#5034=ADVANCED_FACE('',(#5033),#4999,.T.);
#5035=CARTESIAN_POINT('',(3971.925,406.4,125.4125));
#5036=DIRECTION('',(-1.,0.,0.));
#5037=DIRECTION('',(0.,0.,1.));
#5038=AXIS2_PLACEMENT_3D('',#5035,#5036,#5037);
#5039=PLANE('',#5038);
#5040=CARTESIAN_POINT('',(3971.925,381.,130.175));
#5041=VERTEX_POINT('',#5040);
#5042=CARTESIAN_POINT('',(3971.925,381.,139.7));
#5043=DIRECTION('',(0.,0.,-1.));
#5044=VECTOR('',#5043,9.525);
#5045=LINE('',#5042,#5044);
#5046=EDGE_CURVE('',#5001,#5041,#5045,.T.);
#5047=ORIENTED_EDGE('',*,*,#5046,.F.);
#5048=ORIENTED_EDGE('',*,*,#5008,.T.);
#5049=CARTESIAN_POINT('',(3971.925,0.,120.65));
#5050=VERTEX_POINT('',#5049);
#5051=CARTESIAN_POINT('',(3971.925,0.,139.7));
#5052=DIRECTION('',(0.,0.,-1.));
#5053=VECTOR('',#5052,19.05);
#5054=LINE('',#5051,#5053);
#5055=EDGE_CURVE('',#5003,#5050,#5054,.T.);
#5056=ORIENTED_EDGE('',*,*,#5055,.T.);
#5057=CARTESIAN_POINT('',(3971.925,406.4,120.65));
#5058=VERTEX_POINT('',#5057);
#5059=CARTESIAN_POINT('',(3971.925,406.4,120.65));
#5060=DIRECTION('',(0.,-1.,0.));
#5061=VECTOR('',#5060,406.4);
#5062=LINE('',#5059,#5061);
#5063=EDGE_CURVE('',#5058,#5050,#5062,.T.);
#5064=ORIENTED_EDGE('',*,*,#5063,.F.);
#5065=CARTESIAN_POINT('',(3971.925,406.4,139.7));
#5066=VERTEX_POINT('',#5065);
#5067=CARTESIAN_POINT('',(3971.925,406.4,139.7));
#5068=DIRECTION('',(0.,0.,-1.));
#5069=VECTOR('',#5068,19.05);
#5070=LINE('',#5067,#5069);
#5071=EDGE_CURVE('',#5066,#5058,#5070,.T.);
#5072=ORIENTED_EDGE('',*,*,#5071,.F.);
#5073=CARTESIAN_POINT('',(3971.925,387.35,139.7));
#5074=VERTEX_POINT('',#5073);
#5075=CARTESIAN_POINT('',(3971.925,406.4,139.7));
#5076=DIRECTION('',(0.,-1.,0.));
#5077=VECTOR('',#5076,19.05);
#5078=LINE('',#5075,#5077);
#5079=EDGE_CURVE('',#5066,#5074,#5078,.T.);
#5080=ORIENTED_EDGE('',*,*,#5079,.T.);
#5081=CARTESIAN_POINT('',(3971.925,387.35,130.175));
#5082=VERTEX_POINT('',#5081);
#5083=CARTESIAN_POINT('',(3971.925,387.35,139.7));
#5084=DIRECTION('',(0.,0.,-1.));
#5085=VECTOR('',#5084,9.525);
#5086=LINE('',#5083,#5085);
#5087=EDGE_CURVE('',#5074,#5082,#5086,.T.);
#5088=ORIENTED_EDGE('',*,*,#5087,.T.);
#5089=CARTESIAN_POINT('',(3971.925,387.35,130.175));
#5090=DIRECTION('',(0.,-1.,0.));
#5091=VECTOR('',#5090,6.35);
#5092=LINE('',#5089,#5091);
#5093=EDGE_CURVE('',#5082,#5041,#5092,.T.);
#5094=ORIENTED_EDGE('',*,*,#5093,.T.);
#5095=EDGE_LOOP('',(#5047,#5048,#5056,#5064,#5072,#5080,#5088,#5094));
#5096=FACE_BOUND('',#5095,.T.);
#5097=ADVANCED_FACE('',(#5096),#5039,.F.);
#5098=CARTESIAN_POINT('',(3203.575,406.4,125.4125));
#5099=DIRECTION('',(-1.,0.,-0.));
#5100=DIRECTION('',(-0.,0.,1.));
#5101=AXIS2_PLACEMENT_3D('',#5098,#5099,#5100);
#5102=PLANE('',#5101);
#5103=ORIENTED_EDGE('',*,*,#5024,.F.);
#5104=CARTESIAN_POINT('',(3203.575,381.,130.175));
#5105=VERTEX_POINT('',#5104);
#5106=CARTESIAN_POINT('',(3203.575,381.,139.7));
#5107=DIRECTION('',(0.,0.,-1.));
#5108=VECTOR('',#5107,9.525);
#5109=LINE('',#5106,#5108);
#5110=EDGE_CURVE('',#5011,#5105,#5109,.T.);
#5111=ORIENTED_EDGE('',*,*,#5110,.T.);
#5112=CARTESIAN_POINT('',(3203.575,387.35,130.175));
#5113=VERTEX_POINT('',#5112);
#5114=CARTESIAN_POINT('',(3203.575,387.35,130.175));
#5115=DIRECTION('',(0.,-1.,0.));
#5116=VECTOR('',#5115,6.35);
#5117=LINE('',#5114,#5116);
#5118=EDGE_CURVE('',#5113,#5105,#5117,.T.);
#5119=ORIENTED_EDGE('',*,*,#5118,.F.);
#5120=CARTESIAN_POINT('',(3203.575,387.35,139.7));
#5121=VERTEX_POINT('',#5120);
#5122=CARTESIAN_POINT('',(3203.575,387.35,139.7));
#5123=DIRECTION('',(0.,0.,-1.));
#5124=VECTOR('',#5123,9.525);
#5125=LINE('',#5122,#5124);
#5126=EDGE_CURVE('',#5121,#5113,#5125,.T.);
#5127=ORIENTED_EDGE('',*,*,#5126,.F.);
#5128=CARTESIAN_POINT('',(3203.575,406.4,139.7));
#5129=VERTEX_POINT('',#5128);
#5130=CARTESIAN_POINT('',(3203.575,406.4,139.7));
#5131=DIRECTION('',(0.,-1.,0.));
#5132=VECTOR('',#5131,19.05);
#5133=LINE('',#5130,#5132);
#5134=EDGE_CURVE('',#5129,#5121,#5133,.T.);
#5135=ORIENTED_EDGE('',*,*,#5134,.F.);
#5136=CARTESIAN_POINT('',(3203.575,406.4,120.65));
#5137=VERTEX_POINT('',#5136);
#5138=CARTESIAN_POINT('',(3203.575,406.4,139.7));
#5139=DIRECTION('',(0.,0.,-1.));
#5140=VECTOR('',#5139,19.05);
#5141=LINE('',#5138,#5140);
#5142=EDGE_CURVE('',#5129,#5137,#5141,.T.);
#5143=ORIENTED_EDGE('',*,*,#5142,.T.);
#5144=CARTESIAN_POINT('',(3203.575,0.,120.65));
#5145=VERTEX_POINT('',#5144);
#5146=CARTESIAN_POINT('',(3203.575,406.4,120.65));
#5147=DIRECTION('',(0.,-1.,0.));
#5148=VECTOR('',#5147,406.4);
#5149=LINE('',#5146,#5148);
#5150=EDGE_CURVE('',#5137,#5145,#5149,.T.);
#5151=ORIENTED_EDGE('',*,*,#5150,.T.);
#5152=CARTESIAN_POINT('',(3203.575,0.,139.7));
#5153=DIRECTION('',(0.,0.,-1.));
#5154=VECTOR('',#5153,19.05);
#5155=LINE('',#5152,#5154);
#5156=EDGE_CURVE('',#5019,#5145,#5155,.T.);
#5157=ORIENTED_EDGE('',*,*,#5156,.F.);
#5158=EDGE_LOOP('',(#5103,#5111,#5119,#5127,#5135,#5143,#5151,#5157));
#5159=FACE_BOUND('',#5158,.T.);
#5160=ADVANCED_FACE('',(#5159),#5102,.T.);
#5161=CARTESIAN_POINT('',(3587.75,406.4,139.7));
#5162=DIRECTION('',(-0.,0.,1.));
#5163=DIRECTION('',(1.,0.,0.));
#5164=AXIS2_PLACEMENT_3D('',#5161,#5162,#5163);
#5165=PLANE('',#5164);
#5166=CARTESIAN_POINT('',(3971.925,387.35,139.7));
#5167=DIRECTION('',(-1.,0.,-0.));
#5168=VECTOR('',#5167,768.35);
#5169=LINE('',#5166,#5168);
#5170=EDGE_CURVE('',#5074,#5121,#5169,.T.);
#5171=ORIENTED_EDGE('',*,*,#5170,.F.);
#5172=ORIENTED_EDGE('',*,*,#5079,.F.);
#5173=CARTESIAN_POINT('',(3971.925,406.4,139.7));
#5174=DIRECTION('',(-1.,0.,-0.));
#5175=VECTOR('',#5174,768.35);
#5176=LINE('',#5173,#5175);
#5177=EDGE_CURVE('',#5066,#5129,#5176,.T.);
#5178=ORIENTED_EDGE('',*,*,#5177,.T.);
#5179=ORIENTED_EDGE('',*,*,#5134,.T.);
#5180=EDGE_LOOP('',(#5171,#5172,#5178,#5179));
#5181=FACE_BOUND('',#5180,.T.);
#5182=ADVANCED_FACE('',(#5181),#5165,.T.);
#5183=CARTESIAN_POINT('',(3587.75,406.4,120.65));
#5184=DIRECTION('',(0.,0.,-1.));
#5185=DIRECTION('',(-1.,0.,0.));
#5186=AXIS2_PLACEMENT_3D('',#5183,#5184,#5185);
#5187=PLANE('',#5186);
#5188=CARTESIAN_POINT('',(3203.575,0.,120.65));
#5189=DIRECTION('',(1.,0.,-0.));
#5190=VECTOR('',#5189,768.35);
#5191=LINE('',#5188,#5190);
#5192=EDGE_CURVE('',#5145,#5050,#5191,.T.);
#5193=ORIENTED_EDGE('',*,*,#5192,.F.);
#5194=ORIENTED_EDGE('',*,*,#5150,.F.);
#5195=CARTESIAN_POINT('',(3203.575,406.4,120.65));
#5196=DIRECTION('',(1.,0.,-0.));
#5197=VECTOR('',#5196,768.35);
#5198=LINE('',#5195,#5197);
#5199=EDGE_CURVE('',#5137,#5058,#5198,.T.);
#5200=ORIENTED_EDGE('',*,*,#5199,.T.);
#5201=ORIENTED_EDGE('',*,*,#5063,.T.);
#5202=EDGE_LOOP('',(#5193,#5194,#5200,#5201));
#5203=FACE_BOUND('',#5202,.T.);
#5204=ADVANCED_FACE('',(#5203),#5187,.T.);
#5205=CARTESIAN_POINT('',(3184.525,406.4,120.65));
#5206=DIRECTION('',(0.,-1.,0.));
#5207=DIRECTION('',(1.,0.,0.));
#5208=AXIS2_PLACEMENT_3D('',#5205,#5206,#5207);
#5209=PLANE('',#5208);
#5210=ORIENTED_EDGE('',*,*,#5071,.T.);
#5211=ORIENTED_EDGE('',*,*,#5199,.F.);
#5212=ORIENTED_EDGE('',*,*,#5142,.F.);
#5213=ORIENTED_EDGE('',*,*,#5177,.F.);
#5214=EDGE_LOOP('',(#5210,#5211,#5212,#5213));
#5215=FACE_BOUND('',#5214,.T.);
#5216=ADVANCED_FACE('',(#5215),#5209,.F.);
#5217=CARTESIAN_POINT('',(3184.525,0.,120.65));
#5218=DIRECTION('',(0.,-1.,0.));
#5219=DIRECTION('',(1.,0.,0.));
#5220=AXIS2_PLACEMENT_3D('',#5217,#5218,#5219);
#5221=PLANE('',#5220);
#5222=ORIENTED_EDGE('',*,*,#5055,.F.);
#5223=ORIENTED_EDGE('',*,*,#5030,.T.);
#5224=ORIENTED_EDGE('',*,*,#5156,.T.);
#5225=ORIENTED_EDGE('',*,*,#5192,.T.);
#5226=EDGE_LOOP('',(#5222,#5223,#5224,#5225));
#5227=FACE_BOUND('',#5226,.T.);
#5228=ADVANCED_FACE('',(#5227),#5221,.T.);
#5229=CARTESIAN_POINT('',(3587.75,387.35,130.175));
#5230=DIRECTION('',(0.,0.,1.));
#5231=DIRECTION('',(1.,0.,-0.));
#5232=AXIS2_PLACEMENT_3D('',#5229,#5230,#5231);
#5233=PLANE('',#5232);
#5234=CARTESIAN_POINT('',(3971.925,381.,130.175));
#5235=DIRECTION('',(-1.,0.,0.));
#5236=VECTOR('',#5235,768.35);
#5237=LINE('',#5234,#5236);
#5238=EDGE_CURVE('',#5041,#5105,#5237,.T.);
#5239=ORIENTED_EDGE('',*,*,#5238,.F.);
#5240=ORIENTED_EDGE('',*,*,#5093,.F.);
#5241=CARTESIAN_POINT('',(3971.925,387.35,130.175));
#5242=DIRECTION('',(-1.,0.,0.));
#5243=VECTOR('',#5242,768.35);
#5244=LINE('',#5241,#5243);
#5245=EDGE_CURVE('',#5082,#5113,#5244,.T.);
#5246=ORIENTED_EDGE('',*,*,#5245,.T.);
#5247=ORIENTED_EDGE('',*,*,#5118,.T.);
#5248=EDGE_LOOP('',(#5239,#5240,#5246,#5247));
#5249=FACE_BOUND('',#5248,.T.);
#5250=ADVANCED_FACE('',(#5249),#5233,.T.);
#5251=CARTESIAN_POINT('',(3184.525,387.35,120.65));
#5252=DIRECTION('',(0.,-1.,0.));
#5253=DIRECTION('',(1.,0.,0.));
#5254=AXIS2_PLACEMENT_3D('',#5251,#5252,#5253);
#5255=PLANE('',#5254);
#5256=ORIENTED_EDGE('',*,*,#5245,.F.);
#5257=ORIENTED_EDGE('',*,*,#5087,.F.);
#5258=ORIENTED_EDGE('',*,*,#5170,.T.);
#5259=ORIENTED_EDGE('',*,*,#5126,.T.);
#5260=EDGE_LOOP('',(#5256,#5257,#5258,#5259));
#5261=FACE_BOUND('',#5260,.T.);
#5262=ADVANCED_FACE('',(#5261),#5255,.T.);
#5263=CARTESIAN_POINT('',(3184.525,381.,120.65));
#5264=DIRECTION('',(0.,-1.,0.));
#5265=DIRECTION('',(1.,0.,0.));
#5266=AXIS2_PLACEMENT_3D('',#5263,#5264,#5265);
#5267=PLANE('',#5266);
#5268=ORIENTED_EDGE('',*,*,#5238,.T.);
#5269=ORIENTED_EDGE('',*,*,#5110,.F.);
#5270=ORIENTED_EDGE('',*,*,#5016,.F.);
#5271=ORIENTED_EDGE('',*,*,#5046,.T.);
#5272=EDGE_LOOP('',(#5268,#5269,#5270,#5271));
#5273=FACE_BOUND('',#5272,.T.);
#5274=ADVANCED_FACE('',(#5273),#5267,.F.);
#5275=CLOSED_SHELL('',(#5034,#5097,#5160,#5182,#5204,#5216,#5228,#5250,#5262,#5274));
#5276=MANIFOLD_SOLID_BREP('[Panel] Bottom',#5275);
#4994=STYLED_ITEM('',(#267),#5276);
#5278=CARTESIAN_POINT('',(3981.45,384.175,561.975));
#5279=DIRECTION('',(1.,0.,0.));
#5280=DIRECTION('',(0.,0.,-1.));
#5281=AXIS2_PLACEMENT_3D('',#5278,#5279,#5280);
#5282=PLANE('',#5281);
#5283=CARTESIAN_POINT('',(3981.45,387.35,130.175));
#5284=VERTEX_POINT('',#5283);
#5285=CARTESIAN_POINT('',(3981.45,381.,130.175));
#5286=VERTEX_POINT('',#5285);
#5287=CARTESIAN_POINT('',(3981.45,387.35,130.175));
#5288=DIRECTION('',(0.,-1.,0.));
#5289=VECTOR('',#5288,6.35);
#5290=LINE('',#5287,#5289);
#5291=EDGE_CURVE('',#5284,#5286,#5290,.T.);
#5292=ORIENTED_EDGE('',*,*,#5291,.F.);
#5293=CARTESIAN_POINT('',(3981.45,387.35,561.975));
#5294=VERTEX_POINT('',#5293);
#5295=CARTESIAN_POINT('',(3981.45,387.35,561.975));
#5296=DIRECTION('',(0.,0.,-1.));
#5297=VECTOR('',#5296,431.8);
#5298=LINE('',#5295,#5297);
#5299=EDGE_CURVE('',#5294,#5284,#5298,.T.);
#5300=ORIENTED_EDGE('',*,*,#5299,.F.);
#5301=CARTESIAN_POINT('',(3981.45,381.,561.975));
#5302=VERTEX_POINT('',#5301);
#5303=CARTESIAN_POINT('',(3981.45,387.35,561.975));
#5304=DIRECTION('',(0.,-1.,0.));
#5305=VECTOR('',#5304,6.35);
#5306=LINE('',#5303,#5305);
#5307=EDGE_CURVE('',#5294,#5302,#5306,.T.);
#5308=ORIENTED_EDGE('',*,*,#5307,.T.);
#5309=CARTESIAN_POINT('',(3981.45,381.,561.975));
#5310=DIRECTION('',(0.,0.,-1.));
#5311=VECTOR('',#5310,431.8);
#5312=LINE('',#5309,#5311);
#5313=EDGE_CURVE('',#5302,#5286,#5312,.T.);
#5314=ORIENTED_EDGE('',*,*,#5313,.T.);
#5315=EDGE_LOOP('',(#5292,#5300,#5308,#5314));
#5316=FACE_BOUND('',#5315,.T.);
#5317=ADVANCED_FACE('',(#5316),#5282,.T.);
#5318=CARTESIAN_POINT('',(3587.75,387.35,561.975));
#5319=DIRECTION('',(0.,1.,0.));
#5320=DIRECTION('',(0.,0.,1.));
#5321=AXIS2_PLACEMENT_3D('',#5318,#5319,#5320);
#5322=PLANE('',#5321);
#5323=CARTESIAN_POINT('',(3194.05,387.35,130.175));
#5324=VERTEX_POINT('',#5323);
#5325=CARTESIAN_POINT('',(3194.05,387.35,130.175));
#5326=DIRECTION('',(1.,0.,-0.));
#5327=VECTOR('',#5326,787.4);
#5328=LINE('',#5325,#5327);
#5329=EDGE_CURVE('',#5324,#5284,#5328,.T.);
#5330=ORIENTED_EDGE('',*,*,#5329,.F.);
#5331=CARTESIAN_POINT('',(3194.05,387.35,561.975));
#5332=VERTEX_POINT('',#5331);
#5333=CARTESIAN_POINT('',(3194.05,387.35,561.975));
#5334=DIRECTION('',(0.,0.,-1.));
#5335=VECTOR('',#5334,431.8);
#5336=LINE('',#5333,#5335);
#5337=EDGE_CURVE('',#5332,#5324,#5336,.T.);
#5338=ORIENTED_EDGE('',*,*,#5337,.F.);
#5339=CARTESIAN_POINT('',(3194.05,387.35,561.975));
#5340=DIRECTION('',(1.,0.,-0.));
#5341=VECTOR('',#5340,787.4);
#5342=LINE('',#5339,#5341);
#5343=EDGE_CURVE('',#5332,#5294,#5342,.T.);
#5344=ORIENTED_EDGE('',*,*,#5343,.T.);
#5345=ORIENTED_EDGE('',*,*,#5299,.T.);
#5346=EDGE_LOOP('',(#5330,#5338,#5344,#5345));
#5347=FACE_BOUND('',#5346,.T.);
#5348=ADVANCED_FACE('',(#5347),#5322,.T.);
#5349=CARTESIAN_POINT('',(3194.05,384.175,561.975));
#5350=DIRECTION('',(-1.,-0.,0.));
#5351=DIRECTION('',(0.,-1.,0.));
#5352=AXIS2_PLACEMENT_3D('',#5349,#5350,#5351);
#5353=PLANE('',#5352);
#5354=CARTESIAN_POINT('',(3194.05,381.,130.175));
#5355=VERTEX_POINT('',#5354);
#5356=CARTESIAN_POINT('',(3194.05,381.,130.175));
#5357=DIRECTION('',(-0.,1.,0.));
#5358=VECTOR('',#5357,6.35);
#5359=LINE('',#5356,#5358);
#5360=EDGE_CURVE('',#5355,#5324,#5359,.T.);
#5361=ORIENTED_EDGE('',*,*,#5360,.F.);
#5362=CARTESIAN_POINT('',(3194.05,381.,561.975));
#5363=VERTEX_POINT('',#5362);
#5364=CARTESIAN_POINT('',(3194.05,381.,561.975));
#5365=DIRECTION('',(0.,0.,-1.));
#5366=VECTOR('',#5365,431.8);
#5367=LINE('',#5364,#5366);
#5368=EDGE_CURVE('',#5363,#5355,#5367,.T.);
#5369=ORIENTED_EDGE('',*,*,#5368,.F.);
#5370=CARTESIAN_POINT('',(3194.05,381.,561.975));
#5371=DIRECTION('',(-0.,1.,0.));
#5372=VECTOR('',#5371,6.35);
#5373=LINE('',#5370,#5372);
#5374=EDGE_CURVE('',#5363,#5332,#5373,.T.);
#5375=ORIENTED_EDGE('',*,*,#5374,.T.);
#5376=ORIENTED_EDGE('',*,*,#5337,.T.);
#5377=EDGE_LOOP('',(#5361,#5369,#5375,#5376));
#5378=FACE_BOUND('',#5377,.T.);
#5379=ADVANCED_FACE('',(#5378),#5353,.T.);
#5380=CARTESIAN_POINT('',(3587.75,381.,561.975));
#5381=DIRECTION('',(0.,-1.,0.));
#5382=DIRECTION('',(1.,0.,0.));
#5383=AXIS2_PLACEMENT_3D('',#5380,#5381,#5382);
#5384=PLANE('',#5383);
#5385=CARTESIAN_POINT('',(3981.45,381.,130.175));
#5386=DIRECTION('',(-1.,-0.,0.));
#5387=VECTOR('',#5386,787.4);
#5388=LINE('',#5385,#5387);
#5389=EDGE_CURVE('',#5286,#5355,#5388,.T.);
#5390=ORIENTED_EDGE('',*,*,#5389,.F.);
#5391=ORIENTED_EDGE('',*,*,#5313,.F.);
#5392=CARTESIAN_POINT('',(3981.45,381.,561.975));
#5393=DIRECTION('',(-1.,-0.,0.));
#5394=VECTOR('',#5393,787.4);
#5395=LINE('',#5392,#5394);
#5396=EDGE_CURVE('',#5302,#5363,#5395,.T.);
#5397=ORIENTED_EDGE('',*,*,#5396,.T.);
#5398=ORIENTED_EDGE('',*,*,#5368,.T.);
#5399=EDGE_LOOP('',(#5390,#5391,#5397,#5398));
#5400=FACE_BOUND('',#5399,.T.);
#5401=ADVANCED_FACE('',(#5400),#5384,.T.);
#5402=CARTESIAN_POINT('',(3184.525,0.,561.975));
#5403=DIRECTION('',(0.,0.,1.));
#5404=DIRECTION('',(1.,0.,0.));
#5405=AXIS2_PLACEMENT_3D('',#5402,#5403,#5404);
#5406=PLANE('',#5405);
#5407=ORIENTED_EDGE('',*,*,#5307,.F.);
#5408=ORIENTED_EDGE('',*,*,#5343,.F.);
#5409=ORIENTED_EDGE('',*,*,#5374,.F.);
#5410=ORIENTED_EDGE('',*,*,#5396,.F.);
#5411=EDGE_LOOP('',(#5407,#5408,#5409,#5410));
#5412=FACE_BOUND('',#5411,.T.);
#5413=ADVANCED_FACE('',(#5412),#5406,.T.);
#5414=CARTESIAN_POINT('',(3184.525,0.,130.175));
#5415=DIRECTION('',(0.,0.,1.));
#5416=DIRECTION('',(1.,0.,0.));
#5417=AXIS2_PLACEMENT_3D('',#5414,#5415,#5416);
#5418=PLANE('',#5417);
#5419=ORIENTED_EDGE('',*,*,#5291,.T.);
#5420=ORIENTED_EDGE('',*,*,#5389,.T.);
#5421=ORIENTED_EDGE('',*,*,#5360,.T.);
#5422=ORIENTED_EDGE('',*,*,#5329,.T.);
#5423=EDGE_LOOP('',(#5419,#5420,#5421,#5422));
#5424=FACE_BOUND('',#5423,.T.);
#5425=ADVANCED_FACE('',(#5424),#5418,.F.);
#5426=CLOSED_SHELL('',(#5317,#5348,#5379,#5401,#5413,#5425));
#5427=MANIFOLD_SOLID_BREP('[Backer]',#5426);
#5277=STYLED_ITEM('',(#267),#5427);
#3672=SHAPE_REPRESENTATION('Right',(#15),#3670);
#3673=ADVANCED_BREP_SHAPE_REPRESENTATION('Right',(#3841,#3992,#4143,#4426,#4710,#4993,#5276,#5427),#3670);
#5435=SHAPE_REPRESENTATION_RELATIONSHIP('','',#3672,#3673);
#5436=CARTESIAN_POINT('',(0.,0.,0.));
#5437=DIRECTION('',(0.,0.,1.));
#5438=DIRECTION('',(1.,0.,0.));
#5439=AXIS2_PLACEMENT_3D('',#5436,#5437,#5438);
#5441=MAPPED_ITEM('',#5440,#5439);
#5440=REPRESENTATION_MAP(#5439,#3672);
#3680=PRODUCT('Right','Right','',(#1877));
#5442=PRODUCT_RELATED_PRODUCT_CATEGORY('part','',(#3680));
#5443=PRODUCT_DEFINITION_FORMATION_WITH_SPECIFIED_SOURCE('','',#3680,.NOT_KNOWN.);
#3681=PRODUCT_DEFINITION('design','',#5443,#1878);
#3679=PRODUCT_DEFINITION_SHAPE('','',#3681);
#5444=SHAPE_DEFINITION_REPRESENTATION(#3679,#3672);
#3671=DRAUGHTING_MODEL('',(#5441),#3670);
#63=SHAPE_REPRESENTATION('Carcasses',(#15,#104,#1904,#3685),#61);
#5445=CARTESIAN_POINT('',(0.,0.,0.));
#5446=DIRECTION('',(0.,0.,1.));
#5447=DIRECTION('',(1.,0.,0.));
#5448=AXIS2_PLACEMENT_3D('',#5445,#5446,#5447);
#5450=MAPPED_ITEM('',#5449,#5448);
#5449=REPRESENTATION_MAP(#5448,#63);
#71=PRODUCT('Carcasses','Carcasses','',(#1877));
#5451=PRODUCT_RELATED_PRODUCT_CATEGORY('part','',(#71));
#5452=PRODUCT_DEFINITION_FORMATION_WITH_SPECIFIED_SOURCE('','',#71,.NOT_KNOWN.);
#72=PRODUCT_DEFINITION('design','',#5452,#1878);
#70=PRODUCT_DEFINITION_SHAPE('','',#72);
#5453=SHAPE_DEFINITION_REPRESENTATION(#70,#63);
#62=DRAUGHTING_MODEL('',(#5450),#61);
#35=SHAPE_REPRESENTATION('Bench',(#15,#76),#33);
#5454=CARTESIAN_POINT('',(0.,0.,0.));
#5455=DIRECTION('',(0.,0.,1.));
#5456=DIRECTION('',(1.,0.,0.));
#5457=AXIS2_PLACEMENT_3D('',#5454,#5455,#5456);
#5459=MAPPED_ITEM('',#5458,#5457);
#5458=REPRESENTATION_MAP(#5457,#35);
#43=PRODUCT('Bench','Bench','',(#1877));
#5460=PRODUCT_RELATED_PRODUCT_CATEGORY('part','',(#43));
#5461=PRODUCT_DEFINITION_FORMATION_WITH_SPECIFIED_SOURCE('','',#43,.NOT_KNOWN.);
#44=PRODUCT_DEFINITION('design','',#5461,#1878);
#42=PRODUCT_DEFINITION_SHAPE('','',#44);
#5462=SHAPE_DEFINITION_REPRESENTATION(#42,#35);
#34=DRAUGHTING_MODEL('',(#5459),#33);
#5463=(NAMED_UNIT(*)PLANE_ANGLE_UNIT()SI_UNIT($,.RADIAN.));
#5464=PLANE_ANGLE_MEASURE_WITH_UNIT(PLANE_ANGLE_MEASURE(0.0174532925),#5463);
#5465=(CONVERSION_BASED_UNIT('DEGREE',#5464)NAMED_UNIT(#5466)PLANE_ANGLE_UNIT());
#5466=DIMENSIONAL_EXPONENTS(0.,0.,0.,0.,0.,0.,0.);
#5467=(NAMED_UNIT(*)SI_UNIT($,.STERADIAN.)SOLID_ANGLE_UNIT());
#5468=(LENGTH_UNIT()NAMED_UNIT(*)SI_UNIT(.MILLI.,.METRE.));
#5469=UNCERTAINTY_MEASURE_WITH_UNIT(LENGTH_MEASURE(1.000000E-03),#5468,'DISTANCE_ACCURACY_VALUE','Maximum Tolerance applied to model');
#5470=(GEOMETRIC_REPRESENTATION_CONTEXT(3)GLOBAL_UNCERTAINTY_ASSIGNED_CONTEXT((#5469))GLOBAL_UNIT_ASSIGNED_CONTEXT((#5468,#5465,#5467))REPRESENTATION_CONTEXT('','Console A'));
#5482=CARTESIAN_POINT('',(0.,0.,0.));
#5483=DIRECTION('',(0.,0.,1.));
#5484=DIRECTION('',(1.,0.,-0.));
#5485=AXIS2_PLACEMENT_3D('',#5482,#5483,#5484);
#5486=ITEM_DEFINED_TRANSFORMATION('','',#5485,#15);
#5487=(REPRESENTATION_RELATIONSHIP('','',#5472,#16)REPRESENTATION_RELATIONSHIP_WITH_TRANSFORMATION(#5486)SHAPE_REPRESENTATION_RELATIONSHIP());
#5488=NEXT_ASSEMBLY_USAGE_OCCURRENCE('Console A_6','Console A','Console A',#25,#5481,$);
#5489=PRODUCT_DEFINITION_SHAPE('','',#5488);
#5490=CONTEXT_DEPENDENT_SHAPE_REPRESENTATION(#5487,#5489);
#5491=(NAMED_UNIT(*)PLANE_ANGLE_UNIT()SI_UNIT($,.RADIAN.));
#5492=PLANE_ANGLE_MEASURE_WITH_UNIT(PLANE_ANGLE_MEASURE(0.0174532925),#5491);
#5493=(CONVERSION_BASED_UNIT('DEGREE',#5492)NAMED_UNIT(#5494)PLANE_ANGLE_UNIT());
#5494=DIMENSIONAL_EXPONENTS(0.,0.,0.,0.,0.,0.,0.);
#5495=(NAMED_UNIT(*)SI_UNIT($,.STERADIAN.)SOLID_ANGLE_UNIT());
#5496=(LENGTH_UNIT()NAMED_UNIT(*)SI_UNIT(.MILLI.,.METRE.));
#5497=UNCERTAINTY_MEASURE_WITH_UNIT(LENGTH_MEASURE(1.000000E-03),#5496,'DISTANCE_ACCURACY_VALUE','Maximum Tolerance applied to model');
#5498=(GEOMETRIC_REPRESENTATION_CONTEXT(3)GLOBAL_UNCERTAINTY_ASSIGNED_CONTEXT((#5497))GLOBAL_UNIT_ASSIGNED_CONTEXT((#5496,#5493,#5495))REPRESENTATION_CONTEXT('','Carcasses'));
#5510=CARTESIAN_POINT('',(0.,0.,0.));
#5511=DIRECTION('',(0.,0.,1.));
#5512=DIRECTION('',(1.,0.,-0.));
#5513=AXIS2_PLACEMENT_3D('',#5510,#5511,#5512);
#5514=ITEM_DEFINED_TRANSFORMATION('','',#5513,#15);
#5515=(REPRESENTATION_RELATIONSHIP('','',#5500,#5472)REPRESENTATION_RELATIONSHIP_WITH_TRANSFORMATION(#5514)SHAPE_REPRESENTATION_RELATIONSHIP());
#5516=NEXT_ASSEMBLY_USAGE_OCCURRENCE('Carcasses_7','Carcasses','Carcasses',#5481,#5509,$);
#5517=PRODUCT_DEFINITION_SHAPE('','',#5516);
#5518=CONTEXT_DEPENDENT_SHAPE_REPRESENTATION(#5515,#5517);
#5519=(NAMED_UNIT(*)PLANE_ANGLE_UNIT()SI_UNIT($,.RADIAN.));
#5520=PLANE_ANGLE_MEASURE_WITH_UNIT(PLANE_ANGLE_MEASURE(0.0174532925),#5519);
#5521=(CONVERSION_BASED_UNIT('DEGREE',#5520)NAMED_UNIT(#5522)PLANE_ANGLE_UNIT());
#5522=DIMENSIONAL_EXPONENTS(0.,0.,0.,0.,0.,0.,0.);
#5523=(NAMED_UNIT(*)SI_UNIT($,.STERADIAN.)SOLID_ANGLE_UNIT());
#5524=(LENGTH_UNIT()NAMED_UNIT(*)SI_UNIT(.MILLI.,.METRE.));
#5525=UNCERTAINTY_MEASURE_WITH_UNIT(LENGTH_MEASURE(1.000000E-05),#5524,'DISTANCE_ACCURACY_VALUE','Maximum Tolerance applied to model');
#5526=(GEOMETRIC_REPRESENTATION_CONTEXT(3)GLOBAL_UNCERTAINTY_ASSIGNED_CONTEXT((#5525))GLOBAL_UNIT_ASSIGNED_CONTEXT((#5524,#5521,#5523))REPRESENTATION_CONTEXT('','Upper Right'));
#5538=CARTESIAN_POINT('',(0.,0.,0.));
#5539=DIRECTION('',(0.,0.,1.));
#5540=DIRECTION('',(1.,0.,-0.));
#5541=AXIS2_PLACEMENT_3D('',#5538,#5539,#5540);
#5542=ITEM_DEFINED_TRANSFORMATION('','',#5541,#15);
#5543=(REPRESENTATION_RELATIONSHIP('','',#5528,#5500)REPRESENTATION_RELATIONSHIP_WITH_TRANSFORMATION(#5542)SHAPE_REPRESENTATION_RELATIONSHIP());
#5544=NEXT_ASSEMBLY_USAGE_OCCURRENCE('Upper Right_8','Upper Right','Upper Right',#5509,#5537,$);
#5545=PRODUCT_DEFINITION_SHAPE('','',#5544);
#5546=CONTEXT_DEPENDENT_SHAPE_REPRESENTATION(#5543,#5545);
#5548=CARTESIAN_POINT('',(1168.4,406.4,2590.8));
#5549=DIRECTION('',(0.,0.,-1.));
#5550=DIRECTION('',(-1.,0.,-0.));
#5551=AXIS2_PLACEMENT_3D('',#5548,#5549,#5550);
#5552=PLANE('',#5551);
#5553=CARTESIAN_POINT('',(812.8,381.,2590.8));
#5554=VERTEX_POINT('',#5553);
#5555=CARTESIAN_POINT('',(812.8,120.65,2590.8));
#5556=VERTEX_POINT('',#5555);
#5557=CARTESIAN_POINT('',(812.8,381.,2590.8));
#5558=DIRECTION('',(0.,-1.,0.));
#5559=VECTOR('',#5558,260.35);
#5560=LINE('',#5557,#5559);
#5561=EDGE_CURVE('',#5554,#5556,#5560,.T.);
#5562=ORIENTED_EDGE('',*,*,#5561,.F.);
#5563=CARTESIAN_POINT('',(1524.,381.,2590.8));
#5564=VERTEX_POINT('',#5563);
#5565=CARTESIAN_POINT('',(812.8,381.,2590.8));
#5566=DIRECTION('',(1.,0.,0.));
#5567=VECTOR('',#5566,711.2);
#5568=LINE('',#5565,#5567);
#5569=EDGE_CURVE('',#5554,#5564,#5568,.T.);
#5570=ORIENTED_EDGE('',*,*,#5569,.T.);
#5571=CARTESIAN_POINT('',(1524.,120.65,2590.8));
#5572=VERTEX_POINT('',#5571);
#5573=CARTESIAN_POINT('',(1524.,381.,2590.8));
#5574=DIRECTION('',(0.,-1.,0.));
#5575=VECTOR('',#5574,260.35);
#5576=LINE('',#5573,#5575);
#5577=EDGE_CURVE('',#5564,#5572,#5576,.T.);
#5578=ORIENTED_EDGE('',*,*,#5577,.T.);
#5579=CARTESIAN_POINT('',(812.8,120.65,2590.8));
#5580=DIRECTION('',(1.,0.,0.));
#5581=VECTOR('',#5580,711.2);
#5582=LINE('',#5579,#5581);
#5583=EDGE_CURVE('',#5556,#5572,#5582,.T.);
#5584=ORIENTED_EDGE('',*,*,#5583,.F.);
#5585=EDGE_LOOP('',(#5562,#5570,#5578,#5584));
#5586=FACE_BOUND('',#5585,.T.);
#5587=ADVANCED_FACE('',(#5586),#5552,.T.);
#5588=OVER_RIDING_STYLED_ITEM('',(#1269),#5587,#5547);
#5589=CARTESIAN_POINT('',(812.8,406.4,2605.0875));
#5590=DIRECTION('',(1.,0.,-0.));
#5591=DIRECTION('',(-0.,0.,-1.));
#5592=AXIS2_PLACEMENT_3D('',#5589,#5590,#5591);
#5593=PLANE('',#5592);
#5594=CARTESIAN_POINT('',(812.8,381.,2600.325));
#5595=VERTEX_POINT('',#5594);
#5596=CARTESIAN_POINT('',(812.8,381.,2590.8));
#5597=DIRECTION('',(-0.,0.,1.));
#5598=VECTOR('',#5597,9.525);
#5599=LINE('',#5596,#5598);
#5600=EDGE_CURVE('',#5554,#5595,#5599,.T.);
#5601=ORIENTED_EDGE('',*,*,#5600,.F.);
#5602=ORIENTED_EDGE('',*,*,#5561,.T.);
#5603=CARTESIAN_POINT('',(812.8,120.65,2609.85));
#5604=VERTEX_POINT('',#5603);
#5605=CARTESIAN_POINT('',(812.8,120.65,2590.8));
#5606=DIRECTION('',(0.,0.,1.));
#5607=VECTOR('',#5606,19.05);
#5608=LINE('',#5605,#5607);
#5609=EDGE_CURVE('',#5556,#5604,#5608,.T.);
#5610=ORIENTED_EDGE('',*,*,#5609,.T.);
#5611=CARTESIAN_POINT('',(812.8,406.4,2609.85));
#5612=VERTEX_POINT('',#5611);
#5613=CARTESIAN_POINT('',(812.8,406.4,2609.85));
#5614=DIRECTION('',(0.,-1.,0.));
#5615=VECTOR('',#5614,285.75);
#5616=LINE('',#5613,#5615);
#5617=EDGE_CURVE('',#5612,#5604,#5616,.T.);
#5618=ORIENTED_EDGE('',*,*,#5617,.F.);
#5619=CARTESIAN_POINT('',(812.8,406.4,2590.8));
#5620=VERTEX_POINT('',#5619);
#5621=CARTESIAN_POINT('',(812.8,406.4,2590.8));
#5622=DIRECTION('',(0.,0.,1.));
#5623=VECTOR('',#5622,19.05);
#5624=LINE('',#5621,#5623);
#5625=EDGE_CURVE('',#5620,#5612,#5624,.T.);
#5626=ORIENTED_EDGE('',*,*,#5625,.F.);
#5627=CARTESIAN_POINT('',(812.8,387.35,2590.8));
#5628=VERTEX_POINT('',#5627);
#5629=CARTESIAN_POINT('',(812.8,406.4,2590.8));
#5630=DIRECTION('',(0.,-1.,0.));
#5631=VECTOR('',#5630,19.05);
#5632=LINE('',#5629,#5631);
#5633=EDGE_CURVE('',#5620,#5628,#5632,.T.);
#5634=ORIENTED_EDGE('',*,*,#5633,.T.);
#5635=CARTESIAN_POINT('',(812.8,387.35,2600.325));
#5636=VERTEX_POINT('',#5635);
#5637=CARTESIAN_POINT('',(812.8,387.35,2590.8));
#5638=DIRECTION('',(-0.,0.,1.));
#5639=VECTOR('',#5638,9.525);
#5640=LINE('',#5637,#5639);
#5641=EDGE_CURVE('',#5628,#5636,#5640,.T.);
#5642=ORIENTED_EDGE('',*,*,#5641,.T.);
#5643=CARTESIAN_POINT('',(812.8,387.35,2600.325));
#5644=DIRECTION('',(0.,-1.,0.));
#5645=VECTOR('',#5644,6.35);
#5646=LINE('',#5643,#5645);
#5647=EDGE_CURVE('',#5636,#5595,#5646,.T.);
#5648=ORIENTED_EDGE('',*,*,#5647,.T.);
#5649=EDGE_LOOP('',(#5601,#5602,#5610,#5618,#5626,#5634,#5642,#5648));
#5650=FACE_BOUND('',#5649,.T.);
#5651=ADVANCED_FACE('',(#5650),#5593,.F.);
#5652=CARTESIAN_POINT('',(1524.,406.4,2605.0875));
#5653=DIRECTION('',(-1.,0.,0.));
#5654=DIRECTION('',(0.,0.,1.));
#5655=AXIS2_PLACEMENT_3D('',#5652,#5653,#5654);
#5656=PLANE('',#5655);
#5657=ORIENTED_EDGE('',*,*,#5577,.F.);
#5658=CARTESIAN_POINT('',(1524.,381.,2600.325));
#5659=VERTEX_POINT('',#5658);
#5660=CARTESIAN_POINT('',(1524.,381.,2590.8));
#5661=DIRECTION('',(0.,0.,1.));
#5662=VECTOR('',#5661,9.525);
#5663=LINE('',#5660,#5662);
#5664=EDGE_CURVE('',#5564,#5659,#5663,.T.);
#5665=ORIENTED_EDGE('',*,*,#5664,.T.);
#5666=CARTESIAN_POINT('',(1524.,387.35,2600.325));
#5667=VERTEX_POINT('',#5666);
#5668=CARTESIAN_POINT('',(1524.,387.35,2600.325));
#5669=DIRECTION('',(0.,-1.,0.));
#5670=VECTOR('',#5669,6.35);
#5671=LINE('',#5668,#5670);
#5672=EDGE_CURVE('',#5667,#5659,#5671,.T.);
#5673=ORIENTED_EDGE('',*,*,#5672,.F.);
#5674=CARTESIAN_POINT('',(1524.,387.35,2590.8));
#5675=VERTEX_POINT('',#5674);
#5676=CARTESIAN_POINT('',(1524.,387.35,2590.8));
#5677=DIRECTION('',(0.,0.,1.));
#5678=VECTOR('',#5677,9.525);
#5679=LINE('',#5676,#5678);
#5680=EDGE_CURVE('',#5675,#5667,#5679,.T.);
#5681=ORIENTED_EDGE('',*,*,#5680,.F.);
#5682=CARTESIAN_POINT('',(1524.,406.4,2590.8));
#5683=VERTEX_POINT('',#5682);
#5684=CARTESIAN_POINT('',(1524.,406.4,2590.8));
#5685=DIRECTION('',(0.,-1.,0.));
#5686=VECTOR('',#5685,19.05);
#5687=LINE('',#5684,#5686);
#5688=EDGE_CURVE('',#5683,#5675,#5687,.T.);
#5689=ORIENTED_EDGE('',*,*,#5688,.F.);
#5690=CARTESIAN_POINT('',(1524.,406.4,2609.85));
#5691=VERTEX_POINT('',#5690);
#5692=CARTESIAN_POINT('',(1524.,406.4,2609.85));
#5693=DIRECTION('',(0.,0.,-1.));
#5694=VECTOR('',#5693,19.05);
#5695=LINE('',#5692,#5694);
#5696=EDGE_CURVE('',#5691,#5683,#5695,.T.);
#5697=ORIENTED_EDGE('',*,*,#5696,.F.);
#5698=CARTESIAN_POINT('',(1524.,120.65,2609.85));
#5699=VERTEX_POINT('',#5698);
#5700=CARTESIAN_POINT('',(1524.,406.4,2609.85));
#5701=DIRECTION('',(0.,-1.,0.));
#5702=VECTOR('',#5701,285.75);
#5703=LINE('',#5700,#5702);
#5704=EDGE_CURVE('',#5691,#5699,#5703,.T.);
#5705=ORIENTED_EDGE('',*,*,#5704,.T.);
#5706=CARTESIAN_POINT('',(1524.,120.65,2609.85));
#5707=DIRECTION('',(0.,0.,-1.));
#5708=VECTOR('',#5707,19.05);
#5709=LINE('',#5706,#5708);
#5710=EDGE_CURVE('',#5699,#5572,#5709,.T.);
#5711=ORIENTED_EDGE('',*,*,#5710,.T.);
#5712=EDGE_LOOP('',(#5657,#5665,#5673,#5681,#5689,#5697,#5705,#5711));
#5713=FACE_BOUND('',#5712,.T.);
#5714=ADVANCED_FACE('',(#5713),#5656,.F.);
#5715=CARTESIAN_POINT('',(1168.4,406.4,2609.85));
#5716=DIRECTION('',(0.,0.,-1.));
#5717=DIRECTION('',(-1.,0.,-0.));
#5718=AXIS2_PLACEMENT_3D('',#5715,#5716,#5717);
#5719=PLANE('',#5718);
#5720=CARTESIAN_POINT('',(812.8,120.65,2609.85));
#5721=DIRECTION('',(1.,0.,0.));
#5722=VECTOR('',#5721,711.2);
#5723=LINE('',#5720,#5722);
#5724=EDGE_CURVE('',#5604,#5699,#5723,.T.);
#5725=ORIENTED_EDGE('',*,*,#5724,.T.);
#5726=ORIENTED_EDGE('',*,*,#5704,.F.);
#5727=CARTESIAN_POINT('',(812.8,406.4,2609.85));
#5728=DIRECTION('',(1.,0.,0.));
#5729=VECTOR('',#5728,711.2);
#5730=LINE('',#5727,#5729);
#5731=EDGE_CURVE('',#5612,#5691,#5730,.T.);
#5732=ORIENTED_EDGE('',*,*,#5731,.F.);
#5733=ORIENTED_EDGE('',*,*,#5617,.T.);
#5734=EDGE_LOOP('',(#5725,#5726,#5732,#5733));
#5735=FACE_BOUND('',#5734,.T.);
#5736=ADVANCED_FACE('',(#5735),#5719,.F.);
#5737=CARTESIAN_POINT('',(1168.4,406.4,2590.8));
#5738=DIRECTION('',(0.,0.,-1.));
#5739=DIRECTION('',(-1.,0.,-0.));
#5740=AXIS2_PLACEMENT_3D('',#5737,#5738,#5739);
#5741=PLANE('',#5740);
#5742=CARTESIAN_POINT('',(812.8,387.35,2590.8));
#5743=DIRECTION('',(1.,0.,0.));
#5744=VECTOR('',#5743,711.2);
#5745=LINE('',#5742,#5744);
#5746=EDGE_CURVE('',#5628,#5675,#5745,.T.);
#5747=ORIENTED_EDGE('',*,*,#5746,.F.);
#5748=ORIENTED_EDGE('',*,*,#5633,.F.);
#5749=CARTESIAN_POINT('',(812.8,406.4,2590.8));
#5750=DIRECTION('',(1.,0.,0.));
#5751=VECTOR('',#5750,711.2);
#5752=LINE('',#5749,#5751);
#5753=EDGE_CURVE('',#5620,#5683,#5752,.T.);
#5754=ORIENTED_EDGE('',*,*,#5753,.T.);
#5755=ORIENTED_EDGE('',*,*,#5688,.T.);
#5756=EDGE_LOOP('',(#5747,#5748,#5754,#5755));
#5757=FACE_BOUND('',#5756,.T.);
#5758=ADVANCED_FACE('',(#5757),#5741,.T.);
#5759=CARTESIAN_POINT('',(793.75,406.4,927.1));
#5760=DIRECTION('',(0.,-1.,0.));
#5761=DIRECTION('',(1.,0.,0.));
#5762=AXIS2_PLACEMENT_3D('',#5759,#5760,#5761);
#5763=PLANE('',#5762);
#5764=ORIENTED_EDGE('',*,*,#5696,.T.);
#5765=ORIENTED_EDGE('',*,*,#5753,.F.);
#5766=ORIENTED_EDGE('',*,*,#5625,.T.);
#5767=ORIENTED_EDGE('',*,*,#5731,.T.);
#5768=EDGE_LOOP('',(#5764,#5765,#5766,#5767));
#5769=FACE_BOUND('',#5768,.T.);
#5770=ADVANCED_FACE('',(#5769),#5763,.F.);
#5771=CARTESIAN_POINT('',(793.75,120.65,927.1));
#5772=DIRECTION('',(0.,-1.,0.));
#5773=DIRECTION('',(1.,0.,0.));
#5774=AXIS2_PLACEMENT_3D('',#5771,#5772,#5773);
#5775=PLANE('',#5774);
#5776=ORIENTED_EDGE('',*,*,#5710,.F.);
#5777=ORIENTED_EDGE('',*,*,#5724,.F.);
#5778=ORIENTED_EDGE('',*,*,#5609,.F.);
#5779=ORIENTED_EDGE('',*,*,#5583,.T.);
#5780=EDGE_LOOP('',(#5776,#5777,#5778,#5779));
#5781=FACE_BOUND('',#5780,.T.);
#5782=ADVANCED_FACE('',(#5781),#5775,.T.);
#5783=CARTESIAN_POINT('',(1168.4,387.35,2600.325));
#5784=DIRECTION('',(0.,0.,1.));
#5785=DIRECTION('',(1.,0.,0.));
#5786=AXIS2_PLACEMENT_3D('',#5783,#5784,#5785);
#5787=PLANE('',#5786);
#5788=CARTESIAN_POINT('',(1524.,381.,2600.325));
#5789=DIRECTION('',(-1.,0.,0.));
#5790=VECTOR('',#5789,711.2);
#5791=LINE('',#5788,#5790);
#5792=EDGE_CURVE('',#5659,#5595,#5791,.T.);
#5793=ORIENTED_EDGE('',*,*,#5792,.T.);
#5794=ORIENTED_EDGE('',*,*,#5647,.F.);
#5795=CARTESIAN_POINT('',(1524.,387.35,2600.325));
#5796=DIRECTION('',(-1.,0.,0.));
#5797=VECTOR('',#5796,711.2);
#5798=LINE('',#5795,#5797);
#5799=EDGE_CURVE('',#5667,#5636,#5798,.T.);
#5800=ORIENTED_EDGE('',*,*,#5799,.F.);
#5801=ORIENTED_EDGE('',*,*,#5672,.T.);
#5802=EDGE_LOOP('',(#5793,#5794,#5800,#5801));
#5803=FACE_BOUND('',#5802,.T.);
#5804=ADVANCED_FACE('',(#5803),#5787,.F.);
#5805=CARTESIAN_POINT('',(793.75,387.35,927.1));
#5806=DIRECTION('',(0.,-1.,0.));
#5807=DIRECTION('',(1.,0.,0.));
#5808=AXIS2_PLACEMENT_3D('',#5805,#5806,#5807);
#5809=PLANE('',#5808);
#5810=ORIENTED_EDGE('',*,*,#5680,.T.);
#5811=ORIENTED_EDGE('',*,*,#5799,.T.);
#5812=ORIENTED_EDGE('',*,*,#5641,.F.);
#5813=ORIENTED_EDGE('',*,*,#5746,.T.);
#5814=EDGE_LOOP('',(#5810,#5811,#5812,#5813));
#5815=FACE_BOUND('',#5814,.T.);
#5816=ADVANCED_FACE('',(#5815),#5809,.T.);
#5817=CARTESIAN_POINT('',(793.75,381.,927.1));
#5818=DIRECTION('',(0.,-1.,0.));
#5819=DIRECTION('',(1.,0.,0.));
#5820=AXIS2_PLACEMENT_3D('',#5817,#5818,#5819);
#5821=PLANE('',#5820);
#5822=ORIENTED_EDGE('',*,*,#5664,.F.);
#5823=ORIENTED_EDGE('',*,*,#5569,.F.);
#5824=ORIENTED_EDGE('',*,*,#5600,.T.);
#5825=ORIENTED_EDGE('',*,*,#5792,.F.);
#5826=EDGE_LOOP('',(#5822,#5823,#5824,#5825));
#5827=FACE_BOUND('',#5826,.T.);
#5828=ADVANCED_FACE('',(#5827),#5821,.F.);
#5829=CLOSED_SHELL('',(#5587,#5651,#5714,#5736,#5758,#5770,#5782,#5804,#5816,#5828));
#5830=MANIFOLD_SOLID_BREP('[Panel] Top',#5829);
#5547=STYLED_ITEM('',(#267),#5830);
#5832=CARTESIAN_POINT('',(812.8,406.4,2595.5625));
#5833=DIRECTION('',(1.,0.,0.));
#5834=DIRECTION('',(0.,0.,-1.));
#5835=AXIS2_PLACEMENT_3D('',#5832,#5833,#5834);
#5836=PLANE('',#5835);
#5837=CARTESIAN_POINT('',(812.8,381.,927.1));
#5838=VERTEX_POINT('',#5837);
#5839=CARTESIAN_POINT('',(812.8,120.65,927.1));
#5840=VERTEX_POINT('',#5839);
#5841=CARTESIAN_POINT('',(812.8,381.,927.1));
#5842=DIRECTION('',(0.,-1.,0.));
#5843=VECTOR('',#5842,260.35);
#5844=LINE('',#5841,#5843);
#5845=EDGE_CURVE('',#5838,#5840,#5844,.T.);
#5846=ORIENTED_EDGE('',*,*,#5845,.F.);
#5847=CARTESIAN_POINT('',(812.8,381.,2609.85));
#5848=VERTEX_POINT('',#5847);
#5849=CARTESIAN_POINT('',(812.8,381.,927.1));
#5850=DIRECTION('',(-0.,0.,1.));
#5851=VECTOR('',#5850,1682.75);
#5852=LINE('',#5849,#5851);
#5853=EDGE_CURVE('',#5838,#5848,#5852,.T.);
#5854=ORIENTED_EDGE('',*,*,#5853,.T.);
#5855=CARTESIAN_POINT('',(812.8,120.65,2609.85));
#5856=VERTEX_POINT('',#5855);
#5857=CARTESIAN_POINT('',(812.8,381.,2609.85));
#5858=DIRECTION('',(0.,-1.,0.));
#5859=VECTOR('',#5858,260.35);
#5860=LINE('',#5857,#5859);
#5861=EDGE_CURVE('',#5848,#5856,#5860,.T.);
#5862=ORIENTED_EDGE('',*,*,#5861,.T.);
#5863=CARTESIAN_POINT('',(812.8,120.65,927.1));
#5864=DIRECTION('',(-0.,0.,1.));
#5865=VECTOR('',#5864,1682.75);
#5866=LINE('',#5863,#5865);
#5867=EDGE_CURVE('',#5840,#5856,#5866,.T.);
#5868=ORIENTED_EDGE('',*,*,#5867,.F.);
#5869=EDGE_LOOP('',(#5846,#5854,#5862,#5868));
#5870=FACE_BOUND('',#5869,.T.);
#5871=ADVANCED_FACE('',(#5870),#5836,.T.);
#5872=OVER_RIDING_STYLED_ITEM('',(#1269),#5871,#5831);
#5873=CARTESIAN_POINT('',(808.0375,406.4,2609.85));
#5874=DIRECTION('',(0.,0.,-1.));
#5875=DIRECTION('',(-1.,0.,0.));
#5876=AXIS2_PLACEMENT_3D('',#5873,#5874,#5875);
#5877=PLANE('',#5876);
#5878=CARTESIAN_POINT('',(803.275,381.,2609.85));
#5879=VERTEX_POINT('',#5878);
#5880=CARTESIAN_POINT('',(803.275,381.,2609.85));
#5881=DIRECTION('',(1.,0.,-0.));
#5882=VECTOR('',#5881,9.525);
#5883=LINE('',#5880,#5882);
#5884=EDGE_CURVE('',#5879,#5848,#5883,.T.);
#5885=ORIENTED_EDGE('',*,*,#5884,.F.);
#5886=CARTESIAN_POINT('',(803.275,387.35,2609.85));
#5887=VERTEX_POINT('',#5886);
#5888=CARTESIAN_POINT('',(803.275,387.35,2609.85));
#5889=DIRECTION('',(0.,-1.,0.));
#5890=VECTOR('',#5889,6.35);
#5891=LINE('',#5888,#5890);
#5892=EDGE_CURVE('',#5887,#5879,#5891,.T.);
#5893=ORIENTED_EDGE('',*,*,#5892,.F.);
#5894=CARTESIAN_POINT('',(812.8,387.35,2609.85));
#5895=VERTEX_POINT('',#5894);
#5896=CARTESIAN_POINT('',(803.275,387.35,2609.85));
#5897=DIRECTION('',(1.,0.,-0.));
#5898=VECTOR('',#5897,9.525);
#5899=LINE('',#5896,#5898);
#5900=EDGE_CURVE('',#5887,#5895,#5899,.T.);
#5901=ORIENTED_EDGE('',*,*,#5900,.T.);
#5902=CARTESIAN_POINT('',(812.8,406.4,2609.85));
#5903=VERTEX_POINT('',#5902);
#5904=CARTESIAN_POINT('',(812.8,406.4,2609.85));
#5905=DIRECTION('',(0.,-1.,0.));
#5906=VECTOR('',#5905,19.05);
#5907=LINE('',#5904,#5906);
#5908=EDGE_CURVE('',#5903,#5895,#5907,.T.);
#5909=ORIENTED_EDGE('',*,*,#5908,.F.);
#5910=CARTESIAN_POINT('',(793.75,406.4,2609.85));
#5911=VERTEX_POINT('',#5910);
#5912=CARTESIAN_POINT('',(793.75,406.4,2609.85));
#5913=DIRECTION('',(1.,0.,-0.));
#5914=VECTOR('',#5913,19.05);
#5915=LINE('',#5912,#5914);
#5916=EDGE_CURVE('',#5911,#5903,#5915,.T.);
#5917=ORIENTED_EDGE('',*,*,#5916,.F.);
#5918=CARTESIAN_POINT('',(793.75,120.65,2609.85));
#5919=VERTEX_POINT('',#5918);
#5920=CARTESIAN_POINT('',(793.75,406.4,2609.85));
#5921=DIRECTION('',(0.,-1.,0.));
#5922=VECTOR('',#5921,285.75);
#5923=LINE('',#5920,#5922);
#5924=EDGE_CURVE('',#5911,#5919,#5923,.T.);
#5925=ORIENTED_EDGE('',*,*,#5924,.T.);
#5926=CARTESIAN_POINT('',(793.75,120.65,2609.85));
#5927=DIRECTION('',(1.,0.,-0.));
#5928=VECTOR('',#5927,19.05);
#5929=LINE('',#5926,#5928);
#5930=EDGE_CURVE('',#5919,#5856,#5929,.T.);
#5931=ORIENTED_EDGE('',*,*,#5930,.T.);
#5932=ORIENTED_EDGE('',*,*,#5861,.F.);
#5933=EDGE_LOOP('',(#5885,#5893,#5901,#5909,#5917,#5925,#5931,#5932));
#5934=FACE_BOUND('',#5933,.T.);
#5935=ADVANCED_FACE('',(#5934),#5877,.F.);
#5936=CARTESIAN_POINT('',(808.0375,406.4,927.1));
#5937=DIRECTION('',(0.,0.,1.));
#5938=DIRECTION('',(1.,0.,0.));
#5939=AXIS2_PLACEMENT_3D('',#5936,#5937,#5938);
#5940=PLANE('',#5939);
#5941=CARTESIAN_POINT('',(803.275,381.,927.1));
#5942=VERTEX_POINT('',#5941);
#5943=CARTESIAN_POINT('',(812.8,381.,927.1));
#5944=DIRECTION('',(-1.,0.,0.));
#5945=VECTOR('',#5944,9.525);
#5946=LINE('',#5943,#5945);
#5947=EDGE_CURVE('',#5838,#5942,#5946,.T.);
#5948=ORIENTED_EDGE('',*,*,#5947,.F.);
#5949=ORIENTED_EDGE('',*,*,#5845,.T.);
#5950=CARTESIAN_POINT('',(793.75,120.65,927.1));
#5951=VERTEX_POINT('',#5950);
#5952=CARTESIAN_POINT('',(812.8,120.65,927.1));
#5953=DIRECTION('',(-1.,0.,0.));
#5954=VECTOR('',#5953,19.05);
#5955=LINE('',#5952,#5954);
#5956=EDGE_CURVE('',#5840,#5951,#5955,.T.);
#5957=ORIENTED_EDGE('',*,*,#5956,.T.);
#5958=CARTESIAN_POINT('',(793.75,406.4,927.1));
#5959=VERTEX_POINT('',#5958);
#5960=CARTESIAN_POINT('',(793.75,406.4,927.1));
#5961=DIRECTION('',(0.,-1.,0.));
#5962=VECTOR('',#5961,285.75);
#5963=LINE('',#5960,#5962);
#5964=EDGE_CURVE('',#5959,#5951,#5963,.T.);
#5965=ORIENTED_EDGE('',*,*,#5964,.F.);
#5966=CARTESIAN_POINT('',(812.8,406.4,927.1));
#5967=VERTEX_POINT('',#5966);
#5968=CARTESIAN_POINT('',(812.8,406.4,927.1));
#5969=DIRECTION('',(-1.,0.,0.));
#5970=VECTOR('',#5969,19.05);
#5971=LINE('',#5968,#5970);
#5972=EDGE_CURVE('',#5967,#5959,#5971,.T.);
#5973=ORIENTED_EDGE('',*,*,#5972,.F.);
#5974=CARTESIAN_POINT('',(812.8,387.35,927.1));
#5975=VERTEX_POINT('',#5974);
#5976=CARTESIAN_POINT('',(812.8,406.4,927.1));
#5977=DIRECTION('',(0.,-1.,0.));
#5978=VECTOR('',#5977,19.05);
#5979=LINE('',#5976,#5978);
#5980=EDGE_CURVE('',#5967,#5975,#5979,.T.);
#5981=ORIENTED_EDGE('',*,*,#5980,.T.);
#5982=CARTESIAN_POINT('',(803.275,387.35,927.1));
#5983=VERTEX_POINT('',#5982);
#5984=CARTESIAN_POINT('',(812.8,387.35,927.1));
#5985=DIRECTION('',(-1.,0.,0.));
#5986=VECTOR('',#5985,9.525);
#5987=LINE('',#5984,#5986);
#5988=EDGE_CURVE('',#5975,#5983,#5987,.T.);
#5989=ORIENTED_EDGE('',*,*,#5988,.T.);
#5990=CARTESIAN_POINT('',(803.275,387.35,927.1));
#5991=DIRECTION('',(0.,-1.,0.));
#5992=VECTOR('',#5991,6.35);
#5993=LINE('',#5990,#5992);
#5994=EDGE_CURVE('',#5983,#5942,#5993,.T.);
#5995=ORIENTED_EDGE('',*,*,#5994,.T.);
#5996=EDGE_LOOP('',(#5948,#5949,#5957,#5965,#5973,#5981,#5989,#5995));
#5997=FACE_BOUND('',#5996,.T.);
#5998=ADVANCED_FACE('',(#5997),#5940,.F.);
#5999=CARTESIAN_POINT('',(812.8,406.4,2595.5625));
#6000=DIRECTION('',(1.,0.,0.));
#6001=DIRECTION('',(0.,0.,-1.));
#6002=AXIS2_PLACEMENT_3D('',#5999,#6000,#6001);
#6003=PLANE('',#6002);
#6004=CARTESIAN_POINT('',(812.8,387.35,927.1));
#6005=DIRECTION('',(-0.,0.,1.));
#6006=VECTOR('',#6005,1682.75);
#6007=LINE('',#6004,#6006);
#6008=EDGE_CURVE('',#5975,#5895,#6007,.T.);
#6009=ORIENTED_EDGE('',*,*,#6008,.F.);
#6010=ORIENTED_EDGE('',*,*,#5980,.F.);
#6011=CARTESIAN_POINT('',(812.8,406.4,927.1));
#6012=DIRECTION('',(-0.,0.,1.));
#6013=VECTOR('',#6012,1682.75);
#6014=LINE('',#6011,#6013);
#6015=EDGE_CURVE('',#5967,#5903,#6014,.T.);
#6016=ORIENTED_EDGE('',*,*,#6015,.T.);
#6017=ORIENTED_EDGE('',*,*,#5908,.T.);
#6018=EDGE_LOOP('',(#6009,#6010,#6016,#6017));
#6019=FACE_BOUND('',#6018,.T.);
#6020=ADVANCED_FACE('',(#6019),#6003,.T.);
#6021=CARTESIAN_POINT('',(793.75,406.4,1768.475));
#6022=DIRECTION('',(1.,0.,0.));
#6023=DIRECTION('',(0.,0.,-1.));
#6024=AXIS2_PLACEMENT_3D('',#6021,#6022,#6023);
#6025=PLANE('',#6024);
#6026=CARTESIAN_POINT('',(793.75,120.65,927.1));
#6027=DIRECTION('',(-0.,0.,1.));
#6028=VECTOR('',#6027,1682.75);
#6029=LINE('',#6026,#6028);
#6030=EDGE_CURVE('',#5951,#5919,#6029,.T.);
#6031=ORIENTED_EDGE('',*,*,#6030,.T.);
#6032=ORIENTED_EDGE('',*,*,#5924,.F.);
#6033=CARTESIAN_POINT('',(793.75,406.4,927.1));
#6034=DIRECTION('',(-0.,0.,1.));
#6035=VECTOR('',#6034,1682.75);
#6036=LINE('',#6033,#6035);
#6037=EDGE_CURVE('',#5959,#5911,#6036,.T.);
#6038=ORIENTED_EDGE('',*,*,#6037,.F.);
#6039=ORIENTED_EDGE('',*,*,#5964,.T.);
#6040=EDGE_LOOP('',(#6031,#6032,#6038,#6039));
#6041=FACE_BOUND('',#6040,.T.);
#6042=ADVANCED_FACE('',(#6041),#6025,.F.);
#6043=CARTESIAN_POINT('',(793.75,406.4,927.1));
#6044=DIRECTION('',(0.,-1.,0.));
#6045=DIRECTION('',(1.,0.,0.));
#6046=AXIS2_PLACEMENT_3D('',#6043,#6044,#6045);
#6047=PLANE('',#6046);
#6048=ORIENTED_EDGE('',*,*,#6015,.F.);
#6049=ORIENTED_EDGE('',*,*,#5972,.T.);
#6050=ORIENTED_EDGE('',*,*,#6037,.T.);
#6051=ORIENTED_EDGE('',*,*,#5916,.T.);
#6052=EDGE_LOOP('',(#6048,#6049,#6050,#6051));
#6053=FACE_BOUND('',#6052,.T.);
#6054=ADVANCED_FACE('',(#6053),#6047,.F.);
#6055=CARTESIAN_POINT('',(793.75,120.65,927.1));
#6056=DIRECTION('',(0.,-1.,0.));
#6057=DIRECTION('',(1.,0.,0.));
#6058=AXIS2_PLACEMENT_3D('',#6055,#6056,#6057);
#6059=PLANE('',#6058);
#6060=ORIENTED_EDGE('',*,*,#5867,.T.);
#6061=ORIENTED_EDGE('',*,*,#5930,.F.);
#6062=ORIENTED_EDGE('',*,*,#6030,.F.);
#6063=ORIENTED_EDGE('',*,*,#5956,.F.);
#6064=EDGE_LOOP('',(#6060,#6061,#6062,#6063));
#6065=FACE_BOUND('',#6064,.T.);
#6066=ADVANCED_FACE('',(#6065),#6059,.T.);
#6067=CARTESIAN_POINT('',(803.275,387.35,1768.475));
#6068=DIRECTION('',(-1.,0.,-0.));
#6069=DIRECTION('',(-0.,0.,1.));
#6070=AXIS2_PLACEMENT_3D('',#6067,#6068,#6069);
#6071=PLANE('',#6070);
#6072=CARTESIAN_POINT('',(803.275,381.,2609.85));
#6073=DIRECTION('',(0.,0.,-1.));
#6074=VECTOR('',#6073,1682.75);
#6075=LINE('',#6072,#6074);
#6076=EDGE_CURVE('',#5879,#5942,#6075,.T.);
#6077=ORIENTED_EDGE('',*,*,#6076,.T.);
#6078=ORIENTED_EDGE('',*,*,#5994,.F.);
#6079=CARTESIAN_POINT('',(803.275,387.35,2609.85));
#6080=DIRECTION('',(0.,0.,-1.));
#6081=VECTOR('',#6080,1682.75);
#6082=LINE('',#6079,#6081);
#6083=EDGE_CURVE('',#5887,#5983,#6082,.T.);
#6084=ORIENTED_EDGE('',*,*,#6083,.F.);
#6085=ORIENTED_EDGE('',*,*,#5892,.T.);
#6086=EDGE_LOOP('',(#6077,#6078,#6084,#6085));
#6087=FACE_BOUND('',#6086,.T.);
#6088=ADVANCED_FACE('',(#6087),#6071,.F.);
#6089=CARTESIAN_POINT('',(793.75,387.35,927.1));
#6090=DIRECTION('',(0.,-1.,0.));
#6091=DIRECTION('',(1.,0.,0.));
#6092=AXIS2_PLACEMENT_3D('',#6089,#6090,#6091);
#6093=PLANE('',#6092);
#6094=ORIENTED_EDGE('',*,*,#6008,.T.);
#6095=ORIENTED_EDGE('',*,*,#5900,.F.);
#6096=ORIENTED_EDGE('',*,*,#6083,.T.);
#6097=ORIENTED_EDGE('',*,*,#5988,.F.);
#6098=EDGE_LOOP('',(#6094,#6095,#6096,#6097));
#6099=FACE_BOUND('',#6098,.T.);
#6100=ADVANCED_FACE('',(#6099),#6093,.T.);
#6101=CARTESIAN_POINT('',(793.75,381.,927.1));
#6102=DIRECTION('',(0.,-1.,0.));
#6103=DIRECTION('',(1.,0.,0.));
#6104=AXIS2_PLACEMENT_3D('',#6101,#6102,#6103);
#6105=PLANE('',#6104);
#6106=ORIENTED_EDGE('',*,*,#5853,.F.);
#6107=ORIENTED_EDGE('',*,*,#5947,.T.);
#6108=ORIENTED_EDGE('',*,*,#6076,.F.);
#6109=ORIENTED_EDGE('',*,*,#5884,.T.);
#6110=EDGE_LOOP('',(#6106,#6107,#6108,#6109));
#6111=FACE_BOUND('',#6110,.T.);
#6112=ADVANCED_FACE('',(#6111),#6105,.F.);
#6113=CLOSED_SHELL('',(#5871,#5935,#5998,#6020,#6042,#6054,#6066,#6088,#6100,#6112));
#6114=MANIFOLD_SOLID_BREP('[Panel] Left',#6113);
#5831=STYLED_ITEM('',(#267),#6114);
#6116=CARTESIAN_POINT('',(1560.5125,406.4,927.1));
#6117=DIRECTION('',(0.,0.,1.));
#6118=DIRECTION('',(1.,0.,0.));
#6119=AXIS2_PLACEMENT_3D('',#6116,#6117,#6118);
#6120=PLANE('',#6119);
#6121=CARTESIAN_POINT('',(1574.8,120.65,927.1));
#6122=VERTEX_POINT('',#6121);
#6123=CARTESIAN_POINT('',(1555.75,120.65,927.1));
#6124=VERTEX_POINT('',#6123);
#6125=CARTESIAN_POINT('',(1574.8,120.65,927.1));
#6126=DIRECTION('',(-1.,0.,0.));
#6127=VECTOR('',#6126,19.05);
#6128=LINE('',#6125,#6127);
#6129=EDGE_CURVE('',#6122,#6124,#6128,.T.);
#6130=ORIENTED_EDGE('',*,*,#6129,.T.);
#6131=CARTESIAN_POINT('',(1555.75,406.4,927.1));
#6132=VERTEX_POINT('',#6131);
#6133=CARTESIAN_POINT('',(1555.75,406.4,927.1));
#6134=DIRECTION('',(0.,-1.,0.));
#6135=VECTOR('',#6134,285.75);
#6136=LINE('',#6133,#6135);
#6137=EDGE_CURVE('',#6132,#6124,#6136,.T.);
#6138=ORIENTED_EDGE('',*,*,#6137,.F.);
#6139=CARTESIAN_POINT('',(1574.8,406.4,927.1));
#6140=VERTEX_POINT('',#6139);
#6141=CARTESIAN_POINT('',(1574.8,406.4,927.1));
#6142=DIRECTION('',(-1.,0.,0.));
#6143=VECTOR('',#6142,19.05);
#6144=LINE('',#6141,#6143);
#6145=EDGE_CURVE('',#6140,#6132,#6144,.T.);
#6146=ORIENTED_EDGE('',*,*,#6145,.F.);
#6147=CARTESIAN_POINT('',(1574.8,406.4,927.1));
#6148=DIRECTION('',(0.,-1.,0.));
#6149=VECTOR('',#6148,285.75);
#6150=LINE('',#6147,#6149);
#6151=EDGE_CURVE('',#6140,#6122,#6150,.T.);
#6152=ORIENTED_EDGE('',*,*,#6151,.T.);
#6153=EDGE_LOOP('',(#6130,#6138,#6146,#6152));
#6154=FACE_BOUND('',#6153,.T.);
#6155=ADVANCED_FACE('',(#6154),#6120,.F.);
#6156=CARTESIAN_POINT('',(1560.5125,406.4,2609.85));
#6157=DIRECTION('',(0.,0.,-1.));
#6158=DIRECTION('',(-1.,0.,0.));
#6159=AXIS2_PLACEMENT_3D('',#6156,#6157,#6158);
#6160=PLANE('',#6159);
#6161=CARTESIAN_POINT('',(1555.75,406.4,2609.85));
#6162=VERTEX_POINT('',#6161);
#6163=CARTESIAN_POINT('',(1555.75,120.65,2609.85));
#6164=VERTEX_POINT('',#6163);
#6165=CARTESIAN_POINT('',(1555.75,406.4,2609.85));
#6166=DIRECTION('',(0.,-1.,0.));
#6167=VECTOR('',#6166,285.75);
#6168=LINE('',#6165,#6167);
#6169=EDGE_CURVE('',#6162,#6164,#6168,.T.);
#6170=ORIENTED_EDGE('',*,*,#6169,.T.);
#6171=CARTESIAN_POINT('',(1574.8,120.65,2609.85));
#6172=VERTEX_POINT('',#6171);
#6173=CARTESIAN_POINT('',(1555.75,120.65,2609.85));
#6174=DIRECTION('',(1.,0.,-0.));
#6175=VECTOR('',#6174,19.05);
#6176=LINE('',#6173,#6175);
#6177=EDGE_CURVE('',#6164,#6172,#6176,.T.);
#6178=ORIENTED_EDGE('',*,*,#6177,.T.);
#6179=CARTESIAN_POINT('',(1574.8,406.4,2609.85));
#6180=VERTEX_POINT('',#6179);
#6181=CARTESIAN_POINT('',(1574.8,406.4,2609.85));
#6182=DIRECTION('',(0.,-1.,0.));
#6183=VECTOR('',#6182,285.75);
#6184=LINE('',#6181,#6183);
#6185=EDGE_CURVE('',#6180,#6172,#6184,.T.);
#6186=ORIENTED_EDGE('',*,*,#6185,.F.);
#6187=CARTESIAN_POINT('',(1555.75,406.4,2609.85));
#6188=DIRECTION('',(1.,0.,-0.));
#6189=VECTOR('',#6188,19.05);
#6190=LINE('',#6187,#6189);
#6191=EDGE_CURVE('',#6162,#6180,#6190,.T.);
#6192=ORIENTED_EDGE('',*,*,#6191,.F.);
#6193=EDGE_LOOP('',(#6170,#6178,#6186,#6192));
#6194=FACE_BOUND('',#6193,.T.);
#6195=ADVANCED_FACE('',(#6194),#6160,.F.);
#6196=CARTESIAN_POINT('',(1574.8,406.4,1768.475));
#6197=DIRECTION('',(1.,0.,0.));
#6198=DIRECTION('',(0.,0.,-1.));
#6199=AXIS2_PLACEMENT_3D('',#6196,#6197,#6198);
#6200=PLANE('',#6199);
#6201=CARTESIAN_POINT('',(1574.8,120.65,927.1));
#6202=DIRECTION('',(-0.,0.,1.));
#6203=VECTOR('',#6202,1682.75);
#6204=LINE('',#6201,#6203);
#6205=EDGE_CURVE('',#6122,#6172,#6204,.T.);
#6206=ORIENTED_EDGE('',*,*,#6205,.F.);
#6207=ORIENTED_EDGE('',*,*,#6151,.F.);
#6208=CARTESIAN_POINT('',(1574.8,406.4,927.1));
#6209=DIRECTION('',(-0.,0.,1.));
#6210=VECTOR('',#6209,1682.75);
#6211=LINE('',#6208,#6210);
#6212=EDGE_CURVE('',#6140,#6180,#6211,.T.);
#6213=ORIENTED_EDGE('',*,*,#6212,.T.);
#6214=ORIENTED_EDGE('',*,*,#6185,.T.);
#6215=EDGE_LOOP('',(#6206,#6207,#6213,#6214));
#6216=FACE_BOUND('',#6215,.T.);
#6217=ADVANCED_FACE('',(#6216),#6200,.T.);
#6218=OVER_RIDING_STYLED_ITEM('',(#1269),#6217,#6115);
#6219=CARTESIAN_POINT('',(1555.75,406.4,2605.0875));
#6220=DIRECTION('',(-1.,0.,0.));
#6221=DIRECTION('',(0.,0.,1.));
#6222=AXIS2_PLACEMENT_3D('',#6219,#6220,#6221);
#6223=PLANE('',#6222);
#6224=ORIENTED_EDGE('',*,*,#6137,.T.);
#6225=CARTESIAN_POINT('',(1555.75,120.65,2609.85));
#6226=DIRECTION('',(0.,0.,-1.));
#6227=VECTOR('',#6226,1682.75);
#6228=LINE('',#6225,#6227);
#6229=EDGE_CURVE('',#6164,#6124,#6228,.T.);
#6230=ORIENTED_EDGE('',*,*,#6229,.F.);
#6231=ORIENTED_EDGE('',*,*,#6169,.F.);
#6232=CARTESIAN_POINT('',(1555.75,406.4,2609.85));
#6233=DIRECTION('',(0.,0.,-1.));
#6234=VECTOR('',#6233,1682.75);
#6235=LINE('',#6232,#6234);
#6236=EDGE_CURVE('',#6162,#6132,#6235,.T.);
#6237=ORIENTED_EDGE('',*,*,#6236,.T.);
#6238=EDGE_LOOP('',(#6224,#6230,#6231,#6237));
#6239=FACE_BOUND('',#6238,.T.);
#6240=ADVANCED_FACE('',(#6239),#6223,.T.);
#6241=CARTESIAN_POINT('',(825.5,406.4,927.1));
#6242=DIRECTION('',(0.,-1.,0.));
#6243=DIRECTION('',(1.,0.,0.));
#6244=AXIS2_PLACEMENT_3D('',#6241,#6242,#6243);
#6245=PLANE('',#6244);
#6246=ORIENTED_EDGE('',*,*,#6145,.T.);
#6247=ORIENTED_EDGE('',*,*,#6236,.F.);
#6248=ORIENTED_EDGE('',*,*,#6191,.T.);
#6249=ORIENTED_EDGE('',*,*,#6212,.F.);
#6250=EDGE_LOOP('',(#6246,#6247,#6248,#6249));
#6251=FACE_BOUND('',#6250,.T.);
#6252=ADVANCED_FACE('',(#6251),#6245,.F.);
#6253=CARTESIAN_POINT('',(825.5,120.65,927.1));
#6254=DIRECTION('',(0.,-1.,0.));
#6255=DIRECTION('',(1.,0.,0.));
#6256=AXIS2_PLACEMENT_3D('',#6253,#6254,#6255);
#6257=PLANE('',#6256);
#6258=ORIENTED_EDGE('',*,*,#6129,.F.);
#6259=ORIENTED_EDGE('',*,*,#6205,.T.);
#6260=ORIENTED_EDGE('',*,*,#6177,.F.);
#6261=ORIENTED_EDGE('',*,*,#6229,.T.);
#6262=EDGE_LOOP('',(#6258,#6259,#6260,#6261));
#6263=FACE_BOUND('',#6262,.T.);
#6264=ADVANCED_FACE('',(#6263),#6257,.T.);
#6265=CLOSED_SHELL('',(#6155,#6195,#6217,#6240,#6252,#6264));
#6266=MANIFOLD_SOLID_BREP('[Panel] Right',#6265);
#6115=STYLED_ITEM('',(#267),#6266);
#6268=CARTESIAN_POINT('',(1524.,406.4,2605.0875));
#6269=DIRECTION('',(-1.,0.,0.));
#6270=DIRECTION('',(0.,0.,1.));
#6271=AXIS2_PLACEMENT_3D('',#6268,#6269,#6270);
#6272=PLANE('',#6271);
#6273=CARTESIAN_POINT('',(1524.,381.,2609.85));
#6274=VERTEX_POINT('',#6273);
#6275=CARTESIAN_POINT('',(1524.,120.65,2609.85));
#6276=VERTEX_POINT('',#6275);
#6277=CARTESIAN_POINT('',(1524.,381.,2609.85));
#6278=DIRECTION('',(0.,-1.,0.));
#6279=VECTOR('',#6278,260.35);
#6280=LINE('',#6277,#6279);
#6281=EDGE_CURVE('',#6274,#6276,#6280,.T.);
#6282=ORIENTED_EDGE('',*,*,#6281,.F.);
#6283=CARTESIAN_POINT('',(1524.,381.,927.1));
#6284=VERTEX_POINT('',#6283);
#6285=CARTESIAN_POINT('',(1524.,381.,2609.85));
#6286=DIRECTION('',(0.,0.,-1.));
#6287=VECTOR('',#6286,1682.75);
#6288=LINE('',#6285,#6287);
#6289=EDGE_CURVE('',#6274,#6284,#6288,.T.);
#6290=ORIENTED_EDGE('',*,*,#6289,.T.);
#6291=CARTESIAN_POINT('',(1524.,120.65,927.1));
#6292=VERTEX_POINT('',#6291);
#6293=CARTESIAN_POINT('',(1524.,381.,927.1));
#6294=DIRECTION('',(0.,-1.,0.));
#6295=VECTOR('',#6294,260.35);
#6296=LINE('',#6293,#6295);
#6297=EDGE_CURVE('',#6284,#6292,#6296,.T.);
#6298=ORIENTED_EDGE('',*,*,#6297,.T.);
#6299=CARTESIAN_POINT('',(1524.,120.65,2609.85));
#6300=DIRECTION('',(0.,0.,-1.));
#6301=VECTOR('',#6300,1682.75);
#6302=LINE('',#6299,#6301);
#6303=EDGE_CURVE('',#6276,#6292,#6302,.T.);
#6304=ORIENTED_EDGE('',*,*,#6303,.F.);
#6305=EDGE_LOOP('',(#6282,#6290,#6298,#6304));
#6306=FACE_BOUND('',#6305,.T.);
#6307=ADVANCED_FACE('',(#6306),#6272,.T.);
#6308=OVER_RIDING_STYLED_ITEM('',(#1269),#6307,#6267);
#6309=CARTESIAN_POINT('',(1528.7625,406.4,927.1));
#6310=DIRECTION('',(0.,0.,1.));
#6311=DIRECTION('',(1.,0.,0.));
#6312=AXIS2_PLACEMENT_3D('',#6309,#6310,#6311);
#6313=PLANE('',#6312);
#6314=CARTESIAN_POINT('',(1533.525,381.,927.1));
#6315=VERTEX_POINT('',#6314);
#6316=CARTESIAN_POINT('',(1533.525,381.,927.1));
#6317=DIRECTION('',(-1.,0.,0.));
#6318=VECTOR('',#6317,9.525);
#6319=LINE('',#6316,#6318);
#6320=EDGE_CURVE('',#6315,#6284,#6319,.T.);
#6321=ORIENTED_EDGE('',*,*,#6320,.F.);
#6322=CARTESIAN_POINT('',(1533.525,387.35,927.1));
#6323=VERTEX_POINT('',#6322);
#6324=CARTESIAN_POINT('',(1533.525,387.35,927.1));
#6325=DIRECTION('',(0.,-1.,0.));
#6326=VECTOR('',#6325,6.35);
#6327=LINE('',#6324,#6326);
#6328=EDGE_CURVE('',#6323,#6315,#6327,.T.);
#6329=ORIENTED_EDGE('',*,*,#6328,.F.);
#6330=CARTESIAN_POINT('',(1524.,387.35,927.1));
#6331=VERTEX_POINT('',#6330);
#6332=CARTESIAN_POINT('',(1533.525,387.35,927.1));
#6333=DIRECTION('',(-1.,0.,0.));
#6334=VECTOR('',#6333,9.525);
#6335=LINE('',#6332,#6334);
#6336=EDGE_CURVE('',#6323,#6331,#6335,.T.);
#6337=ORIENTED_EDGE('',*,*,#6336,.T.);
#6338=CARTESIAN_POINT('',(1524.,406.4,927.1));
#6339=VERTEX_POINT('',#6338);
#6340=CARTESIAN_POINT('',(1524.,406.4,927.1));
#6341=DIRECTION('',(0.,-1.,0.));
#6342=VECTOR('',#6341,19.05);
#6343=LINE('',#6340,#6342);
#6344=EDGE_CURVE('',#6339,#6331,#6343,.T.);
#6345=ORIENTED_EDGE('',*,*,#6344,.F.);
#6346=CARTESIAN_POINT('',(1543.05,406.4,927.1));
#6347=VERTEX_POINT('',#6346);
#6348=CARTESIAN_POINT('',(1543.05,406.4,927.1));
#6349=DIRECTION('',(-1.,0.,0.));
#6350=VECTOR('',#6349,19.05);
#6351=LINE('',#6348,#6350);
#6352=EDGE_CURVE('',#6347,#6339,#6351,.T.);
#6353=ORIENTED_EDGE('',*,*,#6352,.F.);
#6354=CARTESIAN_POINT('',(1543.05,120.65,927.1));
#6355=VERTEX_POINT('',#6354);
#6356=CARTESIAN_POINT('',(1543.05,406.4,927.1));
#6357=DIRECTION('',(0.,-1.,0.));
#6358=VECTOR('',#6357,285.75);
#6359=LINE('',#6356,#6358);
#6360=EDGE_CURVE('',#6347,#6355,#6359,.T.);
#6361=ORIENTED_EDGE('',*,*,#6360,.T.);
#6362=CARTESIAN_POINT('',(1543.05,120.65,927.1));
#6363=DIRECTION('',(-1.,0.,0.));
#6364=VECTOR('',#6363,19.05);
#6365=LINE('',#6362,#6364);
#6366=EDGE_CURVE('',#6355,#6292,#6365,.T.);
#6367=ORIENTED_EDGE('',*,*,#6366,.T.);
#6368=ORIENTED_EDGE('',*,*,#6297,.F.);
#6369=EDGE_LOOP('',(#6321,#6329,#6337,#6345,#6353,#6361,#6367,#6368));
#6370=FACE_BOUND('',#6369,.T.);
#6371=ADVANCED_FACE('',(#6370),#6313,.F.);
#6372=CARTESIAN_POINT('',(1528.7625,406.4,2609.85));
#6373=DIRECTION('',(0.,0.,-1.));
#6374=DIRECTION('',(-1.,0.,0.));
#6375=AXIS2_PLACEMENT_3D('',#6372,#6373,#6374);
#6376=PLANE('',#6375);
#6377=CARTESIAN_POINT('',(1533.525,381.,2609.85));
#6378=VERTEX_POINT('',#6377);
#6379=CARTESIAN_POINT('',(1524.,381.,2609.85));
#6380=DIRECTION('',(1.,0.,-0.));
#6381=VECTOR('',#6380,9.525);
#6382=LINE('',#6379,#6381);
#6383=EDGE_CURVE('',#6274,#6378,#6382,.T.);
#6384=ORIENTED_EDGE('',*,*,#6383,.F.);
#6385=ORIENTED_EDGE('',*,*,#6281,.T.);
#6386=CARTESIAN_POINT('',(1543.05,120.65,2609.85));
#6387=VERTEX_POINT('',#6386);
#6388=CARTESIAN_POINT('',(1524.,120.65,2609.85));
#6389=DIRECTION('',(1.,0.,-0.));
#6390=VECTOR('',#6389,19.05);
#6391=LINE('',#6388,#6390);
#6392=EDGE_CURVE('',#6276,#6387,#6391,.T.);
#6393=ORIENTED_EDGE('',*,*,#6392,.T.);
#6394=CARTESIAN_POINT('',(1543.05,406.4,2609.85));
#6395=VERTEX_POINT('',#6394);
#6396=CARTESIAN_POINT('',(1543.05,406.4,2609.85));
#6397=DIRECTION('',(0.,-1.,0.));
#6398=VECTOR('',#6397,285.75);
#6399=LINE('',#6396,#6398);
#6400=EDGE_CURVE('',#6395,#6387,#6399,.T.);
#6401=ORIENTED_EDGE('',*,*,#6400,.F.);
#6402=CARTESIAN_POINT('',(1524.,406.4,2609.85));
#6403=VERTEX_POINT('',#6402);
#6404=CARTESIAN_POINT('',(1524.,406.4,2609.85));
#6405=DIRECTION('',(1.,0.,-0.));
#6406=VECTOR('',#6405,19.05);
#6407=LINE('',#6404,#6406);
#6408=EDGE_CURVE('',#6403,#6395,#6407,.T.);
#6409=ORIENTED_EDGE('',*,*,#6408,.F.);
#6410=CARTESIAN_POINT('',(1524.,387.35,2609.85));
#6411=VERTEX_POINT('',#6410);
#6412=CARTESIAN_POINT('',(1524.,406.4,2609.85));
#6413=DIRECTION('',(0.,-1.,0.));
#6414=VECTOR('',#6413,19.05);
#6415=LINE('',#6412,#6414);
#6416=EDGE_CURVE('',#6403,#6411,#6415,.T.);
#6417=ORIENTED_EDGE('',*,*,#6416,.T.);
#6418=CARTESIAN_POINT('',(1533.525,387.35,2609.85));
#6419=VERTEX_POINT('',#6418);
#6420=CARTESIAN_POINT('',(1524.,387.35,2609.85));
#6421=DIRECTION('',(1.,0.,-0.));
#6422=VECTOR('',#6421,9.525);
#6423=LINE('',#6420,#6422);
#6424=EDGE_CURVE('',#6411,#6419,#6423,.T.);
#6425=ORIENTED_EDGE('',*,*,#6424,.T.);
#6426=CARTESIAN_POINT('',(1533.525,387.35,2609.85));
#6427=DIRECTION('',(0.,-1.,0.));
#6428=VECTOR('',#6427,6.35);
#6429=LINE('',#6426,#6428);
#6430=EDGE_CURVE('',#6419,#6378,#6429,.T.);
#6431=ORIENTED_EDGE('',*,*,#6430,.T.);
#6432=EDGE_LOOP('',(#6384,#6385,#6393,#6401,#6409,#6417,#6425,#6431));
#6433=FACE_BOUND('',#6432,.T.);
#6434=ADVANCED_FACE('',(#6433),#6376,.F.);
#6435=CARTESIAN_POINT('',(1543.05,406.4,1768.475));
#6436=DIRECTION('',(1.,0.,0.));
#6437=DIRECTION('',(0.,0.,-1.));
#6438=AXIS2_PLACEMENT_3D('',#6435,#6436,#6437);
#6439=PLANE('',#6438);
#6440=CARTESIAN_POINT('',(1543.05,120.65,927.1));
#6441=DIRECTION('',(-0.,0.,1.));
#6442=VECTOR('',#6441,1682.75);
#6443=LINE('',#6440,#6442);
#6444=EDGE_CURVE('',#6355,#6387,#6443,.T.);
#6445=ORIENTED_EDGE('',*,*,#6444,.F.);
#6446=ORIENTED_EDGE('',*,*,#6360,.F.);
#6447=CARTESIAN_POINT('',(1543.05,406.4,927.1));
#6448=DIRECTION('',(-0.,0.,1.));
#6449=VECTOR('',#6448,1682.75);
#6450=LINE('',#6447,#6449);
#6451=EDGE_CURVE('',#6347,#6395,#6450,.T.);
#6452=ORIENTED_EDGE('',*,*,#6451,.T.);
#6453=ORIENTED_EDGE('',*,*,#6400,.T.);
#6454=EDGE_LOOP('',(#6445,#6446,#6452,#6453));
#6455=FACE_BOUND('',#6454,.T.);
#6456=ADVANCED_FACE('',(#6455),#6439,.T.);
#6457=CARTESIAN_POINT('',(1524.,406.4,2605.0875));
#6458=DIRECTION('',(-1.,0.,0.));
#6459=DIRECTION('',(0.,0.,1.));
#6460=AXIS2_PLACEMENT_3D('',#6457,#6458,#6459);
#6461=PLANE('',#6460);
#6462=CARTESIAN_POINT('',(1524.,387.35,2609.85));
#6463=DIRECTION('',(0.,0.,-1.));
#6464=VECTOR('',#6463,1682.75);
#6465=LINE('',#6462,#6464);
#6466=EDGE_CURVE('',#6411,#6331,#6465,.T.);
#6467=ORIENTED_EDGE('',*,*,#6466,.F.);
#6468=ORIENTED_EDGE('',*,*,#6416,.F.);
#6469=CARTESIAN_POINT('',(1524.,406.4,2609.85));
#6470=DIRECTION('',(0.,0.,-1.));
#6471=VECTOR('',#6470,1682.75);
#6472=LINE('',#6469,#6471);
#6473=EDGE_CURVE('',#6403,#6339,#6472,.T.);
#6474=ORIENTED_EDGE('',*,*,#6473,.T.);
#6475=ORIENTED_EDGE('',*,*,#6344,.T.);
#6476=EDGE_LOOP('',(#6467,#6468,#6474,#6475));
#6477=FACE_BOUND('',#6476,.T.);
#6478=ADVANCED_FACE('',(#6477),#6461,.T.);
#6479=CARTESIAN_POINT('',(793.75,406.4,927.1));
#6480=DIRECTION('',(0.,-1.,0.));
#6481=DIRECTION('',(1.,0.,0.));
#6482=AXIS2_PLACEMENT_3D('',#6479,#6480,#6481);
#6483=PLANE('',#6482);
#6484=ORIENTED_EDGE('',*,*,#6352,.T.);
#6485=ORIENTED_EDGE('',*,*,#6473,.F.);
#6486=ORIENTED_EDGE('',*,*,#6408,.T.);
#6487=ORIENTED_EDGE('',*,*,#6451,.F.);
#6488=EDGE_LOOP('',(#6484,#6485,#6486,#6487));
#6489=FACE_BOUND('',#6488,.T.);
#6490=ADVANCED_FACE('',(#6489),#6483,.F.);
#6491=CARTESIAN_POINT('',(793.75,120.65,927.1));
#6492=DIRECTION('',(0.,-1.,0.));
#6493=DIRECTION('',(1.,0.,0.));
#6494=AXIS2_PLACEMENT_3D('',#6491,#6492,#6493);
#6495=PLANE('',#6494);
#6496=ORIENTED_EDGE('',*,*,#6366,.F.);
#6497=ORIENTED_EDGE('',*,*,#6444,.T.);
#6498=ORIENTED_EDGE('',*,*,#6392,.F.);
#6499=ORIENTED_EDGE('',*,*,#6303,.T.);
#6500=EDGE_LOOP('',(#6496,#6497,#6498,#6499));
#6501=FACE_BOUND('',#6500,.T.);
#6502=ADVANCED_FACE('',(#6501),#6495,.T.);
#6503=CARTESIAN_POINT('',(1533.525,387.35,1768.475));
#6504=DIRECTION('',(-1.,0.,-0.));
#6505=DIRECTION('',(-0.,0.,1.));
#6506=AXIS2_PLACEMENT_3D('',#6503,#6504,#6505);
#6507=PLANE('',#6506);
#6508=CARTESIAN_POINT('',(1533.525,381.,2609.85));
#6509=DIRECTION('',(0.,0.,-1.));
#6510=VECTOR('',#6509,1682.75);
#6511=LINE('',#6508,#6510);
#6512=EDGE_CURVE('',#6378,#6315,#6511,.T.);
#6513=ORIENTED_EDGE('',*,*,#6512,.F.);
#6514=ORIENTED_EDGE('',*,*,#6430,.F.);
#6515=CARTESIAN_POINT('',(1533.525,387.35,2609.85));
#6516=DIRECTION('',(0.,0.,-1.));
#6517=VECTOR('',#6516,1682.75);
#6518=LINE('',#6515,#6517);
#6519=EDGE_CURVE('',#6419,#6323,#6518,.T.);
#6520=ORIENTED_EDGE('',*,*,#6519,.T.);
#6521=ORIENTED_EDGE('',*,*,#6328,.T.);
#6522=EDGE_LOOP('',(#6513,#6514,#6520,#6521));
#6523=FACE_BOUND('',#6522,.T.);
#6524=ADVANCED_FACE('',(#6523),#6507,.T.);
#6525=CARTESIAN_POINT('',(793.75,387.35,927.1));
#6526=DIRECTION('',(0.,-1.,0.));
#6527=DIRECTION('',(1.,0.,0.));
#6528=AXIS2_PLACEMENT_3D('',#6525,#6526,#6527);
#6529=PLANE('',#6528);
#6530=ORIENTED_EDGE('',*,*,#6519,.F.);
#6531=ORIENTED_EDGE('',*,*,#6424,.F.);
#6532=ORIENTED_EDGE('',*,*,#6466,.T.);
#6533=ORIENTED_EDGE('',*,*,#6336,.F.);
#6534=EDGE_LOOP('',(#6530,#6531,#6532,#6533));
#6535=FACE_BOUND('',#6534,.T.);
#6536=ADVANCED_FACE('',(#6535),#6529,.T.);
#6537=CARTESIAN_POINT('',(793.75,381.,927.1));
#6538=DIRECTION('',(0.,-1.,0.));
#6539=DIRECTION('',(1.,0.,0.));
#6540=AXIS2_PLACEMENT_3D('',#6537,#6538,#6539);
#6541=PLANE('',#6540);
#6542=ORIENTED_EDGE('',*,*,#6512,.T.);
#6543=ORIENTED_EDGE('',*,*,#6320,.T.);
#6544=ORIENTED_EDGE('',*,*,#6289,.F.);
#6545=ORIENTED_EDGE('',*,*,#6383,.T.);
#6546=EDGE_LOOP('',(#6542,#6543,#6544,#6545));
#6547=FACE_BOUND('',#6546,.T.);
#6548=ADVANCED_FACE('',(#6547),#6541,.F.);
#6549=CLOSED_SHELL('',(#6307,#6371,#6434,#6456,#6478,#6490,#6502,#6524,#6536,#6548));
#6550=MANIFOLD_SOLID_BREP('[Panel] Right',#6549);
#6267=STYLED_ITEM('',(#267),#6550);
#6552=CARTESIAN_POINT('',(1533.525,384.175,917.575));
#6553=DIRECTION('',(-1.,-0.,0.));
#6554=DIRECTION('',(0.,-1.,0.));
#6555=AXIS2_PLACEMENT_3D('',#6552,#6553,#6554);
#6556=PLANE('',#6555);
#6557=CARTESIAN_POINT('',(1533.525,387.35,2600.325));
#6558=VERTEX_POINT('',#6557);
#6559=CARTESIAN_POINT('',(1533.525,381.,2600.325));
#6560=VERTEX_POINT('',#6559);
#6561=CARTESIAN_POINT('',(1533.525,387.35,2600.325));
#6562=DIRECTION('',(0.,-1.,0.));
#6563=VECTOR('',#6562,6.35);
#6564=LINE('',#6561,#6563);
#6565=EDGE_CURVE('',#6558,#6560,#6564,.T.);
#6566=ORIENTED_EDGE('',*,*,#6565,.T.);
#6567=CARTESIAN_POINT('',(1533.525,381.,917.575));
#6568=VERTEX_POINT('',#6567);
#6569=CARTESIAN_POINT('',(1533.525,381.,917.575));
#6570=DIRECTION('',(0.,0.,1.));
#6571=VECTOR('',#6570,1682.75);
#6572=LINE('',#6569,#6571);
#6573=EDGE_CURVE('',#6568,#6560,#6572,.T.);
#6574=ORIENTED_EDGE('',*,*,#6573,.F.);
#6575=CARTESIAN_POINT('',(1533.525,387.35,917.575));
#6576=VERTEX_POINT('',#6575);
#6577=CARTESIAN_POINT('',(1533.525,387.35,917.575));
#6578=DIRECTION('',(0.,-1.,0.));
#6579=VECTOR('',#6578,6.35);
#6580=LINE('',#6577,#6579);
#6581=EDGE_CURVE('',#6576,#6568,#6580,.T.);
#6582=ORIENTED_EDGE('',*,*,#6581,.F.);
#6583=CARTESIAN_POINT('',(1533.525,387.35,917.575));
#6584=DIRECTION('',(0.,0.,1.));
#6585=VECTOR('',#6584,1682.75);
#6586=LINE('',#6583,#6585);
#6587=EDGE_CURVE('',#6576,#6558,#6586,.T.);
#6588=ORIENTED_EDGE('',*,*,#6587,.T.);
#6589=EDGE_LOOP('',(#6566,#6574,#6582,#6588));
#6590=FACE_BOUND('',#6589,.T.);
#6591=ADVANCED_FACE('',(#6590),#6556,.F.);
#6592=CARTESIAN_POINT('',(1168.4,387.35,917.575));
#6593=DIRECTION('',(0.,-1.,0.));
#6594=DIRECTION('',(0.,0.,-1.));
#6595=AXIS2_PLACEMENT_3D('',#6592,#6593,#6594);
#6596=PLANE('',#6595);
#6597=CARTESIAN_POINT('',(803.275,387.35,2600.325));
#6598=VERTEX_POINT('',#6597);
#6599=CARTESIAN_POINT('',(803.275,387.35,2600.325));
#6600=DIRECTION('',(1.,0.,-0.));
#6601=VECTOR('',#6600,730.25);
#6602=LINE('',#6599,#6601);
#6603=EDGE_CURVE('',#6598,#6558,#6602,.T.);
#6604=ORIENTED_EDGE('',*,*,#6603,.T.);
#6605=ORIENTED_EDGE('',*,*,#6587,.F.);
#6606=CARTESIAN_POINT('',(803.275,387.35,917.575));
#6607=VERTEX_POINT('',#6606);
#6608=CARTESIAN_POINT('',(803.275,387.35,917.575));
#6609=DIRECTION('',(1.,0.,-0.));
#6610=VECTOR('',#6609,730.25);
#6611=LINE('',#6608,#6610);
#6612=EDGE_CURVE('',#6607,#6576,#6611,.T.);
#6613=ORIENTED_EDGE('',*,*,#6612,.F.);
#6614=CARTESIAN_POINT('',(803.275,387.35,917.575));
#6615=DIRECTION('',(0.,0.,1.));
#6616=VECTOR('',#6615,1682.75);
#6617=LINE('',#6614,#6616);
#6618=EDGE_CURVE('',#6607,#6598,#6617,.T.);
#6619=ORIENTED_EDGE('',*,*,#6618,.T.);
#6620=EDGE_LOOP('',(#6604,#6605,#6613,#6619));
#6621=FACE_BOUND('',#6620,.T.);
#6622=ADVANCED_FACE('',(#6621),#6596,.F.);
#6623=CARTESIAN_POINT('',(803.275,384.175,917.575));
#6624=DIRECTION('',(1.,0.,0.));
#6625=DIRECTION('',(0.,0.,-1.));
#6626=AXIS2_PLACEMENT_3D('',#6623,#6624,#6625);
#6627=PLANE('',#6626);
#6628=CARTESIAN_POINT('',(803.275,381.,2600.325));
#6629=VERTEX_POINT('',#6628);
#6630=CARTESIAN_POINT('',(803.275,381.,2600.325));
#6631=DIRECTION('',(0.,1.,0.));
#6632=VECTOR('',#6631,6.35);
#6633=LINE('',#6630,#6632);
#6634=EDGE_CURVE('',#6629,#6598,#6633,.T.);
#6635=ORIENTED_EDGE('',*,*,#6634,.T.);
#6636=ORIENTED_EDGE('',*,*,#6618,.F.);
#6637=CARTESIAN_POINT('',(803.275,381.,917.575));
#6638=VERTEX_POINT('',#6637);
#6639=CARTESIAN_POINT('',(803.275,381.,917.575));
#6640=DIRECTION('',(0.,1.,0.));
#6641=VECTOR('',#6640,6.35);
#6642=LINE('',#6639,#6641);
#6643=EDGE_CURVE('',#6638,#6607,#6642,.T.);
#6644=ORIENTED_EDGE('',*,*,#6643,.F.);
#6645=CARTESIAN_POINT('',(803.275,381.,917.575));
#6646=DIRECTION('',(0.,0.,1.));
#6647=VECTOR('',#6646,1682.75);
#6648=LINE('',#6645,#6647);
#6649=EDGE_CURVE('',#6638,#6629,#6648,.T.);
#6650=ORIENTED_EDGE('',*,*,#6649,.T.);
#6651=EDGE_LOOP('',(#6635,#6636,#6644,#6650));
#6652=FACE_BOUND('',#6651,.T.);
#6653=ADVANCED_FACE('',(#6652),#6627,.F.);
#6654=CARTESIAN_POINT('',(1168.4,381.,917.575));
#6655=DIRECTION('',(-0.,1.,0.));
#6656=DIRECTION('',(-1.,-0.,0.));
#6657=AXIS2_PLACEMENT_3D('',#6654,#6655,#6656);
#6658=PLANE('',#6657);
#6659=CARTESIAN_POINT('',(1533.525,381.,2600.325));
#6660=DIRECTION('',(-1.,-0.,0.));
#6661=VECTOR('',#6660,730.25);
#6662=LINE('',#6659,#6661);
#6663=EDGE_CURVE('',#6560,#6629,#6662,.T.);
#6664=ORIENTED_EDGE('',*,*,#6663,.T.);
#6665=ORIENTED_EDGE('',*,*,#6649,.F.);
#6666=CARTESIAN_POINT('',(1533.525,381.,917.575));
#6667=DIRECTION('',(-1.,-0.,0.));
#6668=VECTOR('',#6667,730.25);
#6669=LINE('',#6666,#6668);
#6670=EDGE_CURVE('',#6568,#6638,#6669,.T.);
#6671=ORIENTED_EDGE('',*,*,#6670,.F.);
#6672=ORIENTED_EDGE('',*,*,#6573,.T.);
#6673=EDGE_LOOP('',(#6664,#6665,#6671,#6672));
#6674=FACE_BOUND('',#6673,.T.);
#6675=ADVANCED_FACE('',(#6674),#6658,.F.);
#6676=OVER_RIDING_STYLED_ITEM('',(#1269),#6675,#6551);
#6677=CARTESIAN_POINT('',(793.75,120.65,917.575));
#6678=DIRECTION('',(0.,0.,1.));
#6679=DIRECTION('',(1.,0.,0.));
#6680=AXIS2_PLACEMENT_3D('',#6677,#6678,#6679);
#6681=PLANE('',#6680);
#6682=ORIENTED_EDGE('',*,*,#6581,.T.);
#6683=ORIENTED_EDGE('',*,*,#6670,.T.);
#6684=ORIENTED_EDGE('',*,*,#6643,.T.);
#6685=ORIENTED_EDGE('',*,*,#6612,.T.);
#6686=EDGE_LOOP('',(#6682,#6683,#6684,#6685));
#6687=FACE_BOUND('',#6686,.T.);
#6688=ADVANCED_FACE('',(#6687),#6681,.F.);
#6689=CARTESIAN_POINT('',(793.75,120.65,2600.325));
#6690=DIRECTION('',(0.,0.,1.));
#6691=DIRECTION('',(1.,0.,0.));
#6692=AXIS2_PLACEMENT_3D('',#6689,#6690,#6691);
#6693=PLANE('',#6692);
#6694=ORIENTED_EDGE('',*,*,#6565,.F.);
#6695=ORIENTED_EDGE('',*,*,#6603,.F.);
#6696=ORIENTED_EDGE('',*,*,#6634,.F.);
#6697=ORIENTED_EDGE('',*,*,#6663,.F.);
#6698=EDGE_LOOP('',(#6694,#6695,#6696,#6697));
#6699=FACE_BOUND('',#6698,.T.);
#6700=ADVANCED_FACE('',(#6699),#6693,.T.);
#6701=CLOSED_SHELL('',(#6591,#6622,#6653,#6675,#6688,#6700));
#6702=MANIFOLD_SOLID_BREP('[Panel] Back',#6701);
#6551=STYLED_ITEM('',(#267),#6702);
#6704=CARTESIAN_POINT('',(1168.4,406.4,2489.2));
#6705=DIRECTION('',(-0.,0.,1.));
#6706=DIRECTION('',(1.,0.,0.));
#6707=AXIS2_PLACEMENT_3D('',#6704,#6705,#6706);
#6708=PLANE('',#6707);
#6709=CARTESIAN_POINT('',(1524.,387.35,2489.2));
#6710=VERTEX_POINT('',#6709);
#6711=CARTESIAN_POINT('',(812.8,387.35,2489.2));
#6712=VERTEX_POINT('',#6711);
#6713=CARTESIAN_POINT('',(1524.,387.35,2489.2));
#6714=DIRECTION('',(-1.,0.,-0.));
#6715=VECTOR('',#6714,711.2);
#6716=LINE('',#6713,#6715);
#6717=EDGE_CURVE('',#6710,#6712,#6716,.T.);
#6718=ORIENTED_EDGE('',*,*,#6717,.T.);
#6719=CARTESIAN_POINT('',(812.8,406.4,2489.2));
#6720=VERTEX_POINT('',#6719);
#6721=CARTESIAN_POINT('',(812.8,406.4,2489.2));
#6722=DIRECTION('',(0.,-1.,0.));
#6723=VECTOR('',#6722,19.05);
#6724=LINE('',#6721,#6723);
#6725=EDGE_CURVE('',#6720,#6712,#6724,.T.);
#6726=ORIENTED_EDGE('',*,*,#6725,.F.);
#6727=CARTESIAN_POINT('',(1524.,406.4,2489.2));
#6728=VERTEX_POINT('',#6727);
#6729=CARTESIAN_POINT('',(1524.,406.4,2489.2));
#6730=DIRECTION('',(-1.,0.,-0.));
#6731=VECTOR('',#6730,711.2);
#6732=LINE('',#6729,#6731);
#6733=EDGE_CURVE('',#6728,#6720,#6732,.T.);
#6734=ORIENTED_EDGE('',*,*,#6733,.F.);
#6735=CARTESIAN_POINT('',(1524.,406.4,2489.2));
#6736=DIRECTION('',(0.,-1.,0.));
#6737=VECTOR('',#6736,19.05);
#6738=LINE('',#6735,#6737);
#6739=EDGE_CURVE('',#6728,#6710,#6738,.T.);
#6740=ORIENTED_EDGE('',*,*,#6739,.T.);
#6741=EDGE_LOOP('',(#6718,#6726,#6734,#6740));
#6742=FACE_BOUND('',#6741,.T.);
#6743=ADVANCED_FACE('',(#6742),#6708,.F.);
#6744=CARTESIAN_POINT('',(1524.,406.4,2540.));
#6745=DIRECTION('',(-1.,0.,0.));
#6746=DIRECTION('',(0.,0.,1.));
#6747=AXIS2_PLACEMENT_3D('',#6744,#6745,#6746);
#6748=PLANE('',#6747);
#6749=CARTESIAN_POINT('',(1524.,387.35,2590.8));
#6750=VERTEX_POINT('',#6749);
#6751=CARTESIAN_POINT('',(1524.,387.35,2590.8));
#6752=DIRECTION('',(0.,0.,-1.));
#6753=VECTOR('',#6752,101.6);
#6754=LINE('',#6751,#6753);
#6755=EDGE_CURVE('',#6750,#6710,#6754,.T.);
#6756=ORIENTED_EDGE('',*,*,#6755,.T.);
#6757=ORIENTED_EDGE('',*,*,#6739,.F.);
#6758=CARTESIAN_POINT('',(1524.,406.4,2590.8));
#6759=VERTEX_POINT('',#6758);
#6760=CARTESIAN_POINT('',(1524.,406.4,2590.8));
#6761=DIRECTION('',(0.,0.,-1.));
#6762=VECTOR('',#6761,101.6);
#6763=LINE('',#6760,#6762);
#6764=EDGE_CURVE('',#6759,#6728,#6763,.T.);
#6765=ORIENTED_EDGE('',*,*,#6764,.F.);
#6766=CARTESIAN_POINT('',(1524.,406.4,2590.8));
#6767=DIRECTION('',(0.,-1.,0.));
#6768=VECTOR('',#6767,19.05);
#6769=LINE('',#6766,#6768);
#6770=EDGE_CURVE('',#6759,#6750,#6769,.T.);
#6771=ORIENTED_EDGE('',*,*,#6770,.T.);
#6772=EDGE_LOOP('',(#6756,#6757,#6765,#6771));
#6773=FACE_BOUND('',#6772,.T.);
#6774=ADVANCED_FACE('',(#6773),#6748,.F.);
#6775=CARTESIAN_POINT('',(1168.4,406.4,2590.8));
#6776=DIRECTION('',(0.,0.,-1.));
#6777=DIRECTION('',(-1.,0.,-0.));
#6778=AXIS2_PLACEMENT_3D('',#6775,#6776,#6777);
#6779=PLANE('',#6778);
#6780=CARTESIAN_POINT('',(812.8,387.35,2590.8));
#6781=VERTEX_POINT('',#6780);
#6782=CARTESIAN_POINT('',(812.8,387.35,2590.8));
#6783=DIRECTION('',(1.,0.,0.));
#6784=VECTOR('',#6783,711.2);
#6785=LINE('',#6782,#6784);
#6786=EDGE_CURVE('',#6781,#6750,#6785,.T.);
#6787=ORIENTED_EDGE('',*,*,#6786,.T.);
#6788=ORIENTED_EDGE('',*,*,#6770,.F.);
#6789=CARTESIAN_POINT('',(812.8,406.4,2590.8));
#6790=VERTEX_POINT('',#6789);
#6791=CARTESIAN_POINT('',(812.8,406.4,2590.8));
#6792=DIRECTION('',(1.,0.,0.));
#6793=VECTOR('',#6792,711.2);
#6794=LINE('',#6791,#6793);
#6795=EDGE_CURVE('',#6790,#6759,#6794,.T.);
#6796=ORIENTED_EDGE('',*,*,#6795,.F.);
#6797=CARTESIAN_POINT('',(812.8,406.4,2590.8));
#6798=DIRECTION('',(0.,-1.,0.));
#6799=VECTOR('',#6798,19.05);
#6800=LINE('',#6797,#6799);
#6801=EDGE_CURVE('',#6790,#6781,#6800,.T.);
#6802=ORIENTED_EDGE('',*,*,#6801,.T.);
#6803=EDGE_LOOP('',(#6787,#6788,#6796,#6802));
#6804=FACE_BOUND('',#6803,.T.);
#6805=ADVANCED_FACE('',(#6804),#6779,.F.);
#6806=CARTESIAN_POINT('',(812.8,406.4,2540.));
#6807=DIRECTION('',(1.,0.,0.));
#6808=DIRECTION('',(0.,0.,-1.));
#6809=AXIS2_PLACEMENT_3D('',#6806,#6807,#6808);
#6810=PLANE('',#6809);
#6811=CARTESIAN_POINT('',(812.8,387.35,2489.2));
#6812=DIRECTION('',(-0.,0.,1.));
#6813=VECTOR('',#6812,101.6);
#6814=LINE('',#6811,#6813);
#6815=EDGE_CURVE('',#6712,#6781,#6814,.T.);
#6816=ORIENTED_EDGE('',*,*,#6815,.T.);
#6817=ORIENTED_EDGE('',*,*,#6801,.F.);
#6818=CARTESIAN_POINT('',(812.8,406.4,2489.2));
#6819=DIRECTION('',(-0.,0.,1.));
#6820=VECTOR('',#6819,101.6);
#6821=LINE('',#6818,#6820);
#6822=EDGE_CURVE('',#6720,#6790,#6821,.T.);
#6823=ORIENTED_EDGE('',*,*,#6822,.F.);
#6824=ORIENTED_EDGE('',*,*,#6725,.T.);
#6825=EDGE_LOOP('',(#6816,#6817,#6823,#6824));
#6826=FACE_BOUND('',#6825,.T.);
#6827=ADVANCED_FACE('',(#6826),#6810,.F.);
#6828=CARTESIAN_POINT('',(793.75,406.4,927.1));
#6829=DIRECTION('',(0.,-1.,0.));
#6830=DIRECTION('',(1.,0.,0.));
#6831=AXIS2_PLACEMENT_3D('',#6828,#6829,#6830);
#6832=PLANE('',#6831);
#6833=ORIENTED_EDGE('',*,*,#6733,.T.);
#6834=ORIENTED_EDGE('',*,*,#6822,.T.);
#6835=ORIENTED_EDGE('',*,*,#6795,.T.);
#6836=ORIENTED_EDGE('',*,*,#6764,.T.);
#6837=EDGE_LOOP('',(#6833,#6834,#6835,#6836));
#6838=FACE_BOUND('',#6837,.T.);
#6839=ADVANCED_FACE('',(#6838),#6832,.F.);
#6840=CARTESIAN_POINT('',(793.75,387.35,927.1));
#6841=DIRECTION('',(0.,-1.,0.));
#6842=DIRECTION('',(1.,0.,0.));
#6843=AXIS2_PLACEMENT_3D('',#6840,#6841,#6842);
#6844=PLANE('',#6843);
#6845=ORIENTED_EDGE('',*,*,#6717,.F.);
#6846=ORIENTED_EDGE('',*,*,#6755,.F.);
#6847=ORIENTED_EDGE('',*,*,#6786,.F.);
#6848=ORIENTED_EDGE('',*,*,#6815,.F.);
#6849=EDGE_LOOP('',(#6845,#6846,#6847,#6848));
#6850=FACE_BOUND('',#6849,.T.);
#6851=ADVANCED_FACE('',(#6850),#6844,.T.);
#6852=CLOSED_SHELL('',(#6743,#6774,#6805,#6827,#6839,#6851));
#6853=MANIFOLD_SOLID_BREP('[Nailer] Top',#6852);
#6703=STYLED_ITEM('',(#267),#6853);
#6855=CARTESIAN_POINT('',(1524.,406.4,996.95));
#6856=DIRECTION('',(-1.,0.,-0.));
#6857=DIRECTION('',(-0.,0.,1.));
#6858=AXIS2_PLACEMENT_3D('',#6855,#6856,#6857);
#6859=PLANE('',#6858);
#6860=CARTESIAN_POINT('',(1524.,387.35,1047.75));
#6861=VERTEX_POINT('',#6860);
#6862=CARTESIAN_POINT('',(1524.,387.35,946.15));
#6863=VERTEX_POINT('',#6862);
#6864=CARTESIAN_POINT('',(1524.,387.35,1047.75));
#6865=DIRECTION('',(0.,0.,-1.));
#6866=VECTOR('',#6865,101.6);
#6867=LINE('',#6864,#6866);
#6868=EDGE_CURVE('',#6861,#6863,#6867,.T.);
#6869=ORIENTED_EDGE('',*,*,#6868,.T.);
#6870=CARTESIAN_POINT('',(1524.,406.4,946.15));
#6871=VERTEX_POINT('',#6870);
#6872=CARTESIAN_POINT('',(1524.,406.4,946.15));
#6873=DIRECTION('',(0.,-1.,0.));
#6874=VECTOR('',#6873,19.05);
#6875=LINE('',#6872,#6874);
#6876=EDGE_CURVE('',#6871,#6863,#6875,.T.);
#6877=ORIENTED_EDGE('',*,*,#6876,.F.);
#6878=CARTESIAN_POINT('',(1524.,406.4,1047.75));
#6879=VERTEX_POINT('',#6878);
#6880=CARTESIAN_POINT('',(1524.,406.4,1047.75));
#6881=DIRECTION('',(0.,0.,-1.));
#6882=VECTOR('',#6881,101.6);
#6883=LINE('',#6880,#6882);
#6884=EDGE_CURVE('',#6879,#6871,#6883,.T.);
#6885=ORIENTED_EDGE('',*,*,#6884,.F.);
#6886=CARTESIAN_POINT('',(1524.,406.4,1047.75));
#6887=DIRECTION('',(0.,-1.,0.));
#6888=VECTOR('',#6887,19.05);
#6889=LINE('',#6886,#6888);
#6890=EDGE_CURVE('',#6879,#6861,#6889,.T.);
#6891=ORIENTED_EDGE('',*,*,#6890,.T.);
#6892=EDGE_LOOP('',(#6869,#6877,#6885,#6891));
#6893=FACE_BOUND('',#6892,.T.);
#6894=ADVANCED_FACE('',(#6893),#6859,.F.);
#6895=CARTESIAN_POINT('',(1168.4,406.4,1047.75));
#6896=DIRECTION('',(-0.,0.,1.));
#6897=DIRECTION('',(1.,0.,0.));
#6898=AXIS2_PLACEMENT_3D('',#6895,#6896,#6897);
#6899=PLANE('',#6898);
#6900=CARTESIAN_POINT('',(812.8,387.35,1047.75));
#6901=VERTEX_POINT('',#6900);
#6902=CARTESIAN_POINT('',(1524.,387.35,1047.75));
#6903=DIRECTION('',(-1.,0.,-0.));
#6904=VECTOR('',#6903,711.2);
#6905=LINE('',#6902,#6904);
#6906=EDGE_CURVE('',#6861,#6901,#6905,.T.);
#6907=ORIENTED_EDGE('',*,*,#6906,.F.);
#6908=ORIENTED_EDGE('',*,*,#6890,.F.);
#6909=CARTESIAN_POINT('',(812.8,406.4,1047.75));
#6910=VERTEX_POINT('',#6909);
#6911=CARTESIAN_POINT('',(1524.,406.4,1047.75));
#6912=DIRECTION('',(-1.,0.,-0.));
#6913=VECTOR('',#6912,711.2);
#6914=LINE('',#6911,#6913);
#6915=EDGE_CURVE('',#6879,#6910,#6914,.T.);
#6916=ORIENTED_EDGE('',*,*,#6915,.T.);
#6917=CARTESIAN_POINT('',(812.8,406.4,1047.75));
#6918=DIRECTION('',(0.,-1.,0.));
#6919=VECTOR('',#6918,19.05);
#6920=LINE('',#6917,#6919);
#6921=EDGE_CURVE('',#6910,#6901,#6920,.T.);
#6922=ORIENTED_EDGE('',*,*,#6921,.T.);
#6923=EDGE_LOOP('',(#6907,#6908,#6916,#6922));
#6924=FACE_BOUND('',#6923,.T.);
#6925=ADVANCED_FACE('',(#6924),#6899,.T.);
#6926=CARTESIAN_POINT('',(812.8,406.4,996.95));
#6927=DIRECTION('',(1.,0.,0.));
#6928=DIRECTION('',(0.,0.,-1.));
#6929=AXIS2_PLACEMENT_3D('',#6926,#6927,#6928);
#6930=PLANE('',#6929);
#6931=CARTESIAN_POINT('',(812.8,387.35,946.15));
#6932=VERTEX_POINT('',#6931);
#6933=CARTESIAN_POINT('',(812.8,387.35,946.15));
#6934=DIRECTION('',(-0.,0.,1.));
#6935=VECTOR('',#6934,101.6);
#6936=LINE('',#6933,#6935);
#6937=EDGE_CURVE('',#6932,#6901,#6936,.T.);
#6938=ORIENTED_EDGE('',*,*,#6937,.T.);
#6939=ORIENTED_EDGE('',*,*,#6921,.F.);
#6940=CARTESIAN_POINT('',(812.8,406.4,946.15));
#6941=VERTEX_POINT('',#6940);
#6942=CARTESIAN_POINT('',(812.8,406.4,946.15));
#6943=DIRECTION('',(-0.,0.,1.));
#6944=VECTOR('',#6943,101.6);
#6945=LINE('',#6942,#6944);
#6946=EDGE_CURVE('',#6941,#6910,#6945,.T.);
#6947=ORIENTED_EDGE('',*,*,#6946,.F.);
#6948=CARTESIAN_POINT('',(812.8,406.4,946.15));
#6949=DIRECTION('',(0.,-1.,0.));
#6950=VECTOR('',#6949,19.05);
#6951=LINE('',#6948,#6950);
#6952=EDGE_CURVE('',#6941,#6932,#6951,.T.);
#6953=ORIENTED_EDGE('',*,*,#6952,.T.);
#6954=EDGE_LOOP('',(#6938,#6939,#6947,#6953));
#6955=FACE_BOUND('',#6954,.T.);
#6956=ADVANCED_FACE('',(#6955),#6930,.F.);
#6957=CARTESIAN_POINT('',(1168.4,406.4,946.15));
#6958=DIRECTION('',(0.,0.,-1.));
#6959=DIRECTION('',(-1.,0.,-0.));
#6960=AXIS2_PLACEMENT_3D('',#6957,#6958,#6959);
#6961=PLANE('',#6960);
#6962=CARTESIAN_POINT('',(812.8,387.35,946.15));
#6963=DIRECTION('',(1.,0.,0.));
#6964=VECTOR('',#6963,711.2);
#6965=LINE('',#6962,#6964);
#6966=EDGE_CURVE('',#6932,#6863,#6965,.T.);
#6967=ORIENTED_EDGE('',*,*,#6966,.F.);
#6968=ORIENTED_EDGE('',*,*,#6952,.F.);
#6969=CARTESIAN_POINT('',(812.8,406.4,946.15));
#6970=DIRECTION('',(1.,0.,0.));
#6971=VECTOR('',#6970,711.2);
#6972=LINE('',#6969,#6971);
#6973=EDGE_CURVE('',#6941,#6871,#6972,.T.);
#6974=ORIENTED_EDGE('',*,*,#6973,.T.);
#6975=ORIENTED_EDGE('',*,*,#6876,.T.);
#6976=EDGE_LOOP('',(#6967,#6968,#6974,#6975));
#6977=FACE_BOUND('',#6976,.T.);
#6978=ADVANCED_FACE('',(#6977),#6961,.T.);
#6979=CARTESIAN_POINT('',(793.75,406.4,927.1));
#6980=DIRECTION('',(0.,-1.,0.));
#6981=DIRECTION('',(1.,0.,0.));
#6982=AXIS2_PLACEMENT_3D('',#6979,#6980,#6981);
#6983=PLANE('',#6982);
#6984=ORIENTED_EDGE('',*,*,#6884,.T.);
#6985=ORIENTED_EDGE('',*,*,#6973,.F.);
#6986=ORIENTED_EDGE('',*,*,#6946,.T.);
#6987=ORIENTED_EDGE('',*,*,#6915,.F.);
#6988=EDGE_LOOP('',(#6984,#6985,#6986,#6987));
#6989=FACE_BOUND('',#6988,.T.);
#6990=ADVANCED_FACE('',(#6989),#6983,.F.);
#6991=CARTESIAN_POINT('',(793.75,387.35,927.1));
#6992=DIRECTION('',(0.,-1.,0.));
#6993=DIRECTION('',(1.,0.,0.));
#6994=AXIS2_PLACEMENT_3D('',#6991,#6992,#6993);
#6995=PLANE('',#6994);
#6996=ORIENTED_EDGE('',*,*,#6868,.F.);
#6997=ORIENTED_EDGE('',*,*,#6906,.T.);
#6998=ORIENTED_EDGE('',*,*,#6937,.F.);
#6999=ORIENTED_EDGE('',*,*,#6966,.T.);
#7000=EDGE_LOOP('',(#6996,#6997,#6998,#6999));
#7001=FACE_BOUND('',#7000,.T.);
#7002=ADVANCED_FACE('',(#7001),#6995,.T.);
#7003=CLOSED_SHELL('',(#6894,#6925,#6956,#6978,#6990,#7002));
#7004=MANIFOLD_SOLID_BREP('[Nailer] Bottom',#7003);
#6854=STYLED_ITEM('',(#267),#7004);
#5528=SHAPE_REPRESENTATION('Upper Right',(#15),#5526);
#5529=ADVANCED_BREP_SHAPE_REPRESENTATION('Upper Right',(#5830,#6114,#6266,#6550,#6702,#6853,#7004),#5526);
#7012=SHAPE_REPRESENTATION_RELATIONSHIP('','',#5528,#5529);
#7013=CARTESIAN_POINT('',(0.,0.,0.));
#7014=DIRECTION('',(0.,0.,1.));
#7015=DIRECTION('',(1.,0.,0.));
#7016=AXIS2_PLACEMENT_3D('',#7013,#7014,#7015);
#7018=MAPPED_ITEM('',#7017,#7016);
#7017=REPRESENTATION_MAP(#7016,#5528);
#5536=PRODUCT('Upper Right','Upper Right','',(#1877));
#7019=PRODUCT_RELATED_PRODUCT_CATEGORY('part','',(#5536));
#7020=PRODUCT_DEFINITION_FORMATION_WITH_SPECIFIED_SOURCE('','',#5536,.NOT_KNOWN.);
#5537=PRODUCT_DEFINITION('design','',#7020,#1878);
#5535=PRODUCT_DEFINITION_SHAPE('','',#5537);
#7021=SHAPE_DEFINITION_REPRESENTATION(#5535,#5528);
#5527=DRAUGHTING_MODEL('',(#7018),#5526);
#7022=(NAMED_UNIT(*)PLANE_ANGLE_UNIT()SI_UNIT($,.RADIAN.));
#7023=PLANE_ANGLE_MEASURE_WITH_UNIT(PLANE_ANGLE_MEASURE(0.0174532925),#7022);
#7024=(CONVERSION_BASED_UNIT('DEGREE',#7023)NAMED_UNIT(#7025)PLANE_ANGLE_UNIT());
#7025=DIMENSIONAL_EXPONENTS(0.,0.,0.,0.,0.,0.,0.);
#7026=(NAMED_UNIT(*)SI_UNIT($,.STERADIAN.)SOLID_ANGLE_UNIT());
#7027=(LENGTH_UNIT()NAMED_UNIT(*)SI_UNIT(.MILLI.,.METRE.));
#7028=UNCERTAINTY_MEASURE_WITH_UNIT(LENGTH_MEASURE(1.000000E-05),#7027,'DISTANCE_ACCURACY_VALUE','Maximum Tolerance applied to model');
#7029=(GEOMETRIC_REPRESENTATION_CONTEXT(3)GLOBAL_UNCERTAINTY_ASSIGNED_CONTEXT((#7028))GLOBAL_UNIT_ASSIGNED_CONTEXT((#7027,#7024,#7026))REPRESENTATION_CONTEXT('','Upper Left'));
#7041=CARTESIAN_POINT('',(0.,0.,0.));
#7042=DIRECTION('',(0.,0.,1.));
#7043=DIRECTION('',(1.,0.,-0.));
#7044=AXIS2_PLACEMENT_3D('',#7041,#7042,#7043);
#7045=ITEM_DEFINED_TRANSFORMATION('','',#7044,#15);
#7046=(REPRESENTATION_RELATIONSHIP('','',#7031,#5500)REPRESENTATION_RELATIONSHIP_WITH_TRANSFORMATION(#7045)SHAPE_REPRESENTATION_RELATIONSHIP());
#7047=NEXT_ASSEMBLY_USAGE_OCCURRENCE('Upper Left_9','Upper Left','Upper Left',#5509,#7040,$);
#7048=PRODUCT_DEFINITION_SHAPE('','',#7047);
#7049=CONTEXT_DEPENDENT_SHAPE_REPRESENTATION(#7046,#7048);
#7051=CARTESIAN_POINT('',(406.4,406.4,2590.8));
#7052=DIRECTION('',(0.,0.,-1.));
#7053=DIRECTION('',(-1.,0.,-0.));
#7054=AXIS2_PLACEMENT_3D('',#7051,#7052,#7053);
#7055=PLANE('',#7054);
#7056=CARTESIAN_POINT('',(50.8,381.,2590.8));
#7057=VERTEX_POINT('',#7056);
#7058=CARTESIAN_POINT('',(50.8,120.65,2590.8));
#7059=VERTEX_POINT('',#7058);
#7060=CARTESIAN_POINT('',(50.8,381.,2590.8));
#7061=DIRECTION('',(0.,-1.,0.));
#7062=VECTOR('',#7061,260.35);
#7063=LINE('',#7060,#7062);
#7064=EDGE_CURVE('',#7057,#7059,#7063,.T.);
#7065=ORIENTED_EDGE('',*,*,#7064,.F.);
#7066=CARTESIAN_POINT('',(762.,381.,2590.8));
#7067=VERTEX_POINT('',#7066);
#7068=CARTESIAN_POINT('',(50.8,381.,2590.8));
#7069=DIRECTION('',(1.,0.,0.));
#7070=VECTOR('',#7069,711.2);
#7071=LINE('',#7068,#7070);
#7072=EDGE_CURVE('',#7057,#7067,#7071,.T.);
#7073=ORIENTED_EDGE('',*,*,#7072,.T.);
#7074=CARTESIAN_POINT('',(762.,120.65,2590.8));
#7075=VERTEX_POINT('',#7074);
#7076=CARTESIAN_POINT('',(762.,381.,2590.8));
#7077=DIRECTION('',(0.,-1.,0.));
#7078=VECTOR('',#7077,260.35);
#7079=LINE('',#7076,#7078);
#7080=EDGE_CURVE('',#7067,#7075,#7079,.T.);
#7081=ORIENTED_EDGE('',*,*,#7080,.T.);
#7082=CARTESIAN_POINT('',(50.8,120.65,2590.8));
#7083=DIRECTION('',(1.,0.,0.));
#7084=VECTOR('',#7083,711.2);
#7085=LINE('',#7082,#7084);
#7086=EDGE_CURVE('',#7059,#7075,#7085,.T.);
#7087=ORIENTED_EDGE('',*,*,#7086,.F.);
#7088=EDGE_LOOP('',(#7065,#7073,#7081,#7087));
#7089=FACE_BOUND('',#7088,.T.);
#7090=ADVANCED_FACE('',(#7089),#7055,.T.);
#7091=OVER_RIDING_STYLED_ITEM('',(#1269),#7090,#7050);
#7092=CARTESIAN_POINT('',(50.8,406.4,2605.0875));
#7093=DIRECTION('',(1.,0.,-0.));
#7094=DIRECTION('',(-0.,0.,-1.));
#7095=AXIS2_PLACEMENT_3D('',#7092,#7093,#7094);
#7096=PLANE('',#7095);
#7097=CARTESIAN_POINT('',(50.8,381.,2600.325));
#7098=VERTEX_POINT('',#7097);
#7099=CARTESIAN_POINT('',(50.8,381.,2590.8));
#7100=DIRECTION('',(-0.,0.,1.));
#7101=VECTOR('',#7100,9.525);
#7102=LINE('',#7099,#7101);
#7103=EDGE_CURVE('',#7057,#7098,#7102,.T.);
#7104=ORIENTED_EDGE('',*,*,#7103,.F.);
#7105=ORIENTED_EDGE('',*,*,#7064,.T.);
#7106=CARTESIAN_POINT('',(50.8,120.65,2609.85));
#7107=VERTEX_POINT('',#7106);
#7108=CARTESIAN_POINT('',(50.8,120.65,2590.8));
#7109=DIRECTION('',(0.,0.,1.));
#7110=VECTOR('',#7109,19.05);
#7111=LINE('',#7108,#7110);
#7112=EDGE_CURVE('',#7059,#7107,#7111,.T.);
#7113=ORIENTED_EDGE('',*,*,#7112,.T.);
#7114=CARTESIAN_POINT('',(50.8,406.4,2609.85));
#7115=VERTEX_POINT('',#7114);
#7116=CARTESIAN_POINT('',(50.8,406.4,2609.85));
#7117=DIRECTION('',(0.,-1.,0.));
#7118=VECTOR('',#7117,285.75);
#7119=LINE('',#7116,#7118);
#7120=EDGE_CURVE('',#7115,#7107,#7119,.T.);
#7121=ORIENTED_EDGE('',*,*,#7120,.F.);
#7122=CARTESIAN_POINT('',(50.8,406.4,2590.8));
#7123=VERTEX_POINT('',#7122);
#7124=CARTESIAN_POINT('',(50.8,406.4,2590.8));
#7125=DIRECTION('',(0.,0.,1.));
#7126=VECTOR('',#7125,19.05);
#7127=LINE('',#7124,#7126);
#7128=EDGE_CURVE('',#7123,#7115,#7127,.T.);
#7129=ORIENTED_EDGE('',*,*,#7128,.F.);
#7130=CARTESIAN_POINT('',(50.8,387.35,2590.8));
#7131=VERTEX_POINT('',#7130);
#7132=CARTESIAN_POINT('',(50.8,406.4,2590.8));
#7133=DIRECTION('',(0.,-1.,0.));
#7134=VECTOR('',#7133,19.05);
#7135=LINE('',#7132,#7134);
#7136=EDGE_CURVE('',#7123,#7131,#7135,.T.);
#7137=ORIENTED_EDGE('',*,*,#7136,.T.);
#7138=CARTESIAN_POINT('',(50.8,387.35,2600.325));
#7139=VERTEX_POINT('',#7138);
#7140=CARTESIAN_POINT('',(50.8,387.35,2590.8));
#7141=DIRECTION('',(-0.,0.,1.));
#7142=VECTOR('',#7141,9.525);
#7143=LINE('',#7140,#7142);
#7144=EDGE_CURVE('',#7131,#7139,#7143,.T.);
#7145=ORIENTED_EDGE('',*,*,#7144,.T.);
#7146=CARTESIAN_POINT('',(50.8,387.35,2600.325));
#7147=DIRECTION('',(0.,-1.,0.));
#7148=VECTOR('',#7147,6.35);
#7149=LINE('',#7146,#7148);
#7150=EDGE_CURVE('',#7139,#7098,#7149,.T.);
#7151=ORIENTED_EDGE('',*,*,#7150,.T.);
#7152=EDGE_LOOP('',(#7104,#7105,#7113,#7121,#7129,#7137,#7145,#7151));
#7153=FACE_BOUND('',#7152,.T.);
#7154=ADVANCED_FACE('',(#7153),#7096,.F.);
#7155=CARTESIAN_POINT('',(762.,406.4,2605.0875));
#7156=DIRECTION('',(-1.,0.,0.));
#7157=DIRECTION('',(0.,0.,1.));
#7158=AXIS2_PLACEMENT_3D('',#7155,#7156,#7157);
#7159=PLANE('',#7158);
#7160=ORIENTED_EDGE('',*,*,#7080,.F.);
#7161=CARTESIAN_POINT('',(762.,381.,2600.325));
#7162=VERTEX_POINT('',#7161);
#7163=CARTESIAN_POINT('',(762.,381.,2590.8));
#7164=DIRECTION('',(0.,0.,1.));
#7165=VECTOR('',#7164,9.525);
#7166=LINE('',#7163,#7165);
#7167=EDGE_CURVE('',#7067,#7162,#7166,.T.);
#7168=ORIENTED_EDGE('',*,*,#7167,.T.);
#7169=CARTESIAN_POINT('',(762.,387.35,2600.325));
#7170=VERTEX_POINT('',#7169);
#7171=CARTESIAN_POINT('',(762.,387.35,2600.325));
#7172=DIRECTION('',(0.,-1.,0.));
#7173=VECTOR('',#7172,6.35);
#7174=LINE('',#7171,#7173);
#7175=EDGE_CURVE('',#7170,#7162,#7174,.T.);
#7176=ORIENTED_EDGE('',*,*,#7175,.F.);
#7177=CARTESIAN_POINT('',(762.,387.35,2590.8));
#7178=VERTEX_POINT('',#7177);
#7179=CARTESIAN_POINT('',(762.,387.35,2590.8));
#7180=DIRECTION('',(0.,0.,1.));
#7181=VECTOR('',#7180,9.525);
#7182=LINE('',#7179,#7181);
#7183=EDGE_CURVE('',#7178,#7170,#7182,.T.);
#7184=ORIENTED_EDGE('',*,*,#7183,.F.);
#7185=CARTESIAN_POINT('',(762.,406.4,2590.8));
#7186=VERTEX_POINT('',#7185);
#7187=CARTESIAN_POINT('',(762.,406.4,2590.8));
#7188=DIRECTION('',(0.,-1.,0.));
#7189=VECTOR('',#7188,19.05);
#7190=LINE('',#7187,#7189);
#7191=EDGE_CURVE('',#7186,#7178,#7190,.T.);
#7192=ORIENTED_EDGE('',*,*,#7191,.F.);
#7193=CARTESIAN_POINT('',(762.,406.4,2609.85));
#7194=VERTEX_POINT('',#7193);
#7195=CARTESIAN_POINT('',(762.,406.4,2609.85));
#7196=DIRECTION('',(0.,0.,-1.));
#7197=VECTOR('',#7196,19.05);
#7198=LINE('',#7195,#7197);
#7199=EDGE_CURVE('',#7194,#7186,#7198,.T.);
#7200=ORIENTED_EDGE('',*,*,#7199,.F.);
#7201=CARTESIAN_POINT('',(762.,120.65,2609.85));
#7202=VERTEX_POINT('',#7201);
#7203=CARTESIAN_POINT('',(762.,406.4,2609.85));
#7204=DIRECTION('',(0.,-1.,0.));
#7205=VECTOR('',#7204,285.75);
#7206=LINE('',#7203,#7205);
#7207=EDGE_CURVE('',#7194,#7202,#7206,.T.);
#7208=ORIENTED_EDGE('',*,*,#7207,.T.);
#7209=CARTESIAN_POINT('',(762.,120.65,2609.85));
#7210=DIRECTION('',(0.,0.,-1.));
#7211=VECTOR('',#7210,19.05);
#7212=LINE('',#7209,#7211);
#7213=EDGE_CURVE('',#7202,#7075,#7212,.T.);
#7214=ORIENTED_EDGE('',*,*,#7213,.T.);
#7215=EDGE_LOOP('',(#7160,#7168,#7176,#7184,#7192,#7200,#7208,#7214));
#7216=FACE_BOUND('',#7215,.T.);
#7217=ADVANCED_FACE('',(#7216),#7159,.F.);
#7218=CARTESIAN_POINT('',(406.4,406.4,2609.85));
#7219=DIRECTION('',(0.,0.,-1.));
#7220=DIRECTION('',(-1.,0.,-0.));
#7221=AXIS2_PLACEMENT_3D('',#7218,#7219,#7220);
#7222=PLANE('',#7221);
#7223=CARTESIAN_POINT('',(50.8,120.65,2609.85));
#7224=DIRECTION('',(1.,0.,0.));
#7225=VECTOR('',#7224,711.2);
#7226=LINE('',#7223,#7225);
#7227=EDGE_CURVE('',#7107,#7202,#7226,.T.);
#7228=ORIENTED_EDGE('',*,*,#7227,.T.);
#7229=ORIENTED_EDGE('',*,*,#7207,.F.);
#7230=CARTESIAN_POINT('',(50.8,406.4,2609.85));
#7231=DIRECTION('',(1.,0.,0.));
#7232=VECTOR('',#7231,711.2);
#7233=LINE('',#7230,#7232);
#7234=EDGE_CURVE('',#7115,#7194,#7233,.T.);
#7235=ORIENTED_EDGE('',*,*,#7234,.F.);
#7236=ORIENTED_EDGE('',*,*,#7120,.T.);
#7237=EDGE_LOOP('',(#7228,#7229,#7235,#7236));
#7238=FACE_BOUND('',#7237,.T.);
#7239=ADVANCED_FACE('',(#7238),#7222,.F.);
#7240=CARTESIAN_POINT('',(406.4,406.4,2590.8));
#7241=DIRECTION('',(0.,0.,-1.));
#7242=DIRECTION('',(-1.,0.,-0.));
#7243=AXIS2_PLACEMENT_3D('',#7240,#7241,#7242);
#7244=PLANE('',#7243);
#7245=CARTESIAN_POINT('',(50.8,387.35,2590.8));
#7246=DIRECTION('',(1.,0.,0.));
#7247=VECTOR('',#7246,711.2);
#7248=LINE('',#7245,#7247);
#7249=EDGE_CURVE('',#7131,#7178,#7248,.T.);
#7250=ORIENTED_EDGE('',*,*,#7249,.F.);
#7251=ORIENTED_EDGE('',*,*,#7136,.F.);
#7252=CARTESIAN_POINT('',(50.8,406.4,2590.8));
#7253=DIRECTION('',(1.,0.,0.));
#7254=VECTOR('',#7253,711.2);
#7255=LINE('',#7252,#7254);
#7256=EDGE_CURVE('',#7123,#7186,#7255,.T.);
#7257=ORIENTED_EDGE('',*,*,#7256,.T.);
#7258=ORIENTED_EDGE('',*,*,#7191,.T.);
#7259=EDGE_LOOP('',(#7250,#7251,#7257,#7258));
#7260=FACE_BOUND('',#7259,.T.);
#7261=ADVANCED_FACE('',(#7260),#7244,.T.);
#7262=CARTESIAN_POINT('',(31.75,406.4,927.1));
#7263=DIRECTION('',(0.,-1.,0.));
#7264=DIRECTION('',(1.,0.,0.));
#7265=AXIS2_PLACEMENT_3D('',#7262,#7263,#7264);
#7266=PLANE('',#7265);
#7267=ORIENTED_EDGE('',*,*,#7199,.T.);
#7268=ORIENTED_EDGE('',*,*,#7256,.F.);
#7269=ORIENTED_EDGE('',*,*,#7128,.T.);
#7270=ORIENTED_EDGE('',*,*,#7234,.T.);
#7271=EDGE_LOOP('',(#7267,#7268,#7269,#7270));
#7272=FACE_BOUND('',#7271,.T.);
#7273=ADVANCED_FACE('',(#7272),#7266,.F.);
#7274=CARTESIAN_POINT('',(31.75,120.65,927.1));
#7275=DIRECTION('',(0.,-1.,0.));
#7276=DIRECTION('',(1.,0.,0.));
#7277=AXIS2_PLACEMENT_3D('',#7274,#7275,#7276);
#7278=PLANE('',#7277);
#7279=ORIENTED_EDGE('',*,*,#7213,.F.);
#7280=ORIENTED_EDGE('',*,*,#7227,.F.);
#7281=ORIENTED_EDGE('',*,*,#7112,.F.);
#7282=ORIENTED_EDGE('',*,*,#7086,.T.);
#7283=EDGE_LOOP('',(#7279,#7280,#7281,#7282));
#7284=FACE_BOUND('',#7283,.T.);
#7285=ADVANCED_FACE('',(#7284),#7278,.T.);
#7286=CARTESIAN_POINT('',(406.4,387.35,2600.325));
#7287=DIRECTION('',(0.,0.,1.));
#7288=DIRECTION('',(1.,0.,0.));
#7289=AXIS2_PLACEMENT_3D('',#7286,#7287,#7288);
#7290=PLANE('',#7289);
#7291=CARTESIAN_POINT('',(762.,381.,2600.325));
#7292=DIRECTION('',(-1.,0.,0.));
#7293=VECTOR('',#7292,711.2);
#7294=LINE('',#7291,#7293);
#7295=EDGE_CURVE('',#7162,#7098,#7294,.T.);
#7296=ORIENTED_EDGE('',*,*,#7295,.T.);
#7297=ORIENTED_EDGE('',*,*,#7150,.F.);
#7298=CARTESIAN_POINT('',(762.,387.35,2600.325));
#7299=DIRECTION('',(-1.,0.,0.));
#7300=VECTOR('',#7299,711.2);
#7301=LINE('',#7298,#7300);
#7302=EDGE_CURVE('',#7170,#7139,#7301,.T.);
#7303=ORIENTED_EDGE('',*,*,#7302,.F.);
#7304=ORIENTED_EDGE('',*,*,#7175,.T.);
#7305=EDGE_LOOP('',(#7296,#7297,#7303,#7304));
#7306=FACE_BOUND('',#7305,.T.);
#7307=ADVANCED_FACE('',(#7306),#7290,.F.);
#7308=CARTESIAN_POINT('',(31.75,387.35,927.1));
#7309=DIRECTION('',(0.,-1.,0.));
#7310=DIRECTION('',(1.,0.,0.));
#7311=AXIS2_PLACEMENT_3D('',#7308,#7309,#7310);
#7312=PLANE('',#7311);
#7313=ORIENTED_EDGE('',*,*,#7183,.T.);
#7314=ORIENTED_EDGE('',*,*,#7302,.T.);
#7315=ORIENTED_EDGE('',*,*,#7144,.F.);
#7316=ORIENTED_EDGE('',*,*,#7249,.T.);
#7317=EDGE_LOOP('',(#7313,#7314,#7315,#7316));
#7318=FACE_BOUND('',#7317,.T.);
#7319=ADVANCED_FACE('',(#7318),#7312,.T.);
#7320=CARTESIAN_POINT('',(31.75,381.,927.1));
#7321=DIRECTION('',(0.,-1.,0.));
#7322=DIRECTION('',(1.,0.,0.));
#7323=AXIS2_PLACEMENT_3D('',#7320,#7321,#7322);
#7324=PLANE('',#7323);
#7325=ORIENTED_EDGE('',*,*,#7167,.F.);
#7326=ORIENTED_EDGE('',*,*,#7072,.F.);
#7327=ORIENTED_EDGE('',*,*,#7103,.T.);
#7328=ORIENTED_EDGE('',*,*,#7295,.F.);
#7329=EDGE_LOOP('',(#7325,#7326,#7327,#7328));
#7330=FACE_BOUND('',#7329,.T.);
#7331=ADVANCED_FACE('',(#7330),#7324,.F.);
#7332=CLOSED_SHELL('',(#7090,#7154,#7217,#7239,#7261,#7273,#7285,#7307,#7319,#7331));
#7333=MANIFOLD_SOLID_BREP('[Panel] Top',#7332);
#7050=STYLED_ITEM('',(#267),#7333);
#7335=CARTESIAN_POINT('',(50.8,406.4,2595.5625));
#7336=DIRECTION('',(1.,0.,0.));
#7337=DIRECTION('',(0.,0.,-1.));
#7338=AXIS2_PLACEMENT_3D('',#7335,#7336,#7337);
#7339=PLANE('',#7338);
#7340=CARTESIAN_POINT('',(50.8,381.,927.1));
#7341=VERTEX_POINT('',#7340);
#7342=CARTESIAN_POINT('',(50.8,120.65,927.1));
#7343=VERTEX_POINT('',#7342);
#7344=CARTESIAN_POINT('',(50.8,381.,927.1));
#7345=DIRECTION('',(0.,-1.,0.));
#7346=VECTOR('',#7345,260.35);
#7347=LINE('',#7344,#7346);
#7348=EDGE_CURVE('',#7341,#7343,#7347,.T.);
#7349=ORIENTED_EDGE('',*,*,#7348,.F.);
#7350=CARTESIAN_POINT('',(50.8,381.,2609.85));
#7351=VERTEX_POINT('',#7350);
#7352=CARTESIAN_POINT('',(50.8,381.,927.1));
#7353=DIRECTION('',(-0.,0.,1.));
#7354=VECTOR('',#7353,1682.75);
#7355=LINE('',#7352,#7354);
#7356=EDGE_CURVE('',#7341,#7351,#7355,.T.);
#7357=ORIENTED_EDGE('',*,*,#7356,.T.);
#7358=CARTESIAN_POINT('',(50.8,120.65,2609.85));
#7359=VERTEX_POINT('',#7358);
#7360=CARTESIAN_POINT('',(50.8,381.,2609.85));
#7361=DIRECTION('',(0.,-1.,0.));
#7362=VECTOR('',#7361,260.35);
#7363=LINE('',#7360,#7362);
#7364=EDGE_CURVE('',#7351,#7359,#7363,.T.);
#7365=ORIENTED_EDGE('',*,*,#7364,.T.);
#7366=CARTESIAN_POINT('',(50.8,120.65,927.1));
#7367=DIRECTION('',(-0.,0.,1.));
#7368=VECTOR('',#7367,1682.75);
#7369=LINE('',#7366,#7368);
#7370=EDGE_CURVE('',#7343,#7359,#7369,.T.);
#7371=ORIENTED_EDGE('',*,*,#7370,.F.);
#7372=EDGE_LOOP('',(#7349,#7357,#7365,#7371));
#7373=FACE_BOUND('',#7372,.T.);
#7374=ADVANCED_FACE('',(#7373),#7339,.T.);
#7375=OVER_RIDING_STYLED_ITEM('',(#1269),#7374,#7334);
#7376=CARTESIAN_POINT('',(46.0375,406.4,2609.85));
#7377=DIRECTION('',(0.,0.,-1.));
#7378=DIRECTION('',(-1.,0.,0.));
#7379=AXIS2_PLACEMENT_3D('',#7376,#7377,#7378);
#7380=PLANE('',#7379);
#7381=CARTESIAN_POINT('',(41.275,381.,2609.85));
#7382=VERTEX_POINT('',#7381);
#7383=CARTESIAN_POINT('',(41.275,381.,2609.85));
#7384=DIRECTION('',(1.,0.,-0.));
#7385=VECTOR('',#7384,9.525);
#7386=LINE('',#7383,#7385);
#7387=EDGE_CURVE('',#7382,#7351,#7386,.T.);
#7388=ORIENTED_EDGE('',*,*,#7387,.F.);
#7389=CARTESIAN_POINT('',(41.275,387.35,2609.85));
#7390=VERTEX_POINT('',#7389);
#7391=CARTESIAN_POINT('',(41.275,387.35,2609.85));
#7392=DIRECTION('',(0.,-1.,0.));
#7393=VECTOR('',#7392,6.35);
#7394=LINE('',#7391,#7393);
#7395=EDGE_CURVE('',#7390,#7382,#7394,.T.);
#7396=ORIENTED_EDGE('',*,*,#7395,.F.);
#7397=CARTESIAN_POINT('',(50.8,387.35,2609.85));
#7398=VERTEX_POINT('',#7397);
#7399=CARTESIAN_POINT('',(41.275,387.35,2609.85));
#7400=DIRECTION('',(1.,0.,-0.));
#7401=VECTOR('',#7400,9.525);
#7402=LINE('',#7399,#7401);
#7403=EDGE_CURVE('',#7390,#7398,#7402,.T.);
#7404=ORIENTED_EDGE('',*,*,#7403,.T.);
#7405=CARTESIAN_POINT('',(50.8,406.4,2609.85));
#7406=VERTEX_POINT('',#7405);
#7407=CARTESIAN_POINT('',(50.8,406.4,2609.85));
#7408=DIRECTION('',(0.,-1.,0.));
#7409=VECTOR('',#7408,19.05);
#7410=LINE('',#7407,#7409);
#7411=EDGE_CURVE('',#7406,#7398,#7410,.T.);
#7412=ORIENTED_EDGE('',*,*,#7411,.F.);
#7413=CARTESIAN_POINT('',(31.75,406.4,2609.85));
#7414=VERTEX_POINT('',#7413);
#7415=CARTESIAN_POINT('',(31.75,406.4,2609.85));
#7416=DIRECTION('',(1.,0.,-0.));
#7417=VECTOR('',#7416,19.05);
#7418=LINE('',#7415,#7417);
#7419=EDGE_CURVE('',#7414,#7406,#7418,.T.);
#7420=ORIENTED_EDGE('',*,*,#7419,.F.);
#7421=CARTESIAN_POINT('',(31.75,120.65,2609.85));
#7422=VERTEX_POINT('',#7421);
#7423=CARTESIAN_POINT('',(31.75,406.4,2609.85));
#7424=DIRECTION('',(0.,-1.,0.));
#7425=VECTOR('',#7424,285.75);
#7426=LINE('',#7423,#7425);
#7427=EDGE_CURVE('',#7414,#7422,#7426,.T.);
#7428=ORIENTED_EDGE('',*,*,#7427,.T.);
#7429=CARTESIAN_POINT('',(31.75,120.65,2609.85));
#7430=DIRECTION('',(1.,0.,-0.));
#7431=VECTOR('',#7430,19.05);
#7432=LINE('',#7429,#7431);
#7433=EDGE_CURVE('',#7422,#7359,#7432,.T.);
#7434=ORIENTED_EDGE('',*,*,#7433,.T.);
#7435=ORIENTED_EDGE('',*,*,#7364,.F.);
#7436=EDGE_LOOP('',(#7388,#7396,#7404,#7412,#7420,#7428,#7434,#7435));
#7437=FACE_BOUND('',#7436,.T.);
#7438=ADVANCED_FACE('',(#7437),#7380,.F.);
#7439=CARTESIAN_POINT('',(46.0375,406.4,927.1));
#7440=DIRECTION('',(0.,0.,1.));
#7441=DIRECTION('',(1.,0.,0.));
#7442=AXIS2_PLACEMENT_3D('',#7439,#7440,#7441);
#7443=PLANE('',#7442);
#7444=CARTESIAN_POINT('',(41.275,381.,927.1));
#7445=VERTEX_POINT('',#7444);
#7446=CARTESIAN_POINT('',(50.8,381.,927.1));
#7447=DIRECTION('',(-1.,0.,0.));
#7448=VECTOR('',#7447,9.525);
#7449=LINE('',#7446,#7448);
#7450=EDGE_CURVE('',#7341,#7445,#7449,.T.);
#7451=ORIENTED_EDGE('',*,*,#7450,.F.);
#7452=ORIENTED_EDGE('',*,*,#7348,.T.);
#7453=CARTESIAN_POINT('',(31.75,120.65,927.1));
#7454=VERTEX_POINT('',#7453);
#7455=CARTESIAN_POINT('',(50.8,120.65,927.1));
#7456=DIRECTION('',(-1.,0.,0.));
#7457=VECTOR('',#7456,19.05);
#7458=LINE('',#7455,#7457);
#7459=EDGE_CURVE('',#7343,#7454,#7458,.T.);
#7460=ORIENTED_EDGE('',*,*,#7459,.T.);
#7461=CARTESIAN_POINT('',(31.75,406.4,927.1));
#7462=VERTEX_POINT('',#7461);
#7463=CARTESIAN_POINT('',(31.75,406.4,927.1));
#7464=DIRECTION('',(0.,-1.,0.));
#7465=VECTOR('',#7464,285.75);
#7466=LINE('',#7463,#7465);
#7467=EDGE_CURVE('',#7462,#7454,#7466,.T.);
#7468=ORIENTED_EDGE('',*,*,#7467,.F.);
#7469=CARTESIAN_POINT('',(50.8,406.4,927.1));
#7470=VERTEX_POINT('',#7469);
#7471=CARTESIAN_POINT('',(50.8,406.4,927.1));
#7472=DIRECTION('',(-1.,0.,0.));
#7473=VECTOR('',#7472,19.05);
#7474=LINE('',#7471,#7473);
#7475=EDGE_CURVE('',#7470,#7462,#7474,.T.);
#7476=ORIENTED_EDGE('',*,*,#7475,.F.);
#7477=CARTESIAN_POINT('',(50.8,387.35,927.1));
#7478=VERTEX_POINT('',#7477);
#7479=CARTESIAN_POINT('',(50.8,406.4,927.1));
#7480=DIRECTION('',(0.,-1.,0.));
#7481=VECTOR('',#7480,19.05);
#7482=LINE('',#7479,#7481);
#7483=EDGE_CURVE('',#7470,#7478,#7482,.T.);
#7484=ORIENTED_EDGE('',*,*,#7483,.T.);
#7485=CARTESIAN_POINT('',(41.275,387.35,927.1));
#7486=VERTEX_POINT('',#7485);
#7487=CARTESIAN_POINT('',(50.8,387.35,927.1));
#7488=DIRECTION('',(-1.,0.,0.));
#7489=VECTOR('',#7488,9.525);
#7490=LINE('',#7487,#7489);
#7491=EDGE_CURVE('',#7478,#7486,#7490,.T.);
#7492=ORIENTED_EDGE('',*,*,#7491,.T.);
#7493=CARTESIAN_POINT('',(41.275,387.35,927.1));
#7494=DIRECTION('',(0.,-1.,0.));
#7495=VECTOR('',#7494,6.35);
#7496=LINE('',#7493,#7495);
#7497=EDGE_CURVE('',#7486,#7445,#7496,.T.);
#7498=ORIENTED_EDGE('',*,*,#7497,.T.);
#7499=EDGE_LOOP('',(#7451,#7452,#7460,#7468,#7476,#7484,#7492,#7498));
#7500=FACE_BOUND('',#7499,.T.);
#7501=ADVANCED_FACE('',(#7500),#7443,.F.);
#7502=CARTESIAN_POINT('',(50.8,406.4,2595.5625));
#7503=DIRECTION('',(1.,0.,0.));
#7504=DIRECTION('',(0.,0.,-1.));
#7505=AXIS2_PLACEMENT_3D('',#7502,#7503,#7504);
#7506=PLANE('',#7505);
#7507=CARTESIAN_POINT('',(50.8,387.35,927.1));
#7508=DIRECTION('',(-0.,0.,1.));
#7509=VECTOR('',#7508,1682.75);
#7510=LINE('',#7507,#7509);
#7511=EDGE_CURVE('',#7478,#7398,#7510,.T.);
#7512=ORIENTED_EDGE('',*,*,#7511,.F.);
#7513=ORIENTED_EDGE('',*,*,#7483,.F.);
#7514=CARTESIAN_POINT('',(50.8,406.4,927.1));
#7515=DIRECTION('',(-0.,0.,1.));
#7516=VECTOR('',#7515,1682.75);
#7517=LINE('',#7514,#7516);
#7518=EDGE_CURVE('',#7470,#7406,#7517,.T.);
#7519=ORIENTED_EDGE('',*,*,#7518,.T.);
#7520=ORIENTED_EDGE('',*,*,#7411,.T.);
#7521=EDGE_LOOP('',(#7512,#7513,#7519,#7520));
#7522=FACE_BOUND('',#7521,.T.);
#7523=ADVANCED_FACE('',(#7522),#7506,.T.);
#7524=CARTESIAN_POINT('',(31.75,406.4,1768.475));
#7525=DIRECTION('',(1.,0.,0.));
#7526=DIRECTION('',(0.,0.,-1.));
#7527=AXIS2_PLACEMENT_3D('',#7524,#7525,#7526);
#7528=PLANE('',#7527);
#7529=CARTESIAN_POINT('',(31.75,120.65,927.1));
#7530=DIRECTION('',(-0.,0.,1.));
#7531=VECTOR('',#7530,1682.75);
#7532=LINE('',#7529,#7531);
#7533=EDGE_CURVE('',#7454,#7422,#7532,.T.);
#7534=ORIENTED_EDGE('',*,*,#7533,.T.);
#7535=ORIENTED_EDGE('',*,*,#7427,.F.);
#7536=CARTESIAN_POINT('',(31.75,406.4,927.1));
#7537=DIRECTION('',(-0.,0.,1.));
#7538=VECTOR('',#7537,1682.75);
#7539=LINE('',#7536,#7538);
#7540=EDGE_CURVE('',#7462,#7414,#7539,.T.);
#7541=ORIENTED_EDGE('',*,*,#7540,.F.);
#7542=ORIENTED_EDGE('',*,*,#7467,.T.);
#7543=EDGE_LOOP('',(#7534,#7535,#7541,#7542));
#7544=FACE_BOUND('',#7543,.T.);
#7545=ADVANCED_FACE('',(#7544),#7528,.F.);
#7546=CARTESIAN_POINT('',(31.75,406.4,927.1));
#7547=DIRECTION('',(0.,-1.,0.));
#7548=DIRECTION('',(1.,0.,0.));
#7549=AXIS2_PLACEMENT_3D('',#7546,#7547,#7548);
#7550=PLANE('',#7549);
#7551=ORIENTED_EDGE('',*,*,#7518,.F.);
#7552=ORIENTED_EDGE('',*,*,#7475,.T.);
#7553=ORIENTED_EDGE('',*,*,#7540,.T.);
#7554=ORIENTED_EDGE('',*,*,#7419,.T.);
#7555=EDGE_LOOP('',(#7551,#7552,#7553,#7554));
#7556=FACE_BOUND('',#7555,.T.);
#7557=ADVANCED_FACE('',(#7556),#7550,.F.);
#7558=CARTESIAN_POINT('',(31.75,120.65,927.1));
#7559=DIRECTION('',(0.,-1.,0.));
#7560=DIRECTION('',(1.,0.,0.));
#7561=AXIS2_PLACEMENT_3D('',#7558,#7559,#7560);
#7562=PLANE('',#7561);
#7563=ORIENTED_EDGE('',*,*,#7370,.T.);
#7564=ORIENTED_EDGE('',*,*,#7433,.F.);
#7565=ORIENTED_EDGE('',*,*,#7533,.F.);
#7566=ORIENTED_EDGE('',*,*,#7459,.F.);
#7567=EDGE_LOOP('',(#7563,#7564,#7565,#7566));
#7568=FACE_BOUND('',#7567,.T.);
#7569=ADVANCED_FACE('',(#7568),#7562,.T.);
#7570=CARTESIAN_POINT('',(41.275,387.35,1768.475));
#7571=DIRECTION('',(-1.,0.,-0.));
#7572=DIRECTION('',(-0.,0.,1.));
#7573=AXIS2_PLACEMENT_3D('',#7570,#7571,#7572);
#7574=PLANE('',#7573);
#7575=CARTESIAN_POINT('',(41.275,381.,2609.85));
#7576=DIRECTION('',(0.,0.,-1.));
#7577=VECTOR('',#7576,1682.75);
#7578=LINE('',#7575,#7577);
#7579=EDGE_CURVE('',#7382,#7445,#7578,.T.);
#7580=ORIENTED_EDGE('',*,*,#7579,.T.);
#7581=ORIENTED_EDGE('',*,*,#7497,.F.);
#7582=CARTESIAN_POINT('',(41.275,387.35,2609.85));
#7583=DIRECTION('',(0.,0.,-1.));
#7584=VECTOR('',#7583,1682.75);
#7585=LINE('',#7582,#7584);
#7586=EDGE_CURVE('',#7390,#7486,#7585,.T.);
#7587=ORIENTED_EDGE('',*,*,#7586,.F.);
#7588=ORIENTED_EDGE('',*,*,#7395,.T.);
#7589=EDGE_LOOP('',(#7580,#7581,#7587,#7588));
#7590=FACE_BOUND('',#7589,.T.);
#7591=ADVANCED_FACE('',(#7590),#7574,.F.);
#7592=CARTESIAN_POINT('',(31.75,387.35,927.1));
#7593=DIRECTION('',(0.,-1.,0.));
#7594=DIRECTION('',(1.,0.,0.));
#7595=AXIS2_PLACEMENT_3D('',#7592,#7593,#7594);
#7596=PLANE('',#7595);
#7597=ORIENTED_EDGE('',*,*,#7511,.T.);
#7598=ORIENTED_EDGE('',*,*,#7403,.F.);
#7599=ORIENTED_EDGE('',*,*,#7586,.T.);
#7600=ORIENTED_EDGE('',*,*,#7491,.F.);
#7601=EDGE_LOOP('',(#7597,#7598,#7599,#7600));
#7602=FACE_BOUND('',#7601,.T.);
#7603=ADVANCED_FACE('',(#7602),#7596,.T.);
#7604=CARTESIAN_POINT('',(31.75,381.,927.1));
#7605=DIRECTION('',(0.,-1.,0.));
#7606=DIRECTION('',(1.,0.,0.));
#7607=AXIS2_PLACEMENT_3D('',#7604,#7605,#7606);
#7608=PLANE('',#7607);
#7609=ORIENTED_EDGE('',*,*,#7356,.F.);
#7610=ORIENTED_EDGE('',*,*,#7450,.T.);
#7611=ORIENTED_EDGE('',*,*,#7579,.F.);
#7612=ORIENTED_EDGE('',*,*,#7387,.T.);
#7613=EDGE_LOOP('',(#7609,#7610,#7611,#7612));
#7614=FACE_BOUND('',#7613,.T.);
#7615=ADVANCED_FACE('',(#7614),#7608,.F.);
#7616=CLOSED_SHELL('',(#7374,#7438,#7501,#7523,#7545,#7557,#7569,#7591,#7603,#7615));
#7617=MANIFOLD_SOLID_BREP('[Panel] Left',#7616);
#7334=STYLED_ITEM('',(#267),#7617);
#7619=CARTESIAN_POINT('',(762.,406.4,2605.0875));
#7620=DIRECTION('',(-1.,0.,0.));
#7621=DIRECTION('',(0.,0.,1.));
#7622=AXIS2_PLACEMENT_3D('',#7619,#7620,#7621);
#7623=PLANE('',#7622);
#7624=CARTESIAN_POINT('',(762.,381.,2609.85));
#7625=VERTEX_POINT('',#7624);
#7626=CARTESIAN_POINT('',(762.,120.65,2609.85));
#7627=VERTEX_POINT('',#7626);
#7628=CARTESIAN_POINT('',(762.,381.,2609.85));
#7629=DIRECTION('',(0.,-1.,0.));
#7630=VECTOR('',#7629,260.35);
#7631=LINE('',#7628,#7630);
#7632=EDGE_CURVE('',#7625,#7627,#7631,.T.);
#7633=ORIENTED_EDGE('',*,*,#7632,.F.);
#7634=CARTESIAN_POINT('',(762.,381.,927.1));
#7635=VERTEX_POINT('',#7634);
#7636=CARTESIAN_POINT('',(762.,381.,2609.85));
#7637=DIRECTION('',(0.,0.,-1.));
#7638=VECTOR('',#7637,1682.75);
#7639=LINE('',#7636,#7638);
#7640=EDGE_CURVE('',#7625,#7635,#7639,.T.);
#7641=ORIENTED_EDGE('',*,*,#7640,.T.);
#7642=CARTESIAN_POINT('',(762.,120.65,927.1));
#7643=VERTEX_POINT('',#7642);
#7644=CARTESIAN_POINT('',(762.,381.,927.1));
#7645=DIRECTION('',(0.,-1.,0.));
#7646=VECTOR('',#7645,260.35);
#7647=LINE('',#7644,#7646);
#7648=EDGE_CURVE('',#7635,#7643,#7647,.T.);
#7649=ORIENTED_EDGE('',*,*,#7648,.T.);
#7650=CARTESIAN_POINT('',(762.,120.65,2609.85));
#7651=DIRECTION('',(0.,0.,-1.));
#7652=VECTOR('',#7651,1682.75);
#7653=LINE('',#7650,#7652);
#7654=EDGE_CURVE('',#7627,#7643,#7653,.T.);
#7655=ORIENTED_EDGE('',*,*,#7654,.F.);
#7656=EDGE_LOOP('',(#7633,#7641,#7649,#7655));
#7657=FACE_BOUND('',#7656,.T.);
#7658=ADVANCED_FACE('',(#7657),#7623,.T.);
#7659=OVER_RIDING_STYLED_ITEM('',(#1269),#7658,#7618);
#7660=CARTESIAN_POINT('',(766.7625,406.4,927.1));
#7661=DIRECTION('',(0.,0.,1.));
#7662=DIRECTION('',(1.,0.,0.));
#7663=AXIS2_PLACEMENT_3D('',#7660,#7661,#7662);
#7664=PLANE('',#7663);
#7665=CARTESIAN_POINT('',(771.525,381.,927.1));
#7666=VERTEX_POINT('',#7665);
#7667=CARTESIAN_POINT('',(771.525,381.,927.1));
#7668=DIRECTION('',(-1.,0.,0.));
#7669=VECTOR('',#7668,9.525);
#7670=LINE('',#7667,#7669);
#7671=EDGE_CURVE('',#7666,#7635,#7670,.T.);
#7672=ORIENTED_EDGE('',*,*,#7671,.F.);
#7673=CARTESIAN_POINT('',(771.525,387.35,927.1));
#7674=VERTEX_POINT('',#7673);
#7675=CARTESIAN_POINT('',(771.525,387.35,927.1));
#7676=DIRECTION('',(0.,-1.,0.));
#7677=VECTOR('',#7676,6.35);
#7678=LINE('',#7675,#7677);
#7679=EDGE_CURVE('',#7674,#7666,#7678,.T.);
#7680=ORIENTED_EDGE('',*,*,#7679,.F.);
#7681=CARTESIAN_POINT('',(762.,387.35,927.1));
#7682=VERTEX_POINT('',#7681);
#7683=CARTESIAN_POINT('',(771.525,387.35,927.1));
#7684=DIRECTION('',(-1.,0.,0.));
#7685=VECTOR('',#7684,9.525);
#7686=LINE('',#7683,#7685);
#7687=EDGE_CURVE('',#7674,#7682,#7686,.T.);
#7688=ORIENTED_EDGE('',*,*,#7687,.T.);
#7689=CARTESIAN_POINT('',(762.,406.4,927.1));
#7690=VERTEX_POINT('',#7689);
#7691=CARTESIAN_POINT('',(762.,406.4,927.1));
#7692=DIRECTION('',(0.,-1.,0.));
#7693=VECTOR('',#7692,19.05);
#7694=LINE('',#7691,#7693);
#7695=EDGE_CURVE('',#7690,#7682,#7694,.T.);
#7696=ORIENTED_EDGE('',*,*,#7695,.F.);
#7697=CARTESIAN_POINT('',(781.05,406.4,927.1));
#7698=VERTEX_POINT('',#7697);
#7699=CARTESIAN_POINT('',(781.05,406.4,927.1));
#7700=DIRECTION('',(-1.,0.,0.));
#7701=VECTOR('',#7700,19.05);
#7702=LINE('',#7699,#7701);
#7703=EDGE_CURVE('',#7698,#7690,#7702,.T.);
#7704=ORIENTED_EDGE('',*,*,#7703,.F.);
#7705=CARTESIAN_POINT('',(781.05,120.65,927.1));
#7706=VERTEX_POINT('',#7705);
#7707=CARTESIAN_POINT('',(781.05,406.4,927.1));
#7708=DIRECTION('',(0.,-1.,0.));
#7709=VECTOR('',#7708,285.75);
#7710=LINE('',#7707,#7709);
#7711=EDGE_CURVE('',#7698,#7706,#7710,.T.);
#7712=ORIENTED_EDGE('',*,*,#7711,.T.);
#7713=CARTESIAN_POINT('',(781.05,120.65,927.1));
#7714=DIRECTION('',(-1.,0.,0.));
#7715=VECTOR('',#7714,19.05);
#7716=LINE('',#7713,#7715);
#7717=EDGE_CURVE('',#7706,#7643,#7716,.T.);
#7718=ORIENTED_EDGE('',*,*,#7717,.T.);
#7719=ORIENTED_EDGE('',*,*,#7648,.F.);
#7720=EDGE_LOOP('',(#7672,#7680,#7688,#7696,#7704,#7712,#7718,#7719));
#7721=FACE_BOUND('',#7720,.T.);
#7722=ADVANCED_FACE('',(#7721),#7664,.F.);
#7723=CARTESIAN_POINT('',(766.7625,406.4,2609.85));
#7724=DIRECTION('',(0.,0.,-1.));
#7725=DIRECTION('',(-1.,0.,0.));
#7726=AXIS2_PLACEMENT_3D('',#7723,#7724,#7725);
#7727=PLANE('',#7726);
#7728=CARTESIAN_POINT('',(771.525,381.,2609.85));
#7729=VERTEX_POINT('',#7728);
#7730=CARTESIAN_POINT('',(762.,381.,2609.85));
#7731=DIRECTION('',(1.,0.,-0.));
#7732=VECTOR('',#7731,9.525);
#7733=LINE('',#7730,#7732);
#7734=EDGE_CURVE('',#7625,#7729,#7733,.T.);
#7735=ORIENTED_EDGE('',*,*,#7734,.F.);
#7736=ORIENTED_EDGE('',*,*,#7632,.T.);
#7737=CARTESIAN_POINT('',(781.05,120.65,2609.85));
#7738=VERTEX_POINT('',#7737);
#7739=CARTESIAN_POINT('',(762.,120.65,2609.85));
#7740=DIRECTION('',(1.,0.,-0.));
#7741=VECTOR('',#7740,19.05);
#7742=LINE('',#7739,#7741);
#7743=EDGE_CURVE('',#7627,#7738,#7742,.T.);
#7744=ORIENTED_EDGE('',*,*,#7743,.T.);
#7745=CARTESIAN_POINT('',(781.05,406.4,2609.85));
#7746=VERTEX_POINT('',#7745);
#7747=CARTESIAN_POINT('',(781.05,406.4,2609.85));
#7748=DIRECTION('',(0.,-1.,0.));
#7749=VECTOR('',#7748,285.75);
#7750=LINE('',#7747,#7749);
#7751=EDGE_CURVE('',#7746,#7738,#7750,.T.);
#7752=ORIENTED_EDGE('',*,*,#7751,.F.);
#7753=CARTESIAN_POINT('',(762.,406.4,2609.85));
#7754=VERTEX_POINT('',#7753);
#7755=CARTESIAN_POINT('',(762.,406.4,2609.85));
#7756=DIRECTION('',(1.,0.,-0.));
#7757=VECTOR('',#7756,19.05);
#7758=LINE('',#7755,#7757);
#7759=EDGE_CURVE('',#7754,#7746,#7758,.T.);
#7760=ORIENTED_EDGE('',*,*,#7759,.F.);
#7761=CARTESIAN_POINT('',(762.,387.35,2609.85));
#7762=VERTEX_POINT('',#7761);
#7763=CARTESIAN_POINT('',(762.,406.4,2609.85));
#7764=DIRECTION('',(0.,-1.,0.));
#7765=VECTOR('',#7764,19.05);
#7766=LINE('',#7763,#7765);
#7767=EDGE_CURVE('',#7754,#7762,#7766,.T.);
#7768=ORIENTED_EDGE('',*,*,#7767,.T.);
#7769=CARTESIAN_POINT('',(771.525,387.35,2609.85));
#7770=VERTEX_POINT('',#7769);
#7771=CARTESIAN_POINT('',(762.,387.35,2609.85));
#7772=DIRECTION('',(1.,0.,-0.));
#7773=VECTOR('',#7772,9.525);
#7774=LINE('',#7771,#7773);
#7775=EDGE_CURVE('',#7762,#7770,#7774,.T.);
#7776=ORIENTED_EDGE('',*,*,#7775,.T.);
#7777=CARTESIAN_POINT('',(771.525,387.35,2609.85));
#7778=DIRECTION('',(0.,-1.,0.));
#7779=VECTOR('',#7778,6.35);
#7780=LINE('',#7777,#7779);
#7781=EDGE_CURVE('',#7770,#7729,#7780,.T.);
#7782=ORIENTED_EDGE('',*,*,#7781,.T.);
#7783=EDGE_LOOP('',(#7735,#7736,#7744,#7752,#7760,#7768,#7776,#7782));
#7784=FACE_BOUND('',#7783,.T.);
#7785=ADVANCED_FACE('',(#7784),#7727,.F.);
#7786=CARTESIAN_POINT('',(781.05,406.4,1768.475));
#7787=DIRECTION('',(1.,0.,0.));
#7788=DIRECTION('',(0.,0.,-1.));
#7789=AXIS2_PLACEMENT_3D('',#7786,#7787,#7788);
#7790=PLANE('',#7789);
#7791=CARTESIAN_POINT('',(781.05,120.65,927.1));
#7792=DIRECTION('',(-0.,0.,1.));
#7793=VECTOR('',#7792,1682.75);
#7794=LINE('',#7791,#7793);
#7795=EDGE_CURVE('',#7706,#7738,#7794,.T.);
#7796=ORIENTED_EDGE('',*,*,#7795,.F.);
#7797=ORIENTED_EDGE('',*,*,#7711,.F.);
#7798=CARTESIAN_POINT('',(781.05,406.4,927.1));
#7799=DIRECTION('',(-0.,0.,1.));
#7800=VECTOR('',#7799,1682.75);
#7801=LINE('',#7798,#7800);
#7802=EDGE_CURVE('',#7698,#7746,#7801,.T.);
#7803=ORIENTED_EDGE('',*,*,#7802,.T.);
#7804=ORIENTED_EDGE('',*,*,#7751,.T.);
#7805=EDGE_LOOP('',(#7796,#7797,#7803,#7804));
#7806=FACE_BOUND('',#7805,.T.);
#7807=ADVANCED_FACE('',(#7806),#7790,.T.);
#7808=CARTESIAN_POINT('',(762.,406.4,2605.0875));
#7809=DIRECTION('',(-1.,0.,0.));
#7810=DIRECTION('',(0.,0.,1.));
#7811=AXIS2_PLACEMENT_3D('',#7808,#7809,#7810);
#7812=PLANE('',#7811);
#7813=CARTESIAN_POINT('',(762.,387.35,2609.85));
#7814=DIRECTION('',(0.,0.,-1.));
#7815=VECTOR('',#7814,1682.75);
#7816=LINE('',#7813,#7815);
#7817=EDGE_CURVE('',#7762,#7682,#7816,.T.);
#7818=ORIENTED_EDGE('',*,*,#7817,.F.);
#7819=ORIENTED_EDGE('',*,*,#7767,.F.);
#7820=CARTESIAN_POINT('',(762.,406.4,2609.85));
#7821=DIRECTION('',(0.,0.,-1.));
#7822=VECTOR('',#7821,1682.75);
#7823=LINE('',#7820,#7822);
#7824=EDGE_CURVE('',#7754,#7690,#7823,.T.);
#7825=ORIENTED_EDGE('',*,*,#7824,.T.);
#7826=ORIENTED_EDGE('',*,*,#7695,.T.);
#7827=EDGE_LOOP('',(#7818,#7819,#7825,#7826));
#7828=FACE_BOUND('',#7827,.T.);
#7829=ADVANCED_FACE('',(#7828),#7812,.T.);
#7830=CARTESIAN_POINT('',(31.75,406.4,927.1));
#7831=DIRECTION('',(0.,-1.,0.));
#7832=DIRECTION('',(1.,0.,0.));
#7833=AXIS2_PLACEMENT_3D('',#7830,#7831,#7832);
#7834=PLANE('',#7833);
#7835=ORIENTED_EDGE('',*,*,#7703,.T.);
#7836=ORIENTED_EDGE('',*,*,#7824,.F.);
#7837=ORIENTED_EDGE('',*,*,#7759,.T.);
#7838=ORIENTED_EDGE('',*,*,#7802,.F.);
#7839=EDGE_LOOP('',(#7835,#7836,#7837,#7838));
#7840=FACE_BOUND('',#7839,.T.);
#7841=ADVANCED_FACE('',(#7840),#7834,.F.);
#7842=CARTESIAN_POINT('',(31.75,120.65,927.1));
#7843=DIRECTION('',(0.,-1.,0.));
#7844=DIRECTION('',(1.,0.,0.));
#7845=AXIS2_PLACEMENT_3D('',#7842,#7843,#7844);
#7846=PLANE('',#7845);
#7847=ORIENTED_EDGE('',*,*,#7717,.F.);
#7848=ORIENTED_EDGE('',*,*,#7795,.T.);
#7849=ORIENTED_EDGE('',*,*,#7743,.F.);
#7850=ORIENTED_EDGE('',*,*,#7654,.T.);
#7851=EDGE_LOOP('',(#7847,#7848,#7849,#7850));
#7852=FACE_BOUND('',#7851,.T.);
#7853=ADVANCED_FACE('',(#7852),#7846,.T.);
#7854=CARTESIAN_POINT('',(771.525,387.35,1768.475));
#7855=DIRECTION('',(-1.,0.,-0.));
#7856=DIRECTION('',(-0.,0.,1.));
#7857=AXIS2_PLACEMENT_3D('',#7854,#7855,#7856);
#7858=PLANE('',#7857);
#7859=CARTESIAN_POINT('',(771.525,381.,2609.85));
#7860=DIRECTION('',(0.,0.,-1.));
#7861=VECTOR('',#7860,1682.75);
#7862=LINE('',#7859,#7861);
#7863=EDGE_CURVE('',#7729,#7666,#7862,.T.);
#7864=ORIENTED_EDGE('',*,*,#7863,.F.);
#7865=ORIENTED_EDGE('',*,*,#7781,.F.);
#7866=CARTESIAN_POINT('',(771.525,387.35,2609.85));
#7867=DIRECTION('',(0.,0.,-1.));
#7868=VECTOR('',#7867,1682.75);
#7869=LINE('',#7866,#7868);
#7870=EDGE_CURVE('',#7770,#7674,#7869,.T.);
#7871=ORIENTED_EDGE('',*,*,#7870,.T.);
#7872=ORIENTED_EDGE('',*,*,#7679,.T.);
#7873=EDGE_LOOP('',(#7864,#7865,#7871,#7872));
#7874=FACE_BOUND('',#7873,.T.);
#7875=ADVANCED_FACE('',(#7874),#7858,.T.);
#7876=CARTESIAN_POINT('',(31.75,387.35,927.1));
#7877=DIRECTION('',(0.,-1.,0.));
#7878=DIRECTION('',(1.,0.,0.));
#7879=AXIS2_PLACEMENT_3D('',#7876,#7877,#7878);
#7880=PLANE('',#7879);
#7881=ORIENTED_EDGE('',*,*,#7870,.F.);
#7882=ORIENTED_EDGE('',*,*,#7775,.F.);
#7883=ORIENTED_EDGE('',*,*,#7817,.T.);
#7884=ORIENTED_EDGE('',*,*,#7687,.F.);
#7885=EDGE_LOOP('',(#7881,#7882,#7883,#7884));
#7886=FACE_BOUND('',#7885,.T.);
#7887=ADVANCED_FACE('',(#7886),#7880,.T.);
#7888=CARTESIAN_POINT('',(31.75,381.,927.1));
#7889=DIRECTION('',(0.,-1.,0.));
#7890=DIRECTION('',(1.,0.,0.));
#7891=AXIS2_PLACEMENT_3D('',#7888,#7889,#7890);
#7892=PLANE('',#7891);
#7893=ORIENTED_EDGE('',*,*,#7863,.T.);
#7894=ORIENTED_EDGE('',*,*,#7671,.T.);
#7895=ORIENTED_EDGE('',*,*,#7640,.F.);
#7896=ORIENTED_EDGE('',*,*,#7734,.T.);
#7897=EDGE_LOOP('',(#7893,#7894,#7895,#7896));
#7898=FACE_BOUND('',#7897,.T.);
#7899=ADVANCED_FACE('',(#7898),#7892,.F.);
#7900=CLOSED_SHELL('',(#7658,#7722,#7785,#7807,#7829,#7841,#7853,#7875,#7887,#7899));
#7901=MANIFOLD_SOLID_BREP('[Panel] Right',#7900);
#7618=STYLED_ITEM('',(#267),#7901);
#7903=CARTESIAN_POINT('',(771.525,384.175,917.575));
#7904=DIRECTION('',(-1.,-0.,0.));
#7905=DIRECTION('',(0.,-1.,0.));
#7906=AXIS2_PLACEMENT_3D('',#7903,#7904,#7905);
#7907=PLANE('',#7906);
#7908=CARTESIAN_POINT('',(771.525,387.35,2600.325));
#7909=VERTEX_POINT('',#7908);
#7910=CARTESIAN_POINT('',(771.525,381.,2600.325));
#7911=VERTEX_POINT('',#7910);
#7912=CARTESIAN_POINT('',(771.525,387.35,2600.325));
#7913=DIRECTION('',(0.,-1.,0.));
#7914=VECTOR('',#7913,6.35);
#7915=LINE('',#7912,#7914);
#7916=EDGE_CURVE('',#7909,#7911,#7915,.T.);
#7917=ORIENTED_EDGE('',*,*,#7916,.T.);
#7918=CARTESIAN_POINT('',(771.525,381.,917.575));
#7919=VERTEX_POINT('',#7918);
#7920=CARTESIAN_POINT('',(771.525,381.,917.575));
#7921=DIRECTION('',(0.,0.,1.));
#7922=VECTOR('',#7921,1682.75);
#7923=LINE('',#7920,#7922);
#7924=EDGE_CURVE('',#7919,#7911,#7923,.T.);
#7925=ORIENTED_EDGE('',*,*,#7924,.F.);
#7926=CARTESIAN_POINT('',(771.525,387.35,917.575));
#7927=VERTEX_POINT('',#7926);
#7928=CARTESIAN_POINT('',(771.525,387.35,917.575));
#7929=DIRECTION('',(0.,-1.,0.));
#7930=VECTOR('',#7929,6.35);
#7931=LINE('',#7928,#7930);
#7932=EDGE_CURVE('',#7927,#7919,#7931,.T.);
#7933=ORIENTED_EDGE('',*,*,#7932,.F.);
#7934=CARTESIAN_POINT('',(771.525,387.35,917.575));
#7935=DIRECTION('',(0.,0.,1.));
#7936=VECTOR('',#7935,1682.75);
#7937=LINE('',#7934,#7936);
#7938=EDGE_CURVE('',#7927,#7909,#7937,.T.);
#7939=ORIENTED_EDGE('',*,*,#7938,.T.);
#7940=EDGE_LOOP('',(#7917,#7925,#7933,#7939));
#7941=FACE_BOUND('',#7940,.T.);
#7942=ADVANCED_FACE('',(#7941),#7907,.F.);
#7943=CARTESIAN_POINT('',(406.4,387.35,917.575));
#7944=DIRECTION('',(0.,-1.,0.));
#7945=DIRECTION('',(0.,0.,-1.));
#7946=AXIS2_PLACEMENT_3D('',#7943,#7944,#7945);
#7947=PLANE('',#7946);
#7948=CARTESIAN_POINT('',(41.275,387.35,2600.325));
#7949=VERTEX_POINT('',#7948);
#7950=CARTESIAN_POINT('',(41.275,387.35,2600.325));
#7951=DIRECTION('',(1.,0.,-0.));
#7952=VECTOR('',#7951,730.25);
#7953=LINE('',#7950,#7952);
#7954=EDGE_CURVE('',#7949,#7909,#7953,.T.);
#7955=ORIENTED_EDGE('',*,*,#7954,.T.);
#7956=ORIENTED_EDGE('',*,*,#7938,.F.);
#7957=CARTESIAN_POINT('',(41.275,387.35,917.575));
#7958=VERTEX_POINT('',#7957);
#7959=CARTESIAN_POINT('',(41.275,387.35,917.575));
#7960=DIRECTION('',(1.,0.,-0.));
#7961=VECTOR('',#7960,730.25);
#7962=LINE('',#7959,#7961);
#7963=EDGE_CURVE('',#7958,#7927,#7962,.T.);
#7964=ORIENTED_EDGE('',*,*,#7963,.F.);
#7965=CARTESIAN_POINT('',(41.275,387.35,917.575));
#7966=DIRECTION('',(0.,0.,1.));
#7967=VECTOR('',#7966,1682.75);
#7968=LINE('',#7965,#7967);
#7969=EDGE_CURVE('',#7958,#7949,#7968,.T.);
#7970=ORIENTED_EDGE('',*,*,#7969,.T.);
#7971=EDGE_LOOP('',(#7955,#7956,#7964,#7970));
#7972=FACE_BOUND('',#7971,.T.);
#7973=ADVANCED_FACE('',(#7972),#7947,.F.);
#7974=CARTESIAN_POINT('',(41.275,384.175,917.575));
#7975=DIRECTION('',(1.,0.,0.));
#7976=DIRECTION('',(0.,0.,-1.));
#7977=AXIS2_PLACEMENT_3D('',#7974,#7975,#7976);
#7978=PLANE('',#7977);
#7979=CARTESIAN_POINT('',(41.275,381.,2600.325));
#7980=VERTEX_POINT('',#7979);
#7981=CARTESIAN_POINT('',(41.275,381.,2600.325));
#7982=DIRECTION('',(0.,1.,0.));
#7983=VECTOR('',#7982,6.35);
#7984=LINE('',#7981,#7983);
#7985=EDGE_CURVE('',#7980,#7949,#7984,.T.);
#7986=ORIENTED_EDGE('',*,*,#7985,.T.);
#7987=ORIENTED_EDGE('',*,*,#7969,.F.);
#7988=CARTESIAN_POINT('',(41.275,381.,917.575));
#7989=VERTEX_POINT('',#7988);
#7990=CARTESIAN_POINT('',(41.275,381.,917.575));
#7991=DIRECTION('',(0.,1.,0.));
#7992=VECTOR('',#7991,6.35);
#7993=LINE('',#7990,#7992);
#7994=EDGE_CURVE('',#7989,#7958,#7993,.T.);
#7995=ORIENTED_EDGE('',*,*,#7994,.F.);
#7996=CARTESIAN_POINT('',(41.275,381.,917.575));
#7997=DIRECTION('',(0.,0.,1.));
#7998=VECTOR('',#7997,1682.75);
#7999=LINE('',#7996,#7998);
#8000=EDGE_CURVE('',#7989,#7980,#7999,.T.);
#8001=ORIENTED_EDGE('',*,*,#8000,.T.);
#8002=EDGE_LOOP('',(#7986,#7987,#7995,#8001));
#8003=FACE_BOUND('',#8002,.T.);
#8004=ADVANCED_FACE('',(#8003),#7978,.F.);
#8005=CARTESIAN_POINT('',(406.4,381.,917.575));
#8006=DIRECTION('',(-0.,1.,0.));
#8007=DIRECTION('',(-1.,-0.,0.));
#8008=AXIS2_PLACEMENT_3D('',#8005,#8006,#8007);
#8009=PLANE('',#8008);
#8010=CARTESIAN_POINT('',(771.525,381.,2600.325));
#8011=DIRECTION('',(-1.,-0.,0.));
#8012=VECTOR('',#8011,730.25);
#8013=LINE('',#8010,#8012);
#8014=EDGE_CURVE('',#7911,#7980,#8013,.T.);
#8015=ORIENTED_EDGE('',*,*,#8014,.T.);
#8016=ORIENTED_EDGE('',*,*,#8000,.F.);
#8017=CARTESIAN_POINT('',(771.525,381.,917.575));
#8018=DIRECTION('',(-1.,-0.,0.));
#8019=VECTOR('',#8018,730.25);
#8020=LINE('',#8017,#8019);
#8021=EDGE_CURVE('',#7919,#7989,#8020,.T.);
#8022=ORIENTED_EDGE('',*,*,#8021,.F.);
#8023=ORIENTED_EDGE('',*,*,#7924,.T.);
#8024=EDGE_LOOP('',(#8015,#8016,#8022,#8023));
#8025=FACE_BOUND('',#8024,.T.);
#8026=ADVANCED_FACE('',(#8025),#8009,.F.);
#8027=OVER_RIDING_STYLED_ITEM('',(#1269),#8026,#7902);
#8028=CARTESIAN_POINT('',(31.75,120.65,917.575));
#8029=DIRECTION('',(0.,0.,1.));
#8030=DIRECTION('',(1.,0.,0.));
#8031=AXIS2_PLACEMENT_3D('',#8028,#8029,#8030);
#8032=PLANE('',#8031);
#8033=ORIENTED_EDGE('',*,*,#7932,.T.);
#8034=ORIENTED_EDGE('',*,*,#8021,.T.);
#8035=ORIENTED_EDGE('',*,*,#7994,.T.);
#8036=ORIENTED_EDGE('',*,*,#7963,.T.);
#8037=EDGE_LOOP('',(#8033,#8034,#8035,#8036));
#8038=FACE_BOUND('',#8037,.T.);
#8039=ADVANCED_FACE('',(#8038),#8032,.F.);
#8040=CARTESIAN_POINT('',(31.75,120.65,2600.325));
#8041=DIRECTION('',(0.,0.,1.));
#8042=DIRECTION('',(1.,0.,0.));
#8043=AXIS2_PLACEMENT_3D('',#8040,#8041,#8042);
#8044=PLANE('',#8043);
#8045=ORIENTED_EDGE('',*,*,#7916,.F.);
#8046=ORIENTED_EDGE('',*,*,#7954,.F.);
#8047=ORIENTED_EDGE('',*,*,#7985,.F.);
#8048=ORIENTED_EDGE('',*,*,#8014,.F.);
#8049=EDGE_LOOP('',(#8045,#8046,#8047,#8048));
#8050=FACE_BOUND('',#8049,.T.);
#8051=ADVANCED_FACE('',(#8050),#8044,.T.);
#8052=CLOSED_SHELL('',(#7942,#7973,#8004,#8026,#8039,#8051));
#8053=MANIFOLD_SOLID_BREP('[Panel] Back',#8052);
#7902=STYLED_ITEM('',(#267),#8053);
#8055=CARTESIAN_POINT('',(406.4,406.4,2489.2));
#8056=DIRECTION('',(-0.,0.,1.));
#8057=DIRECTION('',(1.,0.,0.));
#8058=AXIS2_PLACEMENT_3D('',#8055,#8056,#8057);
#8059=PLANE('',#8058);
#8060=CARTESIAN_POINT('',(762.,387.35,2489.2));
#8061=VERTEX_POINT('',#8060);
#8062=CARTESIAN_POINT('',(50.8,387.35,2489.2));
#8063=VERTEX_POINT('',#8062);
#8064=CARTESIAN_POINT('',(762.,387.35,2489.2));
#8065=DIRECTION('',(-1.,0.,-0.));
#8066=VECTOR('',#8065,711.2);
#8067=LINE('',#8064,#8066);
#8068=EDGE_CURVE('',#8061,#8063,#8067,.T.);
#8069=ORIENTED_EDGE('',*,*,#8068,.T.);
#8070=CARTESIAN_POINT('',(50.8,406.4,2489.2));
#8071=VERTEX_POINT('',#8070);
#8072=CARTESIAN_POINT('',(50.8,406.4,2489.2));
#8073=DIRECTION('',(0.,-1.,0.));
#8074=VECTOR('',#8073,19.05);
#8075=LINE('',#8072,#8074);
#8076=EDGE_CURVE('',#8071,#8063,#8075,.T.);
#8077=ORIENTED_EDGE('',*,*,#8076,.F.);
#8078=CARTESIAN_POINT('',(762.,406.4,2489.2));
#8079=VERTEX_POINT('',#8078);
#8080=CARTESIAN_POINT('',(762.,406.4,2489.2));
#8081=DIRECTION('',(-1.,0.,-0.));
#8082=VECTOR('',#8081,711.2);
#8083=LINE('',#8080,#8082);
#8084=EDGE_CURVE('',#8079,#8071,#8083,.T.);
#8085=ORIENTED_EDGE('',*,*,#8084,.F.);
#8086=CARTESIAN_POINT('',(762.,406.4,2489.2));
#8087=DIRECTION('',(0.,-1.,0.));
#8088=VECTOR('',#8087,19.05);
#8089=LINE('',#8086,#8088);
#8090=EDGE_CURVE('',#8079,#8061,#8089,.T.);
#8091=ORIENTED_EDGE('',*,*,#8090,.T.);
#8092=EDGE_LOOP('',(#8069,#8077,#8085,#8091));
#8093=FACE_BOUND('',#8092,.T.);
#8094=ADVANCED_FACE('',(#8093),#8059,.F.);
#8095=CARTESIAN_POINT('',(762.,406.4,2540.));
#8096=DIRECTION('',(-1.,0.,0.));
#8097=DIRECTION('',(0.,0.,1.));
#8098=AXIS2_PLACEMENT_3D('',#8095,#8096,#8097);
#8099=PLANE('',#8098);
#8100=CARTESIAN_POINT('',(762.,387.35,2590.8));
#8101=VERTEX_POINT('',#8100);
#8102=CARTESIAN_POINT('',(762.,387.35,2590.8));
#8103=DIRECTION('',(0.,0.,-1.));
#8104=VECTOR('',#8103,101.6);
#8105=LINE('',#8102,#8104);
#8106=EDGE_CURVE('',#8101,#8061,#8105,.T.);
#8107=ORIENTED_EDGE('',*,*,#8106,.T.);
#8108=ORIENTED_EDGE('',*,*,#8090,.F.);
#8109=CARTESIAN_POINT('',(762.,406.4,2590.8));
#8110=VERTEX_POINT('',#8109);
#8111=CARTESIAN_POINT('',(762.,406.4,2590.8));
#8112=DIRECTION('',(0.,0.,-1.));
#8113=VECTOR('',#8112,101.6);
#8114=LINE('',#8111,#8113);
#8115=EDGE_CURVE('',#8110,#8079,#8114,.T.);
#8116=ORIENTED_EDGE('',*,*,#8115,.F.);
#8117=CARTESIAN_POINT('',(762.,406.4,2590.8));
#8118=DIRECTION('',(0.,-1.,0.));
#8119=VECTOR('',#8118,19.05);
#8120=LINE('',#8117,#8119);
#8121=EDGE_CURVE('',#8110,#8101,#8120,.T.);
#8122=ORIENTED_EDGE('',*,*,#8121,.T.);
#8123=EDGE_LOOP('',(#8107,#8108,#8116,#8122));
#8124=FACE_BOUND('',#8123,.T.);
#8125=ADVANCED_FACE('',(#8124),#8099,.F.);
#8126=CARTESIAN_POINT('',(406.4,406.4,2590.8));
#8127=DIRECTION('',(0.,0.,-1.));
#8128=DIRECTION('',(-1.,0.,-0.));
#8129=AXIS2_PLACEMENT_3D('',#8126,#8127,#8128);
#8130=PLANE('',#8129);
#8131=CARTESIAN_POINT('',(50.8,387.35,2590.8));
#8132=VERTEX_POINT('',#8131);
#8133=CARTESIAN_POINT('',(50.8,387.35,2590.8));
#8134=DIRECTION('',(1.,0.,0.));
#8135=VECTOR('',#8134,711.2);
#8136=LINE('',#8133,#8135);
#8137=EDGE_CURVE('',#8132,#8101,#8136,.T.);
#8138=ORIENTED_EDGE('',*,*,#8137,.T.);
#8139=ORIENTED_EDGE('',*,*,#8121,.F.);
#8140=CARTESIAN_POINT('',(50.8,406.4,2590.8));
#8141=VERTEX_POINT('',#8140);
#8142=CARTESIAN_POINT('',(50.8,406.4,2590.8));
#8143=DIRECTION('',(1.,0.,0.));
#8144=VECTOR('',#8143,711.2);
#8145=LINE('',#8142,#8144);
#8146=EDGE_CURVE('',#8141,#8110,#8145,.T.);
#8147=ORIENTED_EDGE('',*,*,#8146,.F.);
#8148=CARTESIAN_POINT('',(50.8,406.4,2590.8));
#8149=DIRECTION('',(0.,-1.,0.));
#8150=VECTOR('',#8149,19.05);
#8151=LINE('',#8148,#8150);
#8152=EDGE_CURVE('',#8141,#8132,#8151,.T.);
#8153=ORIENTED_EDGE('',*,*,#8152,.T.);
#8154=EDGE_LOOP('',(#8138,#8139,#8147,#8153));
#8155=FACE_BOUND('',#8154,.T.);
#8156=ADVANCED_FACE('',(#8155),#8130,.F.);
#8157=CARTESIAN_POINT('',(50.8,406.4,2540.));
#8158=DIRECTION('',(1.,0.,0.));
#8159=DIRECTION('',(0.,0.,-1.));
#8160=AXIS2_PLACEMENT_3D('',#8157,#8158,#8159);
#8161=PLANE('',#8160);
#8162=CARTESIAN_POINT('',(50.8,387.35,2489.2));
#8163=DIRECTION('',(-0.,0.,1.));
#8164=VECTOR('',#8163,101.6);
#8165=LINE('',#8162,#8164);
#8166=EDGE_CURVE('',#8063,#8132,#8165,.T.);
#8167=ORIENTED_EDGE('',*,*,#8166,.T.);
#8168=ORIENTED_EDGE('',*,*,#8152,.F.);
#8169=CARTESIAN_POINT('',(50.8,406.4,2489.2));
#8170=DIRECTION('',(-0.,0.,1.));
#8171=VECTOR('',#8170,101.6);
#8172=LINE('',#8169,#8171);
#8173=EDGE_CURVE('',#8071,#8141,#8172,.T.);
#8174=ORIENTED_EDGE('',*,*,#8173,.F.);
#8175=ORIENTED_EDGE('',*,*,#8076,.T.);
#8176=EDGE_LOOP('',(#8167,#8168,#8174,#8175));
#8177=FACE_BOUND('',#8176,.T.);
#8178=ADVANCED_FACE('',(#8177),#8161,.F.);
#8179=CARTESIAN_POINT('',(31.75,406.4,927.1));
#8180=DIRECTION('',(0.,-1.,0.));
#8181=DIRECTION('',(1.,0.,0.));
#8182=AXIS2_PLACEMENT_3D('',#8179,#8180,#8181);
#8183=PLANE('',#8182);
#8184=ORIENTED_EDGE('',*,*,#8084,.T.);
#8185=ORIENTED_EDGE('',*,*,#8173,.T.);
#8186=ORIENTED_EDGE('',*,*,#8146,.T.);
#8187=ORIENTED_EDGE('',*,*,#8115,.T.);
#8188=EDGE_LOOP('',(#8184,#8185,#8186,#8187));
#8189=FACE_BOUND('',#8188,.T.);
#8190=ADVANCED_FACE('',(#8189),#8183,.F.);
#8191=CARTESIAN_POINT('',(31.75,387.35,927.1));
#8192=DIRECTION('',(0.,-1.,0.));
#8193=DIRECTION('',(1.,0.,0.));
#8194=AXIS2_PLACEMENT_3D('',#8191,#8192,#8193);
#8195=PLANE('',#8194);
#8196=ORIENTED_EDGE('',*,*,#8068,.F.);
#8197=ORIENTED_EDGE('',*,*,#8106,.F.);
#8198=ORIENTED_EDGE('',*,*,#8137,.F.);
#8199=ORIENTED_EDGE('',*,*,#8166,.F.);
#8200=EDGE_LOOP('',(#8196,#8197,#8198,#8199));
#8201=FACE_BOUND('',#8200,.T.);
#8202=ADVANCED_FACE('',(#8201),#8195,.T.);
#8203=CLOSED_SHELL('',(#8094,#8125,#8156,#8178,#8190,#8202));
#8204=MANIFOLD_SOLID_BREP('[Nailer] Top',#8203);
#8054=STYLED_ITEM('',(#267),#8204);
#8206=CARTESIAN_POINT('',(762.,406.4,996.95));
#8207=DIRECTION('',(-1.,0.,-0.));
#8208=DIRECTION('',(-0.,0.,1.));
#8209=AXIS2_PLACEMENT_3D('',#8206,#8207,#8208);
#8210=PLANE('',#8209);
#8211=CARTESIAN_POINT('',(762.,387.35,1047.75));
#8212=VERTEX_POINT('',#8211);
#8213=CARTESIAN_POINT('',(762.,387.35,946.15));
#8214=VERTEX_POINT('',#8213);
#8215=CARTESIAN_POINT('',(762.,387.35,1047.75));
#8216=DIRECTION('',(0.,0.,-1.));
#8217=VECTOR('',#8216,101.6);
#8218=LINE('',#8215,#8217);
#8219=EDGE_CURVE('',#8212,#8214,#8218,.T.);
#8220=ORIENTED_EDGE('',*,*,#8219,.T.);
#8221=CARTESIAN_POINT('',(762.,406.4,946.15));
#8222=VERTEX_POINT('',#8221);
#8223=CARTESIAN_POINT('',(762.,406.4,946.15));
#8224=DIRECTION('',(0.,-1.,0.));
#8225=VECTOR('',#8224,19.05);
#8226=LINE('',#8223,#8225);
#8227=EDGE_CURVE('',#8222,#8214,#8226,.T.);
#8228=ORIENTED_EDGE('',*,*,#8227,.F.);
#8229=CARTESIAN_POINT('',(762.,406.4,1047.75));
#8230=VERTEX_POINT('',#8229);
#8231=CARTESIAN_POINT('',(762.,406.4,1047.75));
#8232=DIRECTION('',(0.,0.,-1.));
#8233=VECTOR('',#8232,101.6);
#8234=LINE('',#8231,#8233);
#8235=EDGE_CURVE('',#8230,#8222,#8234,.T.);
#8236=ORIENTED_EDGE('',*,*,#8235,.F.);
#8237=CARTESIAN_POINT('',(762.,406.4,1047.75));
#8238=DIRECTION('',(0.,-1.,0.));
#8239=VECTOR('',#8238,19.05);
#8240=LINE('',#8237,#8239);
#8241=EDGE_CURVE('',#8230,#8212,#8240,.T.);
#8242=ORIENTED_EDGE('',*,*,#8241,.T.);
#8243=EDGE_LOOP('',(#8220,#8228,#8236,#8242));
#8244=FACE_BOUND('',#8243,.T.);
#8245=ADVANCED_FACE('',(#8244),#8210,.F.);
#8246=CARTESIAN_POINT('',(406.4,406.4,1047.75));
#8247=DIRECTION('',(-0.,0.,1.));
#8248=DIRECTION('',(1.,0.,0.));
#8249=AXIS2_PLACEMENT_3D('',#8246,#8247,#8248);
#8250=PLANE('',#8249);
#8251=CARTESIAN_POINT('',(50.8,387.35,1047.75));
#8252=VERTEX_POINT('',#8251);
#8253=CARTESIAN_POINT('',(762.,387.35,1047.75));
#8254=DIRECTION('',(-1.,0.,-0.));
#8255=VECTOR('',#8254,711.2);
#8256=LINE('',#8253,#8255);
#8257=EDGE_CURVE('',#8212,#8252,#8256,.T.);
#8258=ORIENTED_EDGE('',*,*,#8257,.F.);
#8259=ORIENTED_EDGE('',*,*,#8241,.F.);
#8260=CARTESIAN_POINT('',(50.8,406.4,1047.75));
#8261=VERTEX_POINT('',#8260);
#8262=CARTESIAN_POINT('',(762.,406.4,1047.75));
#8263=DIRECTION('',(-1.,0.,-0.));
#8264=VECTOR('',#8263,711.2);
#8265=LINE('',#8262,#8264);
#8266=EDGE_CURVE('',#8230,#8261,#8265,.T.);
#8267=ORIENTED_EDGE('',*,*,#8266,.T.);
#8268=CARTESIAN_POINT('',(50.8,406.4,1047.75));
#8269=DIRECTION('',(0.,-1.,0.));
#8270=VECTOR('',#8269,19.05);
#8271=LINE('',#8268,#8270);
#8272=EDGE_CURVE('',#8261,#8252,#8271,.T.);
#8273=ORIENTED_EDGE('',*,*,#8272,.T.);
#8274=EDGE_LOOP('',(#8258,#8259,#8267,#8273));
#8275=FACE_BOUND('',#8274,.T.);
#8276=ADVANCED_FACE('',(#8275),#8250,.T.);
#8277=CARTESIAN_POINT('',(50.8,406.4,996.95));
#8278=DIRECTION('',(1.,0.,0.));
#8279=DIRECTION('',(0.,0.,-1.));
#8280=AXIS2_PLACEMENT_3D('',#8277,#8278,#8279);
#8281=PLANE('',#8280);
#8282=CARTESIAN_POINT('',(50.8,387.35,946.15));
#8283=VERTEX_POINT('',#8282);
#8284=CARTESIAN_POINT('',(50.8,387.35,946.15));
#8285=DIRECTION('',(-0.,0.,1.));
#8286=VECTOR('',#8285,101.6);
#8287=LINE('',#8284,#8286);
#8288=EDGE_CURVE('',#8283,#8252,#8287,.T.);
#8289=ORIENTED_EDGE('',*,*,#8288,.T.);
#8290=ORIENTED_EDGE('',*,*,#8272,.F.);
#8291=CARTESIAN_POINT('',(50.8,406.4,946.15));
#8292=VERTEX_POINT('',#8291);
#8293=CARTESIAN_POINT('',(50.8,406.4,946.15));
#8294=DIRECTION('',(-0.,0.,1.));
#8295=VECTOR('',#8294,101.6);
#8296=LINE('',#8293,#8295);
#8297=EDGE_CURVE('',#8292,#8261,#8296,.T.);
#8298=ORIENTED_EDGE('',*,*,#8297,.F.);
#8299=CARTESIAN_POINT('',(50.8,406.4,946.15));
#8300=DIRECTION('',(0.,-1.,0.));
#8301=VECTOR('',#8300,19.05);
#8302=LINE('',#8299,#8301);
#8303=EDGE_CURVE('',#8292,#8283,#8302,.T.);
#8304=ORIENTED_EDGE('',*,*,#8303,.T.);
#8305=EDGE_LOOP('',(#8289,#8290,#8298,#8304));
#8306=FACE_BOUND('',#8305,.T.);
#8307=ADVANCED_FACE('',(#8306),#8281,.F.);
#8308=CARTESIAN_POINT('',(406.4,406.4,946.15));
#8309=DIRECTION('',(0.,0.,-1.));
#8310=DIRECTION('',(-1.,0.,-0.));
#8311=AXIS2_PLACEMENT_3D('',#8308,#8309,#8310);
#8312=PLANE('',#8311);
#8313=CARTESIAN_POINT('',(50.8,387.35,946.15));
#8314=DIRECTION('',(1.,0.,0.));
#8315=VECTOR('',#8314,711.2);
#8316=LINE('',#8313,#8315);
#8317=EDGE_CURVE('',#8283,#8214,#8316,.T.);
#8318=ORIENTED_EDGE('',*,*,#8317,.F.);
#8319=ORIENTED_EDGE('',*,*,#8303,.F.);
#8320=CARTESIAN_POINT('',(50.8,406.4,946.15));
#8321=DIRECTION('',(1.,0.,0.));
#8322=VECTOR('',#8321,711.2);
#8323=LINE('',#8320,#8322);
#8324=EDGE_CURVE('',#8292,#8222,#8323,.T.);
#8325=ORIENTED_EDGE('',*,*,#8324,.T.);
#8326=ORIENTED_EDGE('',*,*,#8227,.T.);
#8327=EDGE_LOOP('',(#8318,#8319,#8325,#8326));
#8328=FACE_BOUND('',#8327,.T.);
#8329=ADVANCED_FACE('',(#8328),#8312,.T.);
#8330=CARTESIAN_POINT('',(31.75,406.4,927.1));
#8331=DIRECTION('',(0.,-1.,0.));
#8332=DIRECTION('',(1.,0.,0.));
#8333=AXIS2_PLACEMENT_3D('',#8330,#8331,#8332);
#8334=PLANE('',#8333);
#8335=ORIENTED_EDGE('',*,*,#8235,.T.);
#8336=ORIENTED_EDGE('',*,*,#8324,.F.);
#8337=ORIENTED_EDGE('',*,*,#8297,.T.);
#8338=ORIENTED_EDGE('',*,*,#8266,.F.);
#8339=EDGE_LOOP('',(#8335,#8336,#8337,#8338));
#8340=FACE_BOUND('',#8339,.T.);
#8341=ADVANCED_FACE('',(#8340),#8334,.F.);
#8342=CARTESIAN_POINT('',(31.75,387.35,927.1));
#8343=DIRECTION('',(0.,-1.,0.));
#8344=DIRECTION('',(1.,0.,0.));
#8345=AXIS2_PLACEMENT_3D('',#8342,#8343,#8344);
#8346=PLANE('',#8345);
#8347=ORIENTED_EDGE('',*,*,#8219,.F.);
#8348=ORIENTED_EDGE('',*,*,#8257,.T.);
#8349=ORIENTED_EDGE('',*,*,#8288,.F.);
#8350=ORIENTED_EDGE('',*,*,#8317,.T.);
#8351=EDGE_LOOP('',(#8347,#8348,#8349,#8350));
#8352=FACE_BOUND('',#8351,.T.);
#8353=ADVANCED_FACE('',(#8352),#8346,.T.);
#8354=CLOSED_SHELL('',(#8245,#8276,#8307,#8329,#8341,#8353));
#8355=MANIFOLD_SOLID_BREP('[Nailer] Bottom',#8354);
#8205=STYLED_ITEM('',(#267),#8355);
#7031=SHAPE_REPRESENTATION('Upper Left',(#15),#7029);
#7032=ADVANCED_BREP_SHAPE_REPRESENTATION('Upper Left',(#7333,#7617,#7901,#8053,#8204,#8355),#7029);
#8363=SHAPE_REPRESENTATION_RELATIONSHIP('','',#7031,#7032);
#8364=CARTESIAN_POINT('',(0.,0.,0.));
#8365=DIRECTION('',(0.,0.,1.));
#8366=DIRECTION('',(1.,0.,0.));
#8367=AXIS2_PLACEMENT_3D('',#8364,#8365,#8366);
#8369=MAPPED_ITEM('',#8368,#8367);
#8368=REPRESENTATION_MAP(#8367,#7031);
#7039=PRODUCT('Upper Left','Upper Left','',(#1877));
#8370=PRODUCT_RELATED_PRODUCT_CATEGORY('part','',(#7039));
#8371=PRODUCT_DEFINITION_FORMATION_WITH_SPECIFIED_SOURCE('','',#7039,.NOT_KNOWN.);
#7040=PRODUCT_DEFINITION('design','',#8371,#1878);
#7038=PRODUCT_DEFINITION_SHAPE('','',#7040);
#8372=SHAPE_DEFINITION_REPRESENTATION(#7038,#7031);
#7030=DRAUGHTING_MODEL('',(#8369),#7029);
#8373=(NAMED_UNIT(*)PLANE_ANGLE_UNIT()SI_UNIT($,.RADIAN.));
#8374=PLANE_ANGLE_MEASURE_WITH_UNIT(PLANE_ANGLE_MEASURE(0.0174532925),#8373);
#8375=(CONVERSION_BASED_UNIT('DEGREE',#8374)NAMED_UNIT(#8376)PLANE_ANGLE_UNIT());
#8376=DIMENSIONAL_EXPONENTS(0.,0.,0.,0.,0.,0.,0.);
#8377=(NAMED_UNIT(*)SI_UNIT($,.STERADIAN.)SOLID_ANGLE_UNIT());
#8378=(LENGTH_UNIT()NAMED_UNIT(*)SI_UNIT(.MILLI.,.METRE.));
#8379=UNCERTAINTY_MEASURE_WITH_UNIT(LENGTH_MEASURE(1.000000E-05),#8378,'DISTANCE_ACCURACY_VALUE','Maximum Tolerance applied to model');
#8380=(GEOMETRIC_REPRESENTATION_CONTEXT(3)GLOBAL_UNCERTAINTY_ASSIGNED_CONTEXT((#8379))GLOBAL_UNIT_ASSIGNED_CONTEXT((#8378,#8375,#8377))REPRESENTATION_CONTEXT('','Bottom Right'));
#8392=CARTESIAN_POINT('',(0.,0.,0.));
#8393=DIRECTION('',(0.,0.,1.));
#8394=DIRECTION('',(1.,0.,-0.));
#8395=AXIS2_PLACEMENT_3D('',#8392,#8393,#8394);
#8396=ITEM_DEFINED_TRANSFORMATION('','',#8395,#15);
#8397=(REPRESENTATION_RELATIONSHIP('','',#8382,#5500)REPRESENTATION_RELATIONSHIP_WITH_TRANSFORMATION(#8396)SHAPE_REPRESENTATION_RELATIONSHIP());
#8398=NEXT_ASSEMBLY_USAGE_OCCURRENCE('Bottom Right_10','Bottom Right','Bottom Right',#5509,#8391,$);
#8399=PRODUCT_DEFINITION_SHAPE('','',#8398);
#8400=CONTEXT_DEPENDENT_SHAPE_REPRESENTATION(#8397,#8399);
#8402=CARTESIAN_POINT('',(408.78125,406.4,241.3));
#8403=DIRECTION('',(0.,0.,-1.));
#8404=DIRECTION('',(-1.,0.,-0.));
#8405=AXIS2_PLACEMENT_3D('',#8402,#8403,#8404);
#8406=PLANE('',#8405);
#8407=CARTESIAN_POINT('',(51.59375,387.35,241.3));
#8408=VERTEX_POINT('',#8407);
#8409=CARTESIAN_POINT('',(765.96875,387.35,241.3));
#8410=VERTEX_POINT('',#8409);
#8411=CARTESIAN_POINT('',(51.59375,387.35,241.3));
#8412=DIRECTION('',(1.,0.,0.));
#8413=VECTOR('',#8412,714.375);
#8414=LINE('',#8411,#8413);
#8415=EDGE_CURVE('',#8408,#8410,#8414,.T.);
#8416=ORIENTED_EDGE('',*,*,#8415,.T.);
#8417=CARTESIAN_POINT('',(765.96875,406.4,241.3));
#8418=VERTEX_POINT('',#8417);
#8419=CARTESIAN_POINT('',(765.96875,406.4,241.3));
#8420=DIRECTION('',(0.,-1.,0.));
#8421=VECTOR('',#8420,19.05);
#8422=LINE('',#8419,#8421);
#8423=EDGE_CURVE('',#8418,#8410,#8422,.T.);
#8424=ORIENTED_EDGE('',*,*,#8423,.F.);
#8425=CARTESIAN_POINT('',(51.59375,406.4,241.3));
#8426=VERTEX_POINT('',#8425);
#8427=CARTESIAN_POINT('',(51.59375,406.4,241.3));
#8428=DIRECTION('',(1.,0.,0.));
#8429=VECTOR('',#8428,714.375);
#8430=LINE('',#8427,#8429);
#8431=EDGE_CURVE('',#8426,#8418,#8430,.T.);
#8432=ORIENTED_EDGE('',*,*,#8431,.F.);
#8433=CARTESIAN_POINT('',(51.59375,406.4,241.3));
#8434=DIRECTION('',(0.,-1.,0.));
#8435=VECTOR('',#8434,19.05);
#8436=LINE('',#8433,#8435);
#8437=EDGE_CURVE('',#8426,#8408,#8436,.T.);
#8438=ORIENTED_EDGE('',*,*,#8437,.T.);
#8439=EDGE_LOOP('',(#8416,#8424,#8432,#8438));
#8440=FACE_BOUND('',#8439,.T.);
#8441=ADVANCED_FACE('',(#8440),#8406,.F.);
#8442=CARTESIAN_POINT('',(51.59375,406.4,190.5));
#8443=DIRECTION('',(1.,0.,-0.));
#8444=DIRECTION('',(-0.,0.,-1.));
#8445=AXIS2_PLACEMENT_3D('',#8442,#8443,#8444);
#8446=PLANE('',#8445);
#8447=CARTESIAN_POINT('',(51.59375,387.35,139.7));
#8448=VERTEX_POINT('',#8447);
#8449=CARTESIAN_POINT('',(51.59375,387.35,139.7));
#8450=DIRECTION('',(0.,0.,1.));
#8451=VECTOR('',#8450,101.6);
#8452=LINE('',#8449,#8451);
#8453=EDGE_CURVE('',#8448,#8408,#8452,.T.);
#8454=ORIENTED_EDGE('',*,*,#8453,.T.);
#8455=ORIENTED_EDGE('',*,*,#8437,.F.);
#8456=CARTESIAN_POINT('',(51.59375,406.4,139.7));
#8457=VERTEX_POINT('',#8456);
#8458=CARTESIAN_POINT('',(51.59375,406.4,139.7));
#8459=DIRECTION('',(0.,0.,1.));
#8460=VECTOR('',#8459,101.6);
#8461=LINE('',#8458,#8460);
#8462=EDGE_CURVE('',#8457,#8426,#8461,.T.);
#8463=ORIENTED_EDGE('',*,*,#8462,.F.);
#8464=CARTESIAN_POINT('',(51.59375,406.4,139.7));
#8465=DIRECTION('',(0.,-1.,0.));
#8466=VECTOR('',#8465,19.05);
#8467=LINE('',#8464,#8466);
#8468=EDGE_CURVE('',#8457,#8448,#8467,.T.);
#8469=ORIENTED_EDGE('',*,*,#8468,.T.);
#8470=EDGE_LOOP('',(#8454,#8455,#8463,#8469));
#8471=FACE_BOUND('',#8470,.T.);
#8472=ADVANCED_FACE('',(#8471),#8446,.F.);
#8473=CARTESIAN_POINT('',(408.78125,406.4,139.7));
#8474=DIRECTION('',(-0.,0.,1.));
#8475=DIRECTION('',(1.,0.,0.));
#8476=AXIS2_PLACEMENT_3D('',#8473,#8474,#8475);
#8477=PLANE('',#8476);
#8478=CARTESIAN_POINT('',(765.96875,387.35,139.7));
#8479=VERTEX_POINT('',#8478);
#8480=CARTESIAN_POINT('',(765.96875,387.35,139.7));
#8481=DIRECTION('',(-1.,0.,-0.));
#8482=VECTOR('',#8481,714.375);
#8483=LINE('',#8480,#8482);
#8484=EDGE_CURVE('',#8479,#8448,#8483,.T.);
#8485=ORIENTED_EDGE('',*,*,#8484,.T.);
#8486=ORIENTED_EDGE('',*,*,#8468,.F.);
#8487=CARTESIAN_POINT('',(765.96875,406.4,139.7));
#8488=VERTEX_POINT('',#8487);
#8489=CARTESIAN_POINT('',(765.96875,406.4,139.7));
#8490=DIRECTION('',(-1.,0.,-0.));
#8491=VECTOR('',#8490,714.375);
#8492=LINE('',#8489,#8491);
#8493=EDGE_CURVE('',#8488,#8457,#8492,.T.);
#8494=ORIENTED_EDGE('',*,*,#8493,.F.);
#8495=CARTESIAN_POINT('',(765.96875,406.4,139.7));
#8496=DIRECTION('',(0.,-1.,0.));
#8497=VECTOR('',#8496,19.05);
#8498=LINE('',#8495,#8497);
#8499=EDGE_CURVE('',#8488,#8479,#8498,.T.);
#8500=ORIENTED_EDGE('',*,*,#8499,.T.);
#8501=EDGE_LOOP('',(#8485,#8486,#8494,#8500));
#8502=FACE_BOUND('',#8501,.T.);
#8503=ADVANCED_FACE('',(#8502),#8477,.F.);
#8504=CARTESIAN_POINT('',(765.96875,406.4,190.5));
#8505=DIRECTION('',(-1.,0.,0.));
#8506=DIRECTION('',(0.,0.,1.));
#8507=AXIS2_PLACEMENT_3D('',#8504,#8505,#8506);
#8508=PLANE('',#8507);
#8509=CARTESIAN_POINT('',(765.96875,387.35,241.3));
#8510=DIRECTION('',(0.,0.,-1.));
#8511=VECTOR('',#8510,101.6);
#8512=LINE('',#8509,#8511);
#8513=EDGE_CURVE('',#8410,#8479,#8512,.T.);
#8514=ORIENTED_EDGE('',*,*,#8513,.T.);
#8515=ORIENTED_EDGE('',*,*,#8499,.F.);
#8516=CARTESIAN_POINT('',(765.96875,406.4,241.3));
#8517=DIRECTION('',(0.,0.,-1.));
#8518=VECTOR('',#8517,101.6);
#8519=LINE('',#8516,#8518);
#8520=EDGE_CURVE('',#8418,#8488,#8519,.T.);
#8521=ORIENTED_EDGE('',*,*,#8520,.F.);
#8522=ORIENTED_EDGE('',*,*,#8423,.T.);
#8523=EDGE_LOOP('',(#8514,#8515,#8521,#8522));
#8524=FACE_BOUND('',#8523,.T.);
#8525=ADVANCED_FACE('',(#8524),#8508,.F.);
#8526=CARTESIAN_POINT('',(32.54375,406.4,120.65));
#8527=DIRECTION('',(0.,-1.,0.));
#8528=DIRECTION('',(1.,0.,0.));
#8529=AXIS2_PLACEMENT_3D('',#8526,#8527,#8528);
#8530=PLANE('',#8529);
#8531=ORIENTED_EDGE('',*,*,#8431,.T.);
#8532=ORIENTED_EDGE('',*,*,#8520,.T.);
#8533=ORIENTED_EDGE('',*,*,#8493,.T.);
#8534=ORIENTED_EDGE('',*,*,#8462,.T.);
#8535=EDGE_LOOP('',(#8531,#8532,#8533,#8534));
#8536=FACE_BOUND('',#8535,.T.);
#8537=ADVANCED_FACE('',(#8536),#8530,.F.);
#8538=CARTESIAN_POINT('',(32.54375,387.35,120.65));
#8539=DIRECTION('',(0.,-1.,0.));
#8540=DIRECTION('',(1.,0.,0.));
#8541=AXIS2_PLACEMENT_3D('',#8538,#8539,#8540);
#8542=PLANE('',#8541);
#8543=ORIENTED_EDGE('',*,*,#8415,.F.);
#8544=ORIENTED_EDGE('',*,*,#8453,.F.);
#8545=ORIENTED_EDGE('',*,*,#8484,.F.);
#8546=ORIENTED_EDGE('',*,*,#8513,.F.);
#8547=EDGE_LOOP('',(#8543,#8544,#8545,#8546));
#8548=FACE_BOUND('',#8547,.T.);
#8549=ADVANCED_FACE('',(#8548),#8542,.T.);
#8550=CLOSED_SHELL('',(#8441,#8472,#8503,#8525,#8537,#8549));
#8551=MANIFOLD_SOLID_BREP('[Nailer] Bottom',#8550);
#8401=STYLED_ITEM('',(#267),#8551);
#8553=CARTESIAN_POINT('',(51.59375,406.4,806.45));
#8554=DIRECTION('',(1.,0.,-0.));
#8555=DIRECTION('',(-0.,0.,-1.));
#8556=AXIS2_PLACEMENT_3D('',#8553,#8554,#8555);
#8557=PLANE('',#8556);
#8558=CARTESIAN_POINT('',(51.59375,387.35,755.65));
#8559=VERTEX_POINT('',#8558);
#8560=CARTESIAN_POINT('',(51.59375,387.35,857.25));
#8561=VERTEX_POINT('',#8560);
#8562=CARTESIAN_POINT('',(51.59375,387.35,755.65));
#8563=DIRECTION('',(0.,0.,1.));
#8564=VECTOR('',#8563,101.6);
#8565=LINE('',#8562,#8564);
#8566=EDGE_CURVE('',#8559,#8561,#8565,.T.);
#8567=ORIENTED_EDGE('',*,*,#8566,.T.);
#8568=CARTESIAN_POINT('',(51.59375,406.4,857.25));
#8569=VERTEX_POINT('',#8568);
#8570=CARTESIAN_POINT('',(51.59375,406.4,857.25));
#8571=DIRECTION('',(0.,-1.,0.));
#8572=VECTOR('',#8571,19.05);
#8573=LINE('',#8570,#8572);
#8574=EDGE_CURVE('',#8569,#8561,#8573,.T.);
#8575=ORIENTED_EDGE('',*,*,#8574,.F.);
#8576=CARTESIAN_POINT('',(51.59375,406.4,755.65));
#8577=VERTEX_POINT('',#8576);
#8578=CARTESIAN_POINT('',(51.59375,406.4,755.65));
#8579=DIRECTION('',(0.,0.,1.));
#8580=VECTOR('',#8579,101.6);
#8581=LINE('',#8578,#8580);
#8582=EDGE_CURVE('',#8577,#8569,#8581,.T.);
#8583=ORIENTED_EDGE('',*,*,#8582,.F.);
#8584=CARTESIAN_POINT('',(51.59375,406.4,755.65));
#8585=DIRECTION('',(0.,-1.,0.));
#8586=VECTOR('',#8585,19.05);
#8587=LINE('',#8584,#8586);
#8588=EDGE_CURVE('',#8577,#8559,#8587,.T.);
#8589=ORIENTED_EDGE('',*,*,#8588,.T.);
#8590=EDGE_LOOP('',(#8567,#8575,#8583,#8589));
#8591=FACE_BOUND('',#8590,.T.);
#8592=ADVANCED_FACE('',(#8591),#8557,.F.);
#8593=CARTESIAN_POINT('',(408.78125,406.4,755.65));
#8594=DIRECTION('',(0.,0.,-1.));
#8595=DIRECTION('',(-1.,0.,-0.));
#8596=AXIS2_PLACEMENT_3D('',#8593,#8594,#8595);
#8597=PLANE('',#8596);
#8598=CARTESIAN_POINT('',(765.96875,387.35,755.65));
#8599=VERTEX_POINT('',#8598);
#8600=CARTESIAN_POINT('',(51.59375,387.35,755.65));
#8601=DIRECTION('',(1.,0.,0.));
#8602=VECTOR('',#8601,714.375);
#8603=LINE('',#8600,#8602);
#8604=EDGE_CURVE('',#8559,#8599,#8603,.T.);
#8605=ORIENTED_EDGE('',*,*,#8604,.F.);
#8606=ORIENTED_EDGE('',*,*,#8588,.F.);
#8607=CARTESIAN_POINT('',(765.96875,406.4,755.65));
#8608=VERTEX_POINT('',#8607);
#8609=CARTESIAN_POINT('',(51.59375,406.4,755.65));
#8610=DIRECTION('',(1.,0.,0.));
#8611=VECTOR('',#8610,714.375);
#8612=LINE('',#8609,#8611);
#8613=EDGE_CURVE('',#8577,#8608,#8612,.T.);
#8614=ORIENTED_EDGE('',*,*,#8613,.T.);
#8615=CARTESIAN_POINT('',(765.96875,406.4,755.65));
#8616=DIRECTION('',(0.,-1.,0.));
#8617=VECTOR('',#8616,19.05);
#8618=LINE('',#8615,#8617);
#8619=EDGE_CURVE('',#8608,#8599,#8618,.T.);
#8620=ORIENTED_EDGE('',*,*,#8619,.T.);
#8621=EDGE_LOOP('',(#8605,#8606,#8614,#8620));
#8622=FACE_BOUND('',#8621,.T.);
#8623=ADVANCED_FACE('',(#8622),#8597,.T.);
#8624=CARTESIAN_POINT('',(765.96875,406.4,806.45));
#8625=DIRECTION('',(-1.,0.,0.));
#8626=DIRECTION('',(0.,0.,1.));
#8627=AXIS2_PLACEMENT_3D('',#8624,#8625,#8626);
#8628=PLANE('',#8627);
#8629=CARTESIAN_POINT('',(765.96875,387.35,857.25));
#8630=VERTEX_POINT('',#8629);
#8631=CARTESIAN_POINT('',(765.96875,387.35,857.25));
#8632=DIRECTION('',(0.,0.,-1.));
#8633=VECTOR('',#8632,101.6);
#8634=LINE('',#8631,#8633);
#8635=EDGE_CURVE('',#8630,#8599,#8634,.T.);
#8636=ORIENTED_EDGE('',*,*,#8635,.T.);
#8637=ORIENTED_EDGE('',*,*,#8619,.F.);
#8638=CARTESIAN_POINT('',(765.96875,406.4,857.25));
#8639=VERTEX_POINT('',#8638);
#8640=CARTESIAN_POINT('',(765.96875,406.4,857.25));
#8641=DIRECTION('',(0.,0.,-1.));
#8642=VECTOR('',#8641,101.6);
#8643=LINE('',#8640,#8642);
#8644=EDGE_CURVE('',#8639,#8608,#8643,.T.);
#8645=ORIENTED_EDGE('',*,*,#8644,.F.);
#8646=CARTESIAN_POINT('',(765.96875,406.4,857.25));
#8647=DIRECTION('',(0.,-1.,0.));
#8648=VECTOR('',#8647,19.05);
#8649=LINE('',#8646,#8648);
#8650=EDGE_CURVE('',#8639,#8630,#8649,.T.);
#8651=ORIENTED_EDGE('',*,*,#8650,.T.);
#8652=EDGE_LOOP('',(#8636,#8637,#8645,#8651));
#8653=FACE_BOUND('',#8652,.T.);
#8654=ADVANCED_FACE('',(#8653),#8628,.F.);
#8655=CARTESIAN_POINT('',(408.78125,406.4,857.25));
#8656=DIRECTION('',(0.,0.,-1.));
#8657=DIRECTION('',(-1.,0.,0.));
#8658=AXIS2_PLACEMENT_3D('',#8655,#8656,#8657);
#8659=PLANE('',#8658);
#8660=CARTESIAN_POINT('',(51.59375,387.35,857.25));
#8661=DIRECTION('',(1.,0.,-0.));
#8662=VECTOR('',#8661,714.375);
#8663=LINE('',#8660,#8662);
#8664=EDGE_CURVE('',#8561,#8630,#8663,.T.);
#8665=ORIENTED_EDGE('',*,*,#8664,.T.);
#8666=ORIENTED_EDGE('',*,*,#8650,.F.);
#8667=CARTESIAN_POINT('',(51.59375,406.4,857.25));
#8668=DIRECTION('',(1.,0.,-0.));
#8669=VECTOR('',#8668,714.375);
#8670=LINE('',#8667,#8669);
#8671=EDGE_CURVE('',#8569,#8639,#8670,.T.);
#8672=ORIENTED_EDGE('',*,*,#8671,.F.);
#8673=ORIENTED_EDGE('',*,*,#8574,.T.);
#8674=EDGE_LOOP('',(#8665,#8666,#8672,#8673));
#8675=FACE_BOUND('',#8674,.T.);
#8676=ADVANCED_FACE('',(#8675),#8659,.F.);
#8677=CARTESIAN_POINT('',(32.54375,406.4,120.65));
#8678=DIRECTION('',(0.,-1.,0.));
#8679=DIRECTION('',(1.,0.,0.));
#8680=AXIS2_PLACEMENT_3D('',#8677,#8678,#8679);
#8681=PLANE('',#8680);
#8682=ORIENTED_EDGE('',*,*,#8582,.T.);
#8683=ORIENTED_EDGE('',*,*,#8671,.T.);
#8684=ORIENTED_EDGE('',*,*,#8644,.T.);
#8685=ORIENTED_EDGE('',*,*,#8613,.F.);
#8686=EDGE_LOOP('',(#8682,#8683,#8684,#8685));
#8687=FACE_BOUND('',#8686,.T.);
#8688=ADVANCED_FACE('',(#8687),#8681,.F.);
#8689=CARTESIAN_POINT('',(32.54375,387.35,120.65));
#8690=DIRECTION('',(0.,-1.,0.));
#8691=DIRECTION('',(1.,0.,0.));
#8692=AXIS2_PLACEMENT_3D('',#8689,#8690,#8691);
#8693=PLANE('',#8692);
#8694=ORIENTED_EDGE('',*,*,#8566,.F.);
#8695=ORIENTED_EDGE('',*,*,#8604,.T.);
#8696=ORIENTED_EDGE('',*,*,#8635,.F.);
#8697=ORIENTED_EDGE('',*,*,#8664,.F.);
#8698=EDGE_LOOP('',(#8694,#8695,#8696,#8697));
#8699=FACE_BOUND('',#8698,.T.);
#8700=ADVANCED_FACE('',(#8699),#8693,.T.);
#8701=CLOSED_SHELL('',(#8592,#8623,#8654,#8676,#8688,#8700));
#8702=MANIFOLD_SOLID_BREP('[Nailer] Top',#8701);
#8552=STYLED_ITEM('',(#267),#8702);
#8704=CARTESIAN_POINT('',(765.96875,120.65,862.0125));
#8705=DIRECTION('',(1.,0.,0.));
#8706=DIRECTION('',(0.,0.,-1.));
#8707=AXIS2_PLACEMENT_3D('',#8704,#8705,#8706);
#8708=PLANE('',#8707);
#8709=CARTESIAN_POINT('',(765.96875,19.05,857.25));
#8710=VERTEX_POINT('',#8709);
#8711=CARTESIAN_POINT('',(765.96875,19.05,876.3));
#8712=VERTEX_POINT('',#8711);
#8713=CARTESIAN_POINT('',(765.96875,19.05,857.25));
#8714=DIRECTION('',(0.,0.,1.));
#8715=VECTOR('',#8714,19.05);
#8716=LINE('',#8713,#8715);
#8717=EDGE_CURVE('',#8710,#8712,#8716,.T.);
#8718=ORIENTED_EDGE('',*,*,#8717,.F.);
#8719=CARTESIAN_POINT('',(765.96875,120.65,857.25));
#8720=VERTEX_POINT('',#8719);
#8721=CARTESIAN_POINT('',(765.96875,120.65,857.25));
#8722=DIRECTION('',(0.,-1.,0.));
#8723=VECTOR('',#8722,101.6);
#8724=LINE('',#8721,#8723);
#8725=EDGE_CURVE('',#8720,#8710,#8724,.T.);
#8726=ORIENTED_EDGE('',*,*,#8725,.F.);
#8727=CARTESIAN_POINT('',(765.96875,120.65,876.3));
#8728=VERTEX_POINT('',#8727);
#8729=CARTESIAN_POINT('',(765.96875,120.65,857.25));
#8730=DIRECTION('',(0.,0.,1.));
#8731=VECTOR('',#8730,19.05);
#8732=LINE('',#8729,#8731);
#8733=EDGE_CURVE('',#8720,#8728,#8732,.T.);
#8734=ORIENTED_EDGE('',*,*,#8733,.T.);
#8735=CARTESIAN_POINT('',(765.96875,120.65,876.3));
#8736=DIRECTION('',(0.,-1.,0.));
#8737=VECTOR('',#8736,101.6);
#8738=LINE('',#8735,#8737);
#8739=EDGE_CURVE('',#8728,#8712,#8738,.T.);
#8740=ORIENTED_EDGE('',*,*,#8739,.T.);
#8741=EDGE_LOOP('',(#8718,#8726,#8734,#8740));
#8742=FACE_BOUND('',#8741,.T.);
#8743=ADVANCED_FACE('',(#8742),#8708,.T.);
#8744=CARTESIAN_POINT('',(408.78125,120.65,876.3));
#8745=DIRECTION('',(0.,0.,-1.));
#8746=DIRECTION('',(-1.,0.,0.));
#8747=AXIS2_PLACEMENT_3D('',#8744,#8745,#8746);
#8748=PLANE('',#8747);
#8749=CARTESIAN_POINT('',(51.59375,19.05,876.3));
#8750=VERTEX_POINT('',#8749);
#8751=CARTESIAN_POINT('',(51.59375,19.05,876.3));
#8752=DIRECTION('',(1.,0.,-0.));
#8753=VECTOR('',#8752,714.375);
#8754=LINE('',#8751,#8753);
#8755=EDGE_CURVE('',#8750,#8712,#8754,.T.);
#8756=ORIENTED_EDGE('',*,*,#8755,.T.);
#8757=ORIENTED_EDGE('',*,*,#8739,.F.);
#8758=CARTESIAN_POINT('',(51.59375,120.65,876.3));
#8759=VERTEX_POINT('',#8758);
#8760=CARTESIAN_POINT('',(51.59375,120.65,876.3));
#8761=DIRECTION('',(1.,0.,-0.));
#8762=VECTOR('',#8761,714.375);
#8763=LINE('',#8760,#8762);
#8764=EDGE_CURVE('',#8759,#8728,#8763,.T.);
#8765=ORIENTED_EDGE('',*,*,#8764,.F.);
#8766=CARTESIAN_POINT('',(51.59375,120.65,876.3));
#8767=DIRECTION('',(0.,-1.,0.));
#8768=VECTOR('',#8767,101.6);
#8769=LINE('',#8766,#8768);
#8770=EDGE_CURVE('',#8759,#8750,#8769,.T.);
#8771=ORIENTED_EDGE('',*,*,#8770,.T.);
#8772=EDGE_LOOP('',(#8756,#8757,#8765,#8771));
#8773=FACE_BOUND('',#8772,.T.);
#8774=ADVANCED_FACE('',(#8773),#8748,.F.);
#8775=CARTESIAN_POINT('',(51.59375,120.65,862.0125));
#8776=DIRECTION('',(1.,0.,0.));
#8777=DIRECTION('',(0.,0.,-1.));
#8778=AXIS2_PLACEMENT_3D('',#8775,#8776,#8777);
#8779=PLANE('',#8778);
#8780=CARTESIAN_POINT('',(51.59375,19.05,857.25));
#8781=VERTEX_POINT('',#8780);
#8782=CARTESIAN_POINT('',(51.59375,19.05,857.25));
#8783=DIRECTION('',(0.,0.,1.));
#8784=VECTOR('',#8783,19.05);
#8785=LINE('',#8782,#8784);
#8786=EDGE_CURVE('',#8781,#8750,#8785,.T.);
#8787=ORIENTED_EDGE('',*,*,#8786,.T.);
#8788=ORIENTED_EDGE('',*,*,#8770,.F.);
#8789=CARTESIAN_POINT('',(51.59375,120.65,857.25));
#8790=VERTEX_POINT('',#8789);
#8791=CARTESIAN_POINT('',(51.59375,120.65,857.25));
#8792=DIRECTION('',(0.,0.,1.));
#8793=VECTOR('',#8792,19.05);
#8794=LINE('',#8791,#8793);
#8795=EDGE_CURVE('',#8790,#8759,#8794,.T.);
#8796=ORIENTED_EDGE('',*,*,#8795,.F.);
#8797=CARTESIAN_POINT('',(51.59375,120.65,857.25));
#8798=DIRECTION('',(0.,-1.,0.));
#8799=VECTOR('',#8798,101.6);
#8800=LINE('',#8797,#8799);
#8801=EDGE_CURVE('',#8790,#8781,#8800,.T.);
#8802=ORIENTED_EDGE('',*,*,#8801,.T.);
#8803=EDGE_LOOP('',(#8787,#8788,#8796,#8802));
#8804=FACE_BOUND('',#8803,.T.);
#8805=ADVANCED_FACE('',(#8804),#8779,.F.);
#8806=CARTESIAN_POINT('',(408.78125,120.65,857.25));
#8807=DIRECTION('',(0.,0.,-1.));
#8808=DIRECTION('',(-1.,0.,0.));
#8809=AXIS2_PLACEMENT_3D('',#8806,#8807,#8808);
#8810=PLANE('',#8809);
#8811=CARTESIAN_POINT('',(51.59375,19.05,857.25));
#8812=DIRECTION('',(1.,0.,-0.));
#8813=VECTOR('',#8812,714.375);
#8814=LINE('',#8811,#8813);
#8815=EDGE_CURVE('',#8781,#8710,#8814,.T.);
#8816=ORIENTED_EDGE('',*,*,#8815,.F.);
#8817=ORIENTED_EDGE('',*,*,#8801,.F.);
#8818=CARTESIAN_POINT('',(51.59375,120.65,857.25));
#8819=DIRECTION('',(1.,0.,-0.));
#8820=VECTOR('',#8819,714.375);
#8821=LINE('',#8818,#8820);
#8822=EDGE_CURVE('',#8790,#8720,#8821,.T.);
#8823=ORIENTED_EDGE('',*,*,#8822,.T.);
#8824=ORIENTED_EDGE('',*,*,#8725,.T.);
#8825=EDGE_LOOP('',(#8816,#8817,#8823,#8824));
#8826=FACE_BOUND('',#8825,.T.);
#8827=ADVANCED_FACE('',(#8826),#8810,.T.);
#8828=CARTESIAN_POINT('',(32.54375,120.65,120.65));
#8829=DIRECTION('',(0.,-1.,0.));
#8830=DIRECTION('',(1.,0.,0.));
#8831=AXIS2_PLACEMENT_3D('',#8828,#8829,#8830);
#8832=PLANE('',#8831);
#8833=ORIENTED_EDGE('',*,*,#8733,.F.);
#8834=ORIENTED_EDGE('',*,*,#8822,.F.);
#8835=ORIENTED_EDGE('',*,*,#8795,.T.);
#8836=ORIENTED_EDGE('',*,*,#8764,.T.);
#8837=EDGE_LOOP('',(#8833,#8834,#8835,#8836));
#8838=FACE_BOUND('',#8837,.T.);
#8839=ADVANCED_FACE('',(#8838),#8832,.F.);
#8840=CARTESIAN_POINT('',(32.54375,19.05,120.65));
#8841=DIRECTION('',(0.,-1.,0.));
#8842=DIRECTION('',(1.,0.,0.));
#8843=AXIS2_PLACEMENT_3D('',#8840,#8841,#8842);
#8844=PLANE('',#8843);
#8845=ORIENTED_EDGE('',*,*,#8717,.T.);
#8846=ORIENTED_EDGE('',*,*,#8755,.F.);
#8847=ORIENTED_EDGE('',*,*,#8786,.F.);
#8848=ORIENTED_EDGE('',*,*,#8815,.T.);
#8849=EDGE_LOOP('',(#8845,#8846,#8847,#8848));
#8850=FACE_BOUND('',#8849,.T.);
#8851=ADVANCED_FACE('',(#8850),#8844,.T.);
#8852=CLOSED_SHELL('',(#8743,#8774,#8805,#8827,#8839,#8851));
#8853=MANIFOLD_SOLID_BREP('[Stretcher] Front',#8852);
#8703=STYLED_ITEM('',(#267),#8853);
#8855=CARTESIAN_POINT('',(408.78125,304.8,857.25));
#8856=DIRECTION('',(0.,0.,1.));
#8857=DIRECTION('',(1.,0.,0.));
#8858=AXIS2_PLACEMENT_3D('',#8855,#8856,#8857);
#8859=PLANE('',#8858);
#8860=CARTESIAN_POINT('',(51.59375,387.35,857.25));
#8861=VERTEX_POINT('',#8860);
#8862=CARTESIAN_POINT('',(765.96875,387.35,857.25));
#8863=VERTEX_POINT('',#8862);
#8864=CARTESIAN_POINT('',(51.59375,387.35,857.25));
#8865=DIRECTION('',(1.,0.,-0.));
#8866=VECTOR('',#8865,714.375);
#8867=LINE('',#8864,#8866);
#8868=EDGE_CURVE('',#8861,#8863,#8867,.T.);
#8869=ORIENTED_EDGE('',*,*,#8868,.F.);
#8870=CARTESIAN_POINT('',(51.59375,406.4,857.25));
#8871=VERTEX_POINT('',#8870);
#8872=CARTESIAN_POINT('',(51.59375,387.35,857.25));
#8873=DIRECTION('',(0.,1.,0.));
#8874=VECTOR('',#8873,19.05);
#8875=LINE('',#8872,#8874);
#8876=EDGE_CURVE('',#8861,#8871,#8875,.T.);
#8877=ORIENTED_EDGE('',*,*,#8876,.T.);
#8878=CARTESIAN_POINT('',(765.96875,406.4,857.25));
#8879=VERTEX_POINT('',#8878);
#8880=CARTESIAN_POINT('',(51.59375,406.4,857.25));
#8881=DIRECTION('',(1.,0.,-0.));
#8882=VECTOR('',#8881,714.375);
#8883=LINE('',#8880,#8882);
#8884=EDGE_CURVE('',#8871,#8879,#8883,.T.);
#8885=ORIENTED_EDGE('',*,*,#8884,.T.);
#8886=CARTESIAN_POINT('',(765.96875,387.35,857.25));
#8887=DIRECTION('',(0.,1.,0.));
#8888=VECTOR('',#8887,19.05);
#8889=LINE('',#8886,#8888);
#8890=EDGE_CURVE('',#8863,#8879,#8889,.T.);
#8891=ORIENTED_EDGE('',*,*,#8890,.F.);
#8892=EDGE_LOOP('',(#8869,#8877,#8885,#8891));
#8893=FACE_BOUND('',#8892,.T.);
#8894=ADVANCED_FACE('',(#8893),#8859,.F.);
#8895=CARTESIAN_POINT('',(765.96875,304.8,862.0125));
#8896=DIRECTION('',(-1.,0.,0.));
#8897=DIRECTION('',(0.,0.,1.));
#8898=AXIS2_PLACEMENT_3D('',#8895,#8896,#8897);
#8899=PLANE('',#8898);
#8900=CARTESIAN_POINT('',(765.96875,304.8,857.25));
#8901=VERTEX_POINT('',#8900);
#8902=CARTESIAN_POINT('',(765.96875,381.,857.25));
#8903=VERTEX_POINT('',#8902);
#8904=CARTESIAN_POINT('',(765.96875,304.8,857.25));
#8905=DIRECTION('',(0.,1.,0.));
#8906=VECTOR('',#8905,76.2);
#8907=LINE('',#8904,#8906);
#8908=EDGE_CURVE('',#8901,#8903,#8907,.T.);
#8909=ORIENTED_EDGE('',*,*,#8908,.T.);
#8910=CARTESIAN_POINT('',(765.96875,381.,866.775));
#8911=VERTEX_POINT('',#8910);
#8912=CARTESIAN_POINT('',(765.96875,381.,857.25));
#8913=DIRECTION('',(0.,0.,1.));
#8914=VECTOR('',#8913,9.525);
#8915=LINE('',#8912,#8914);
#8916=EDGE_CURVE('',#8903,#8911,#8915,.T.);
#8917=ORIENTED_EDGE('',*,*,#8916,.T.);
#8918=CARTESIAN_POINT('',(765.96875,387.35,866.775));
#8919=VERTEX_POINT('',#8918);
#8920=CARTESIAN_POINT('',(765.96875,387.35,866.775));
#8921=DIRECTION('',(0.,-1.,0.));
#8922=VECTOR('',#8921,6.35);
#8923=LINE('',#8920,#8922);
#8924=EDGE_CURVE('',#8919,#8911,#8923,.T.);
#8925=ORIENTED_EDGE('',*,*,#8924,.F.);
#8926=CARTESIAN_POINT('',(765.96875,387.35,857.25));
#8927=DIRECTION('',(0.,0.,1.));
#8928=VECTOR('',#8927,9.525);
#8929=LINE('',#8926,#8928);
#8930=EDGE_CURVE('',#8863,#8919,#8929,.T.);
#8931=ORIENTED_EDGE('',*,*,#8930,.F.);
#8932=ORIENTED_EDGE('',*,*,#8890,.T.);
#8933=CARTESIAN_POINT('',(765.96875,406.4,876.3));
#8934=VERTEX_POINT('',#8933);
#8935=CARTESIAN_POINT('',(765.96875,406.4,857.25));
#8936=DIRECTION('',(0.,0.,1.));
#8937=VECTOR('',#8936,19.05);
#8938=LINE('',#8935,#8937);
#8939=EDGE_CURVE('',#8879,#8934,#8938,.T.);
#8940=ORIENTED_EDGE('',*,*,#8939,.T.);
#8941=CARTESIAN_POINT('',(765.96875,304.8,876.3));
#8942=VERTEX_POINT('',#8941);
#8943=CARTESIAN_POINT('',(765.96875,304.8,876.3));
#8944=DIRECTION('',(0.,1.,0.));
#8945=VECTOR('',#8944,101.6);
#8946=LINE('',#8943,#8945);
#8947=EDGE_CURVE('',#8942,#8934,#8946,.T.);
#8948=ORIENTED_EDGE('',*,*,#8947,.F.);
#8949=CARTESIAN_POINT('',(765.96875,304.8,857.25));
#8950=DIRECTION('',(0.,0.,1.));
#8951=VECTOR('',#8950,19.05);
#8952=LINE('',#8949,#8951);
#8953=EDGE_CURVE('',#8901,#8942,#8952,.T.);
#8954=ORIENTED_EDGE('',*,*,#8953,.F.);
#8955=EDGE_LOOP('',(#8909,#8917,#8925,#8931,#8932,#8940,#8948,#8954));
#8956=FACE_BOUND('',#8955,.T.);
#8957=ADVANCED_FACE('',(#8956),#8899,.F.);
#8958=CARTESIAN_POINT('',(408.78125,304.8,876.3));
#8959=DIRECTION('',(0.,0.,1.));
#8960=DIRECTION('',(1.,0.,0.));
#8961=AXIS2_PLACEMENT_3D('',#8958,#8959,#8960);
#8962=PLANE('',#8961);
#8963=CARTESIAN_POINT('',(51.59375,406.4,876.3));
#8964=VERTEX_POINT('',#8963);
#8965=CARTESIAN_POINT('',(51.59375,406.4,876.3));
#8966=DIRECTION('',(1.,0.,-0.));
#8967=VECTOR('',#8966,714.375);
#8968=LINE('',#8965,#8967);
#8969=EDGE_CURVE('',#8964,#8934,#8968,.T.);
#8970=ORIENTED_EDGE('',*,*,#8969,.F.);
#8971=CARTESIAN_POINT('',(51.59375,304.8,876.3));
#8972=VERTEX_POINT('',#8971);
#8973=CARTESIAN_POINT('',(51.59375,304.8,876.3));
#8974=DIRECTION('',(0.,1.,0.));
#8975=VECTOR('',#8974,101.6);
#8976=LINE('',#8973,#8975);
#8977=EDGE_CURVE('',#8972,#8964,#8976,.T.);
#8978=ORIENTED_EDGE('',*,*,#8977,.F.);
#8979=CARTESIAN_POINT('',(51.59375,304.8,876.3));
#8980=DIRECTION('',(1.,0.,-0.));
#8981=VECTOR('',#8980,714.375);
#8982=LINE('',#8979,#8981);
#8983=EDGE_CURVE('',#8972,#8942,#8982,.T.);
#8984=ORIENTED_EDGE('',*,*,#8983,.T.);
#8985=ORIENTED_EDGE('',*,*,#8947,.T.);
#8986=EDGE_LOOP('',(#8970,#8978,#8984,#8985));
#8987=FACE_BOUND('',#8986,.T.);
#8988=ADVANCED_FACE('',(#8987),#8962,.T.);
#8989=CARTESIAN_POINT('',(51.59375,304.8,862.0125));
#8990=DIRECTION('',(-1.,0.,0.));
#8991=DIRECTION('',(0.,0.,1.));
#8992=AXIS2_PLACEMENT_3D('',#8989,#8990,#8991);
#8993=PLANE('',#8992);
#8994=CARTESIAN_POINT('',(51.59375,381.,857.25));
#8995=VERTEX_POINT('',#8994);
#8996=CARTESIAN_POINT('',(51.59375,381.,866.775));
#8997=VERTEX_POINT('',#8996);
#8998=CARTESIAN_POINT('',(51.59375,381.,857.25));
#8999=DIRECTION('',(0.,0.,1.));
#9000=VECTOR('',#8999,9.525);
#9001=LINE('',#8998,#9000);
#9002=EDGE_CURVE('',#8995,#8997,#9001,.T.);
#9003=ORIENTED_EDGE('',*,*,#9002,.F.);
#9004=CARTESIAN_POINT('',(51.59375,304.8,857.25));
#9005=VERTEX_POINT('',#9004);
#9006=CARTESIAN_POINT('',(51.59375,304.8,857.25));
#9007=DIRECTION('',(0.,1.,0.));
#9008=VECTOR('',#9007,76.2);
#9009=LINE('',#9006,#9008);
#9010=EDGE_CURVE('',#9005,#8995,#9009,.T.);
#9011=ORIENTED_EDGE('',*,*,#9010,.F.);
#9012=CARTESIAN_POINT('',(51.59375,304.8,857.25));
#9013=DIRECTION('',(0.,0.,1.));
#9014=VECTOR('',#9013,19.05);
#9015=LINE('',#9012,#9014);
#9016=EDGE_CURVE('',#9005,#8972,#9015,.T.);
#9017=ORIENTED_EDGE('',*,*,#9016,.T.);
#9018=ORIENTED_EDGE('',*,*,#8977,.T.);
#9019=CARTESIAN_POINT('',(51.59375,406.4,857.25));
#9020=DIRECTION('',(0.,0.,1.));
#9021=VECTOR('',#9020,19.05);
#9022=LINE('',#9019,#9021);
#9023=EDGE_CURVE('',#8871,#8964,#9022,.T.);
#9024=ORIENTED_EDGE('',*,*,#9023,.F.);
#9025=ORIENTED_EDGE('',*,*,#8876,.F.);
#9026=CARTESIAN_POINT('',(51.59375,387.35,866.775));
#9027=VERTEX_POINT('',#9026);
#9028=CARTESIAN_POINT('',(51.59375,387.35,857.25));
#9029=DIRECTION('',(0.,0.,1.));
#9030=VECTOR('',#9029,9.525);
#9031=LINE('',#9028,#9030);
#9032=EDGE_CURVE('',#8861,#9027,#9031,.T.);
#9033=ORIENTED_EDGE('',*,*,#9032,.T.);
#9034=CARTESIAN_POINT('',(51.59375,387.35,866.775));
#9035=DIRECTION('',(0.,-1.,0.));
#9036=VECTOR('',#9035,6.35);
#9037=LINE('',#9034,#9036);
#9038=EDGE_CURVE('',#9027,#8997,#9037,.T.);
#9039=ORIENTED_EDGE('',*,*,#9038,.T.);
#9040=EDGE_LOOP('',(#9003,#9011,#9017,#9018,#9024,#9025,#9033,#9039));
#9041=FACE_BOUND('',#9040,.T.);
#9042=ADVANCED_FACE('',(#9041),#8993,.T.);
#9043=CARTESIAN_POINT('',(408.78125,304.8,857.25));
#9044=DIRECTION('',(0.,0.,1.));
#9045=DIRECTION('',(1.,0.,0.));
#9046=AXIS2_PLACEMENT_3D('',#9043,#9044,#9045);
#9047=PLANE('',#9046);
#9048=ORIENTED_EDGE('',*,*,#9010,.T.);
#9049=CARTESIAN_POINT('',(51.59375,381.,857.25));
#9050=DIRECTION('',(1.,0.,-0.));
#9051=VECTOR('',#9050,714.375);
#9052=LINE('',#9049,#9051);
#9053=EDGE_CURVE('',#8995,#8903,#9052,.T.);
#9054=ORIENTED_EDGE('',*,*,#9053,.T.);
#9055=ORIENTED_EDGE('',*,*,#8908,.F.);
#9056=CARTESIAN_POINT('',(51.59375,304.8,857.25));
#9057=DIRECTION('',(1.,0.,-0.));
#9058=VECTOR('',#9057,714.375);
#9059=LINE('',#9056,#9058);
#9060=EDGE_CURVE('',#9005,#8901,#9059,.T.);
#9061=ORIENTED_EDGE('',*,*,#9060,.F.);
#9062=EDGE_LOOP('',(#9048,#9054,#9055,#9061));
#9063=FACE_BOUND('',#9062,.T.);
#9064=ADVANCED_FACE('',(#9063),#9047,.F.);
#9065=CARTESIAN_POINT('',(32.54375,304.8,120.65));
#9066=DIRECTION('',(0.,-1.,0.));
#9067=DIRECTION('',(1.,0.,0.));
#9068=AXIS2_PLACEMENT_3D('',#9065,#9066,#9067);
#9069=PLANE('',#9068);
#9070=ORIENTED_EDGE('',*,*,#8953,.T.);
#9071=ORIENTED_EDGE('',*,*,#8983,.F.);
#9072=ORIENTED_EDGE('',*,*,#9016,.F.);
#9073=ORIENTED_EDGE('',*,*,#9060,.T.);
#9074=EDGE_LOOP('',(#9070,#9071,#9072,#9073));
#9075=FACE_BOUND('',#9074,.T.);
#9076=ADVANCED_FACE('',(#9075),#9069,.T.);
#9077=CARTESIAN_POINT('',(32.54375,406.4,120.65));
#9078=DIRECTION('',(0.,-1.,0.));
#9079=DIRECTION('',(1.,0.,0.));
#9080=AXIS2_PLACEMENT_3D('',#9077,#9078,#9079);
#9081=PLANE('',#9080);
#9082=ORIENTED_EDGE('',*,*,#8939,.F.);
#9083=ORIENTED_EDGE('',*,*,#8884,.F.);
#9084=ORIENTED_EDGE('',*,*,#9023,.T.);
#9085=ORIENTED_EDGE('',*,*,#8969,.T.);
#9086=EDGE_LOOP('',(#9082,#9083,#9084,#9085));
#9087=FACE_BOUND('',#9086,.T.);
#9088=ADVANCED_FACE('',(#9087),#9081,.F.);
#9089=CARTESIAN_POINT('',(408.78125,387.35,866.775));
#9090=DIRECTION('',(0.,0.,1.));
#9091=DIRECTION('',(1.,0.,0.));
#9092=AXIS2_PLACEMENT_3D('',#9089,#9090,#9091);
#9093=PLANE('',#9092);
#9094=CARTESIAN_POINT('',(765.96875,381.,866.775));
#9095=DIRECTION('',(-1.,0.,0.));
#9096=VECTOR('',#9095,714.375);
#9097=LINE('',#9094,#9096);
#9098=EDGE_CURVE('',#8911,#8997,#9097,.T.);
#9099=ORIENTED_EDGE('',*,*,#9098,.T.);
#9100=ORIENTED_EDGE('',*,*,#9038,.F.);
#9101=CARTESIAN_POINT('',(765.96875,387.35,866.775));
#9102=DIRECTION('',(-1.,0.,0.));
#9103=VECTOR('',#9102,714.375);
#9104=LINE('',#9101,#9103);
#9105=EDGE_CURVE('',#8919,#9027,#9104,.T.);
#9106=ORIENTED_EDGE('',*,*,#9105,.F.);
#9107=ORIENTED_EDGE('',*,*,#8924,.T.);
#9108=EDGE_LOOP('',(#9099,#9100,#9106,#9107));
#9109=FACE_BOUND('',#9108,.T.);
#9110=ADVANCED_FACE('',(#9109),#9093,.F.);
#9111=CARTESIAN_POINT('',(32.54375,387.35,120.65));
#9112=DIRECTION('',(0.,-1.,0.));
#9113=DIRECTION('',(1.,0.,0.));
#9114=AXIS2_PLACEMENT_3D('',#9111,#9112,#9113);
#9115=PLANE('',#9114);
#9116=ORIENTED_EDGE('',*,*,#8930,.T.);
#9117=ORIENTED_EDGE('',*,*,#9105,.T.);
#9118=ORIENTED_EDGE('',*,*,#9032,.F.);
#9119=ORIENTED_EDGE('',*,*,#8868,.T.);
#9120=EDGE_LOOP('',(#9116,#9117,#9118,#9119));
#9121=FACE_BOUND('',#9120,.T.);
#9122=ADVANCED_FACE('',(#9121),#9115,.T.);
#9123=CARTESIAN_POINT('',(32.54375,381.,120.65));
#9124=DIRECTION('',(0.,-1.,0.));
#9125=DIRECTION('',(1.,0.,0.));
#9126=AXIS2_PLACEMENT_3D('',#9123,#9124,#9125);
#9127=PLANE('',#9126);
#9128=ORIENTED_EDGE('',*,*,#8916,.F.);
#9129=ORIENTED_EDGE('',*,*,#9053,.F.);
#9130=ORIENTED_EDGE('',*,*,#9002,.T.);
#9131=ORIENTED_EDGE('',*,*,#9098,.F.);
#9132=EDGE_LOOP('',(#9128,#9129,#9130,#9131));
#9133=FACE_BOUND('',#9132,.T.);
#9134=ADVANCED_FACE('',(#9133),#9127,.F.);
#9135=CLOSED_SHELL('',(#8894,#8957,#8988,#9042,#9064,#9076,#9088,#9110,#9122,#9134));
#9136=MANIFOLD_SOLID_BREP('[Stretcher] Back',#9135);
#8854=STYLED_ITEM('',(#267),#9136);
#9138=CARTESIAN_POINT('',(765.96875,406.4,871.5375));
#9139=DIRECTION('',(-1.,0.,-0.));
#9140=DIRECTION('',(-0.,0.,1.));
#9141=AXIS2_PLACEMENT_3D('',#9138,#9139,#9140);
#9142=PLANE('',#9141);
#9143=CARTESIAN_POINT('',(765.96875,381.,876.3));
#9144=VERTEX_POINT('',#9143);
#9145=CARTESIAN_POINT('',(765.96875,19.05,876.3));
#9146=VERTEX_POINT('',#9145);
#9147=CARTESIAN_POINT('',(765.96875,381.,876.3));
#9148=DIRECTION('',(0.,-1.,0.));
#9149=VECTOR('',#9148,361.95);
#9150=LINE('',#9147,#9149);
#9151=EDGE_CURVE('',#9144,#9146,#9150,.T.);
#9152=ORIENTED_EDGE('',*,*,#9151,.F.);
#9153=CARTESIAN_POINT('',(765.96875,381.,120.65));
#9154=VERTEX_POINT('',#9153);
#9155=CARTESIAN_POINT('',(765.96875,381.,876.3));
#9156=DIRECTION('',(0.,0.,-1.));
#9157=VECTOR('',#9156,755.65);
#9158=LINE('',#9155,#9157);
#9159=EDGE_CURVE('',#9144,#9154,#9158,.T.);
#9160=ORIENTED_EDGE('',*,*,#9159,.T.);
#9161=CARTESIAN_POINT('',(765.96875,19.05,120.65));
#9162=VERTEX_POINT('',#9161);
#9163=CARTESIAN_POINT('',(765.96875,381.,120.65));
#9164=DIRECTION('',(0.,-1.,0.));
#9165=VECTOR('',#9164,361.95);
#9166=LINE('',#9163,#9165);
#9167=EDGE_CURVE('',#9154,#9162,#9166,.T.);
#9168=ORIENTED_EDGE('',*,*,#9167,.T.);
#9169=CARTESIAN_POINT('',(765.96875,19.05,876.3));
#9170=DIRECTION('',(0.,0.,-1.));
#9171=VECTOR('',#9170,755.65);
#9172=LINE('',#9169,#9171);
#9173=EDGE_CURVE('',#9146,#9162,#9172,.T.);
#9174=ORIENTED_EDGE('',*,*,#9173,.F.);
#9175=EDGE_LOOP('',(#9152,#9160,#9168,#9174));
#9176=FACE_BOUND('',#9175,.T.);
#9177=ADVANCED_FACE('',(#9176),#9142,.T.);
#9178=CARTESIAN_POINT('',(770.73125,406.4,120.65));
#9179=DIRECTION('',(0.,0.,1.));
#9180=DIRECTION('',(1.,0.,0.));
#9181=AXIS2_PLACEMENT_3D('',#9178,#9179,#9180);
#9182=PLANE('',#9181);
#9183=CARTESIAN_POINT('',(775.49375,381.,120.65));
#9184=VERTEX_POINT('',#9183);
#9185=CARTESIAN_POINT('',(775.49375,381.,120.65));
#9186=DIRECTION('',(-1.,0.,0.));
#9187=VECTOR('',#9186,9.525);
#9188=LINE('',#9185,#9187);
#9189=EDGE_CURVE('',#9184,#9154,#9188,.T.);
#9190=ORIENTED_EDGE('',*,*,#9189,.F.);
#9191=CARTESIAN_POINT('',(775.49375,387.35,120.65));
#9192=VERTEX_POINT('',#9191);
#9193=CARTESIAN_POINT('',(775.49375,387.35,120.65));
#9194=DIRECTION('',(0.,-1.,0.));
#9195=VECTOR('',#9194,6.35);
#9196=LINE('',#9193,#9195);
#9197=EDGE_CURVE('',#9192,#9184,#9196,.T.);
#9198=ORIENTED_EDGE('',*,*,#9197,.F.);
#9199=CARTESIAN_POINT('',(765.96875,387.35,120.65));
#9200=VERTEX_POINT('',#9199);
#9201=CARTESIAN_POINT('',(775.49375,387.35,120.65));
#9202=DIRECTION('',(-1.,0.,0.));
#9203=VECTOR('',#9202,9.525);
#9204=LINE('',#9201,#9203);
#9205=EDGE_CURVE('',#9192,#9200,#9204,.T.);
#9206=ORIENTED_EDGE('',*,*,#9205,.T.);
#9207=CARTESIAN_POINT('',(765.96875,406.4,120.65));
#9208=VERTEX_POINT('',#9207);
#9209=CARTESIAN_POINT('',(765.96875,406.4,120.65));
#9210=DIRECTION('',(0.,-1.,0.));
#9211=VECTOR('',#9210,19.05);
#9212=LINE('',#9209,#9211);
#9213=EDGE_CURVE('',#9208,#9200,#9212,.T.);
#9214=ORIENTED_EDGE('',*,*,#9213,.F.);
#9215=CARTESIAN_POINT('',(785.01875,406.4,120.65));
#9216=VERTEX_POINT('',#9215);
#9217=CARTESIAN_POINT('',(785.01875,406.4,120.65));
#9218=DIRECTION('',(-1.,0.,0.));
#9219=VECTOR('',#9218,19.05);
#9220=LINE('',#9217,#9219);
#9221=EDGE_CURVE('',#9216,#9208,#9220,.T.);
#9222=ORIENTED_EDGE('',*,*,#9221,.F.);
#9223=CARTESIAN_POINT('',(785.01875,19.05,120.65));
#9224=VERTEX_POINT('',#9223);
#9225=CARTESIAN_POINT('',(785.01875,406.4,120.65));
#9226=DIRECTION('',(0.,-1.,0.));
#9227=VECTOR('',#9226,387.35);
#9228=LINE('',#9225,#9227);
#9229=EDGE_CURVE('',#9216,#9224,#9228,.T.);
#9230=ORIENTED_EDGE('',*,*,#9229,.T.);
#9231=CARTESIAN_POINT('',(785.01875,19.05,120.65));
#9232=DIRECTION('',(-1.,0.,0.));
#9233=VECTOR('',#9232,19.05);
#9234=LINE('',#9231,#9233);
#9235=EDGE_CURVE('',#9224,#9162,#9234,.T.);
#9236=ORIENTED_EDGE('',*,*,#9235,.T.);
#9237=ORIENTED_EDGE('',*,*,#9167,.F.);
#9238=EDGE_LOOP('',(#9190,#9198,#9206,#9214,#9222,#9230,#9236,#9237));
#9239=FACE_BOUND('',#9238,.T.);
#9240=ADVANCED_FACE('',(#9239),#9182,.F.);
#9241=CARTESIAN_POINT('',(770.73125,406.4,876.3));
#9242=DIRECTION('',(0.,0.,-1.));
#9243=DIRECTION('',(-1.,0.,0.));
#9244=AXIS2_PLACEMENT_3D('',#9241,#9242,#9243);
#9245=PLANE('',#9244);
#9246=CARTESIAN_POINT('',(775.49375,381.,876.3));
#9247=VERTEX_POINT('',#9246);
#9248=CARTESIAN_POINT('',(765.96875,381.,876.3));
#9249=DIRECTION('',(1.,0.,-0.));
#9250=VECTOR('',#9249,9.525);
#9251=LINE('',#9248,#9250);
#9252=EDGE_CURVE('',#9144,#9247,#9251,.T.);
#9253=ORIENTED_EDGE('',*,*,#9252,.F.);
#9254=ORIENTED_EDGE('',*,*,#9151,.T.);
#9255=CARTESIAN_POINT('',(785.01875,19.05,876.3));
#9256=VERTEX_POINT('',#9255);
#9257=CARTESIAN_POINT('',(765.96875,19.05,876.3));
#9258=DIRECTION('',(1.,0.,-0.));
#9259=VECTOR('',#9258,19.05);
#9260=LINE('',#9257,#9259);
#9261=EDGE_CURVE('',#9146,#9256,#9260,.T.);
#9262=ORIENTED_EDGE('',*,*,#9261,.T.);
#9263=CARTESIAN_POINT('',(785.01875,406.4,876.3));
#9264=VERTEX_POINT('',#9263);
#9265=CARTESIAN_POINT('',(785.01875,406.4,876.3));
#9266=DIRECTION('',(0.,-1.,0.));
#9267=VECTOR('',#9266,387.35);
#9268=LINE('',#9265,#9267);
#9269=EDGE_CURVE('',#9264,#9256,#9268,.T.);
#9270=ORIENTED_EDGE('',*,*,#9269,.F.);
#9271=CARTESIAN_POINT('',(765.96875,406.4,876.3));
#9272=VERTEX_POINT('',#9271);
#9273=CARTESIAN_POINT('',(765.96875,406.4,876.3));
#9274=DIRECTION('',(1.,0.,-0.));
#9275=VECTOR('',#9274,19.05);
#9276=LINE('',#9273,#9275);
#9277=EDGE_CURVE('',#9272,#9264,#9276,.T.);
#9278=ORIENTED_EDGE('',*,*,#9277,.F.);
#9279=CARTESIAN_POINT('',(765.96875,387.35,876.3));
#9280=VERTEX_POINT('',#9279);
#9281=CARTESIAN_POINT('',(765.96875,406.4,876.3));
#9282=DIRECTION('',(0.,-1.,0.));
#9283=VECTOR('',#9282,19.05);
#9284=LINE('',#9281,#9283);
#9285=EDGE_CURVE('',#9272,#9280,#9284,.T.);
#9286=ORIENTED_EDGE('',*,*,#9285,.T.);
#9287=CARTESIAN_POINT('',(775.49375,387.35,876.3));
#9288=VERTEX_POINT('',#9287);
#9289=CARTESIAN_POINT('',(765.96875,387.35,876.3));
#9290=DIRECTION('',(1.,0.,-0.));
#9291=VECTOR('',#9290,9.525);
#9292=LINE('',#9289,#9291);
#9293=EDGE_CURVE('',#9280,#9288,#9292,.T.);
#9294=ORIENTED_EDGE('',*,*,#9293,.T.);
#9295=CARTESIAN_POINT('',(775.49375,387.35,876.3));
#9296=DIRECTION('',(0.,-1.,0.));
#9297=VECTOR('',#9296,6.35);
#9298=LINE('',#9295,#9297);
#9299=EDGE_CURVE('',#9288,#9247,#9298,.T.);
#9300=ORIENTED_EDGE('',*,*,#9299,.T.);
#9301=EDGE_LOOP('',(#9253,#9254,#9262,#9270,#9278,#9286,#9294,#9300));
#9302=FACE_BOUND('',#9301,.T.);
#9303=ADVANCED_FACE('',(#9302),#9245,.F.);
#9304=CARTESIAN_POINT('',(785.01875,406.4,498.475));
#9305=DIRECTION('',(-1.,0.,0.));
#9306=DIRECTION('',(0.,0.,1.));
#9307=AXIS2_PLACEMENT_3D('',#9304,#9305,#9306);
#9308=PLANE('',#9307);
#9309=CARTESIAN_POINT('',(785.01875,19.05,876.3));
#9310=DIRECTION('',(0.,0.,-1.));
#9311=VECTOR('',#9310,755.65);
#9312=LINE('',#9309,#9311);
#9313=EDGE_CURVE('',#9256,#9224,#9312,.T.);
#9314=ORIENTED_EDGE('',*,*,#9313,.T.);
#9315=ORIENTED_EDGE('',*,*,#9229,.F.);
#9316=CARTESIAN_POINT('',(785.01875,406.4,876.3));
#9317=DIRECTION('',(0.,0.,-1.));
#9318=VECTOR('',#9317,755.65);
#9319=LINE('',#9316,#9318);
#9320=EDGE_CURVE('',#9264,#9216,#9319,.T.);
#9321=ORIENTED_EDGE('',*,*,#9320,.F.);
#9322=ORIENTED_EDGE('',*,*,#9269,.T.);
#9323=EDGE_LOOP('',(#9314,#9315,#9321,#9322));
#9324=FACE_BOUND('',#9323,.T.);
#9325=ADVANCED_FACE('',(#9324),#9308,.F.);
#9326=CARTESIAN_POINT('',(765.96875,406.4,871.5375));
#9327=DIRECTION('',(-1.,0.,-0.));
#9328=DIRECTION('',(-0.,0.,1.));
#9329=AXIS2_PLACEMENT_3D('',#9326,#9327,#9328);
#9330=PLANE('',#9329);
#9331=CARTESIAN_POINT('',(765.96875,387.35,876.3));
#9332=DIRECTION('',(0.,0.,-1.));
#9333=VECTOR('',#9332,755.65);
#9334=LINE('',#9331,#9333);
#9335=EDGE_CURVE('',#9280,#9200,#9334,.T.);
#9336=ORIENTED_EDGE('',*,*,#9335,.F.);
#9337=ORIENTED_EDGE('',*,*,#9285,.F.);
#9338=CARTESIAN_POINT('',(765.96875,406.4,876.3));
#9339=DIRECTION('',(0.,0.,-1.));
#9340=VECTOR('',#9339,755.65);
#9341=LINE('',#9338,#9340);
#9342=EDGE_CURVE('',#9272,#9208,#9341,.T.);
#9343=ORIENTED_EDGE('',*,*,#9342,.T.);
#9344=ORIENTED_EDGE('',*,*,#9213,.T.);
#9345=EDGE_LOOP('',(#9336,#9337,#9343,#9344));
#9346=FACE_BOUND('',#9345,.T.);
#9347=ADVANCED_FACE('',(#9346),#9330,.T.);
#9348=CARTESIAN_POINT('',(32.54375,406.4,120.65));
#9349=DIRECTION('',(0.,-1.,0.));
#9350=DIRECTION('',(1.,0.,0.));
#9351=AXIS2_PLACEMENT_3D('',#9348,#9349,#9350);
#9352=PLANE('',#9351);
#9353=ORIENTED_EDGE('',*,*,#9221,.T.);
#9354=ORIENTED_EDGE('',*,*,#9342,.F.);
#9355=ORIENTED_EDGE('',*,*,#9277,.T.);
#9356=ORIENTED_EDGE('',*,*,#9320,.T.);
#9357=EDGE_LOOP('',(#9353,#9354,#9355,#9356));
#9358=FACE_BOUND('',#9357,.T.);
#9359=ADVANCED_FACE('',(#9358),#9352,.F.);
#9360=CARTESIAN_POINT('',(32.54375,19.05,120.65));
#9361=DIRECTION('',(0.,-1.,0.));
#9362=DIRECTION('',(1.,0.,0.));
#9363=AXIS2_PLACEMENT_3D('',#9360,#9361,#9362);
#9364=PLANE('',#9363);
#9365=ORIENTED_EDGE('',*,*,#9235,.F.);
#9366=ORIENTED_EDGE('',*,*,#9313,.F.);
#9367=ORIENTED_EDGE('',*,*,#9261,.F.);
#9368=ORIENTED_EDGE('',*,*,#9173,.T.);
#9369=EDGE_LOOP('',(#9365,#9366,#9367,#9368));
#9370=FACE_BOUND('',#9369,.T.);
#9371=ADVANCED_FACE('',(#9370),#9364,.T.);
#9372=CARTESIAN_POINT('',(775.49375,387.35,498.475));
#9373=DIRECTION('',(-1.,0.,0.));
#9374=DIRECTION('',(0.,0.,1.));
#9375=AXIS2_PLACEMENT_3D('',#9372,#9373,#9374);
#9376=PLANE('',#9375);
#9377=CARTESIAN_POINT('',(775.49375,381.,876.3));
#9378=DIRECTION('',(-0.,0.,-1.));
#9379=VECTOR('',#9378,755.65);
#9380=LINE('',#9377,#9379);
#9381=EDGE_CURVE('',#9247,#9184,#9380,.T.);
#9382=ORIENTED_EDGE('',*,*,#9381,.F.);
#9383=ORIENTED_EDGE('',*,*,#9299,.F.);
#9384=CARTESIAN_POINT('',(775.49375,387.35,876.3));
#9385=DIRECTION('',(-0.,0.,-1.));
#9386=VECTOR('',#9385,755.65);
#9387=LINE('',#9384,#9386);
#9388=EDGE_CURVE('',#9288,#9192,#9387,.T.);
#9389=ORIENTED_EDGE('',*,*,#9388,.T.);
#9390=ORIENTED_EDGE('',*,*,#9197,.T.);
#9391=EDGE_LOOP('',(#9382,#9383,#9389,#9390));
#9392=FACE_BOUND('',#9391,.T.);
#9393=ADVANCED_FACE('',(#9392),#9376,.T.);
#9394=CARTESIAN_POINT('',(32.54375,387.35,120.65));
#9395=DIRECTION('',(0.,-1.,0.));
#9396=DIRECTION('',(1.,0.,0.));
#9397=AXIS2_PLACEMENT_3D('',#9394,#9395,#9396);
#9398=PLANE('',#9397);
#9399=ORIENTED_EDGE('',*,*,#9388,.F.);
#9400=ORIENTED_EDGE('',*,*,#9293,.F.);
#9401=ORIENTED_EDGE('',*,*,#9335,.T.);
#9402=ORIENTED_EDGE('',*,*,#9205,.F.);
#9403=EDGE_LOOP('',(#9399,#9400,#9401,#9402));
#9404=FACE_BOUND('',#9403,.T.);
#9405=ADVANCED_FACE('',(#9404),#9398,.T.);
#9406=CARTESIAN_POINT('',(32.54375,381.,120.65));
#9407=DIRECTION('',(0.,-1.,0.));
#9408=DIRECTION('',(1.,0.,0.));
#9409=AXIS2_PLACEMENT_3D('',#9406,#9407,#9408);
#9410=PLANE('',#9409);
#9411=ORIENTED_EDGE('',*,*,#9381,.T.);
#9412=ORIENTED_EDGE('',*,*,#9189,.T.);
#9413=ORIENTED_EDGE('',*,*,#9159,.F.);
#9414=ORIENTED_EDGE('',*,*,#9252,.T.);
#9415=EDGE_LOOP('',(#9411,#9412,#9413,#9414));
#9416=FACE_BOUND('',#9415,.T.);
#9417=ADVANCED_FACE('',(#9416),#9410,.F.);
#9418=CLOSED_SHELL('',(#9177,#9240,#9303,#9325,#9347,#9359,#9371,#9393,#9405,#9417));
#9419=MANIFOLD_SOLID_BREP('[Panel] Right',#9418);
#9137=STYLED_ITEM('',(#267),#9419);
#9421=CARTESIAN_POINT('',(51.59375,406.4,862.0125));
#9422=DIRECTION('',(1.,0.,0.));
#9423=DIRECTION('',(0.,0.,-1.));
#9424=AXIS2_PLACEMENT_3D('',#9421,#9422,#9423);
#9425=PLANE('',#9424);
#9426=CARTESIAN_POINT('',(51.59375,381.,120.65));
#9427=VERTEX_POINT('',#9426);
#9428=CARTESIAN_POINT('',(51.59375,-0.,120.65));
#9429=VERTEX_POINT('',#9428);
#9430=CARTESIAN_POINT('',(51.59375,381.,120.65));
#9431=DIRECTION('',(0.,-1.,0.));
#9432=VECTOR('',#9431,381.);
#9433=LINE('',#9430,#9432);
#9434=EDGE_CURVE('',#9427,#9429,#9433,.T.);
#9435=ORIENTED_EDGE('',*,*,#9434,.F.);
#9436=CARTESIAN_POINT('',(51.59375,381.,876.3));
#9437=VERTEX_POINT('',#9436);
#9438=CARTESIAN_POINT('',(51.59375,381.,120.65));
#9439=DIRECTION('',(0.,0.,1.));
#9440=VECTOR('',#9439,755.65);
#9441=LINE('',#9438,#9440);
#9442=EDGE_CURVE('',#9427,#9437,#9441,.T.);
#9443=ORIENTED_EDGE('',*,*,#9442,.T.);
#9444=CARTESIAN_POINT('',(51.59375,-0.,876.3));
#9445=VERTEX_POINT('',#9444);
#9446=CARTESIAN_POINT('',(51.59375,381.,876.3));
#9447=DIRECTION('',(0.,-1.,0.));
#9448=VECTOR('',#9447,381.);
#9449=LINE('',#9446,#9448);
#9450=EDGE_CURVE('',#9437,#9445,#9449,.T.);
#9451=ORIENTED_EDGE('',*,*,#9450,.T.);
#9452=CARTESIAN_POINT('',(51.59375,-0.,120.65));
#9453=DIRECTION('',(0.,0.,1.));
#9454=VECTOR('',#9453,755.65);
#9455=LINE('',#9452,#9454);
#9456=EDGE_CURVE('',#9429,#9445,#9455,.T.);
#9457=ORIENTED_EDGE('',*,*,#9456,.F.);
#9458=EDGE_LOOP('',(#9435,#9443,#9451,#9457));
#9459=FACE_BOUND('',#9458,.T.);
#9460=ADVANCED_FACE('',(#9459),#9425,.T.);
#9461=CARTESIAN_POINT('',(37.30625,406.4,120.65));
#9462=DIRECTION('',(0.,0.,1.));
#9463=DIRECTION('',(1.,0.,0.));
#9464=AXIS2_PLACEMENT_3D('',#9461,#9462,#9463);
#9465=PLANE('',#9464);
#9466=CARTESIAN_POINT('',(42.06875,381.,120.65));
#9467=VERTEX_POINT('',#9466);
#9468=CARTESIAN_POINT('',(51.59375,381.,120.65));
#9469=DIRECTION('',(-1.,0.,0.));
#9470=VECTOR('',#9469,9.525);
#9471=LINE('',#9468,#9470);
#9472=EDGE_CURVE('',#9427,#9467,#9471,.T.);
#9473=ORIENTED_EDGE('',*,*,#9472,.F.);
#9474=ORIENTED_EDGE('',*,*,#9434,.T.);
#9475=CARTESIAN_POINT('',(32.54375,-0.,120.65));
#9476=VERTEX_POINT('',#9475);
#9477=CARTESIAN_POINT('',(51.59375,-0.,120.65));
#9478=DIRECTION('',(-1.,0.,0.));
#9479=VECTOR('',#9478,19.05);
#9480=LINE('',#9477,#9479);
#9481=EDGE_CURVE('',#9429,#9476,#9480,.T.);
#9482=ORIENTED_EDGE('',*,*,#9481,.T.);
#9483=CARTESIAN_POINT('',(32.54375,406.4,120.65));
#9484=VERTEX_POINT('',#9483);
#9485=CARTESIAN_POINT('',(32.54375,406.4,120.65));
#9486=DIRECTION('',(0.,-1.,0.));
#9487=VECTOR('',#9486,406.4);
#9488=LINE('',#9485,#9487);
#9489=EDGE_CURVE('',#9484,#9476,#9488,.T.);
#9490=ORIENTED_EDGE('',*,*,#9489,.F.);
#9491=CARTESIAN_POINT('',(51.59375,406.4,120.65));
#9492=VERTEX_POINT('',#9491);
#9493=CARTESIAN_POINT('',(51.59375,406.4,120.65));
#9494=DIRECTION('',(-1.,0.,0.));
#9495=VECTOR('',#9494,19.05);
#9496=LINE('',#9493,#9495);
#9497=EDGE_CURVE('',#9492,#9484,#9496,.T.);
#9498=ORIENTED_EDGE('',*,*,#9497,.F.);
#9499=CARTESIAN_POINT('',(51.59375,387.35,120.65));
#9500=VERTEX_POINT('',#9499);
#9501=CARTESIAN_POINT('',(51.59375,406.4,120.65));
#9502=DIRECTION('',(0.,-1.,0.));
#9503=VECTOR('',#9502,19.05);
#9504=LINE('',#9501,#9503);
#9505=EDGE_CURVE('',#9492,#9500,#9504,.T.);
#9506=ORIENTED_EDGE('',*,*,#9505,.T.);
#9507=CARTESIAN_POINT('',(42.06875,387.35,120.65));
#9508=VERTEX_POINT('',#9507);
#9509=CARTESIAN_POINT('',(51.59375,387.35,120.65));
#9510=DIRECTION('',(-1.,0.,0.));
#9511=VECTOR('',#9510,9.525);
#9512=LINE('',#9509,#9511);
#9513=EDGE_CURVE('',#9500,#9508,#9512,.T.);
#9514=ORIENTED_EDGE('',*,*,#9513,.T.);
#9515=CARTESIAN_POINT('',(42.06875,387.35,120.65));
#9516=DIRECTION('',(0.,-1.,0.));
#9517=VECTOR('',#9516,6.35);
#9518=LINE('',#9515,#9517);
#9519=EDGE_CURVE('',#9508,#9467,#9518,.T.);
#9520=ORIENTED_EDGE('',*,*,#9519,.T.);
#9521=EDGE_LOOP('',(#9473,#9474,#9482,#9490,#9498,#9506,#9514,#9520));
#9522=FACE_BOUND('',#9521,.T.);
#9523=ADVANCED_FACE('',(#9522),#9465,.F.);
#9524=CARTESIAN_POINT('',(37.30625,406.4,876.3));
#9525=DIRECTION('',(0.,0.,-1.));
#9526=DIRECTION('',(-1.,0.,0.));
#9527=AXIS2_PLACEMENT_3D('',#9524,#9525,#9526);
#9528=PLANE('',#9527);
#9529=CARTESIAN_POINT('',(42.06875,381.,876.3));
#9530=VERTEX_POINT('',#9529);
#9531=CARTESIAN_POINT('',(42.06875,381.,876.3));
#9532=DIRECTION('',(1.,0.,-0.));
#9533=VECTOR('',#9532,9.525);
#9534=LINE('',#9531,#9533);
#9535=EDGE_CURVE('',#9530,#9437,#9534,.T.);
#9536=ORIENTED_EDGE('',*,*,#9535,.F.);
#9537=CARTESIAN_POINT('',(42.06875,387.35,876.3));
#9538=VERTEX_POINT('',#9537);
#9539=CARTESIAN_POINT('',(42.06875,387.35,876.3));
#9540=DIRECTION('',(0.,-1.,0.));
#9541=VECTOR('',#9540,6.35);
#9542=LINE('',#9539,#9541);
#9543=EDGE_CURVE('',#9538,#9530,#9542,.T.);
#9544=ORIENTED_EDGE('',*,*,#9543,.F.);
#9545=CARTESIAN_POINT('',(51.59375,387.35,876.3));
#9546=VERTEX_POINT('',#9545);
#9547=CARTESIAN_POINT('',(42.06875,387.35,876.3));
#9548=DIRECTION('',(1.,0.,-0.));
#9549=VECTOR('',#9548,9.525);
#9550=LINE('',#9547,#9549);
#9551=EDGE_CURVE('',#9538,#9546,#9550,.T.);
#9552=ORIENTED_EDGE('',*,*,#9551,.T.);
#9553=CARTESIAN_POINT('',(51.59375,406.4,876.3));
#9554=VERTEX_POINT('',#9553);
#9555=CARTESIAN_POINT('',(51.59375,406.4,876.3));
#9556=DIRECTION('',(0.,-1.,0.));
#9557=VECTOR('',#9556,19.05);
#9558=LINE('',#9555,#9557);
#9559=EDGE_CURVE('',#9554,#9546,#9558,.T.);
#9560=ORIENTED_EDGE('',*,*,#9559,.F.);
#9561=CARTESIAN_POINT('',(32.54375,406.4,876.3));
#9562=VERTEX_POINT('',#9561);
#9563=CARTESIAN_POINT('',(32.54375,406.4,876.3));
#9564=DIRECTION('',(1.,0.,-0.));
#9565=VECTOR('',#9564,19.05);
#9566=LINE('',#9563,#9565);
#9567=EDGE_CURVE('',#9562,#9554,#9566,.T.);
#9568=ORIENTED_EDGE('',*,*,#9567,.F.);
#9569=CARTESIAN_POINT('',(32.54375,-0.,876.3));
#9570=VERTEX_POINT('',#9569);
#9571=CARTESIAN_POINT('',(32.54375,406.4,876.3));
#9572=DIRECTION('',(0.,-1.,0.));
#9573=VECTOR('',#9572,406.4);
#9574=LINE('',#9571,#9573);
#9575=EDGE_CURVE('',#9562,#9570,#9574,.T.);
#9576=ORIENTED_EDGE('',*,*,#9575,.T.);
#9577=CARTESIAN_POINT('',(32.54375,-0.,876.3));
#9578=DIRECTION('',(1.,0.,-0.));
#9579=VECTOR('',#9578,19.05);
#9580=LINE('',#9577,#9579);
#9581=EDGE_CURVE('',#9570,#9445,#9580,.T.);
#9582=ORIENTED_EDGE('',*,*,#9581,.T.);
#9583=ORIENTED_EDGE('',*,*,#9450,.F.);
#9584=EDGE_LOOP('',(#9536,#9544,#9552,#9560,#9568,#9576,#9582,#9583));
#9585=FACE_BOUND('',#9584,.T.);
#9586=ADVANCED_FACE('',(#9585),#9528,.F.);
#9587=CARTESIAN_POINT('',(51.59375,406.4,862.0125));
#9588=DIRECTION('',(1.,0.,0.));
#9589=DIRECTION('',(0.,0.,-1.));
#9590=AXIS2_PLACEMENT_3D('',#9587,#9588,#9589);
#9591=PLANE('',#9590);
#9592=CARTESIAN_POINT('',(51.59375,387.35,120.65));
#9593=DIRECTION('',(0.,0.,1.));
#9594=VECTOR('',#9593,755.65);
#9595=LINE('',#9592,#9594);
#9596=EDGE_CURVE('',#9500,#9546,#9595,.T.);
#9597=ORIENTED_EDGE('',*,*,#9596,.F.);
#9598=ORIENTED_EDGE('',*,*,#9505,.F.);
#9599=CARTESIAN_POINT('',(51.59375,406.4,120.65));
#9600=DIRECTION('',(0.,0.,1.));
#9601=VECTOR('',#9600,755.65);
#9602=LINE('',#9599,#9601);
#9603=EDGE_CURVE('',#9492,#9554,#9602,.T.);
#9604=ORIENTED_EDGE('',*,*,#9603,.T.);
#9605=ORIENTED_EDGE('',*,*,#9559,.T.);
#9606=EDGE_LOOP('',(#9597,#9598,#9604,#9605));
#9607=FACE_BOUND('',#9606,.T.);
#9608=ADVANCED_FACE('',(#9607),#9591,.T.);
#9609=CARTESIAN_POINT('',(32.54375,406.4,498.475));
#9610=DIRECTION('',(1.,0.,0.));
#9611=DIRECTION('',(0.,0.,-1.));
#9612=AXIS2_PLACEMENT_3D('',#9609,#9610,#9611);
#9613=PLANE('',#9612);
#9614=CARTESIAN_POINT('',(32.54375,-0.,120.65));
#9615=DIRECTION('',(0.,0.,1.));
#9616=VECTOR('',#9615,755.65);
#9617=LINE('',#9614,#9616);
#9618=EDGE_CURVE('',#9476,#9570,#9617,.T.);
#9619=ORIENTED_EDGE('',*,*,#9618,.T.);
#9620=ORIENTED_EDGE('',*,*,#9575,.F.);
#9621=CARTESIAN_POINT('',(32.54375,406.4,120.65));
#9622=DIRECTION('',(0.,0.,1.));
#9623=VECTOR('',#9622,755.65);
#9624=LINE('',#9621,#9623);
#9625=EDGE_CURVE('',#9484,#9562,#9624,.T.);
#9626=ORIENTED_EDGE('',*,*,#9625,.F.);
#9627=ORIENTED_EDGE('',*,*,#9489,.T.);
#9628=EDGE_LOOP('',(#9619,#9620,#9626,#9627));
#9629=FACE_BOUND('',#9628,.T.);
#9630=ADVANCED_FACE('',(#9629),#9613,.F.);
#9631=CARTESIAN_POINT('',(32.54375,406.4,120.65));
#9632=DIRECTION('',(0.,-1.,0.));
#9633=DIRECTION('',(1.,0.,0.));
#9634=AXIS2_PLACEMENT_3D('',#9631,#9632,#9633);
#9635=PLANE('',#9634);
#9636=ORIENTED_EDGE('',*,*,#9497,.T.);
#9637=ORIENTED_EDGE('',*,*,#9625,.T.);
#9638=ORIENTED_EDGE('',*,*,#9567,.T.);
#9639=ORIENTED_EDGE('',*,*,#9603,.F.);
#9640=EDGE_LOOP('',(#9636,#9637,#9638,#9639));
#9641=FACE_BOUND('',#9640,.T.);
#9642=ADVANCED_FACE('',(#9641),#9635,.F.);
#9643=CARTESIAN_POINT('',(32.54375,-0.,120.65));
#9644=DIRECTION('',(0.,-1.,0.));
#9645=DIRECTION('',(1.,0.,0.));
#9646=AXIS2_PLACEMENT_3D('',#9643,#9644,#9645);
#9647=PLANE('',#9646);
#9648=ORIENTED_EDGE('',*,*,#9481,.F.);
#9649=ORIENTED_EDGE('',*,*,#9456,.T.);
#9650=ORIENTED_EDGE('',*,*,#9581,.F.);
#9651=ORIENTED_EDGE('',*,*,#9618,.F.);
#9652=EDGE_LOOP('',(#9648,#9649,#9650,#9651));
#9653=FACE_BOUND('',#9652,.T.);
#9654=ADVANCED_FACE('',(#9653),#9647,.T.);
#9655=CARTESIAN_POINT('',(42.06875,387.35,498.475));
#9656=DIRECTION('',(-1.,0.,-0.));
#9657=DIRECTION('',(-0.,0.,1.));
#9658=AXIS2_PLACEMENT_3D('',#9655,#9656,#9657);
#9659=PLANE('',#9658);
#9660=CARTESIAN_POINT('',(42.06875,381.,876.3));
#9661=DIRECTION('',(0.,0.,-1.));
#9662=VECTOR('',#9661,755.65);
#9663=LINE('',#9660,#9662);
#9664=EDGE_CURVE('',#9530,#9467,#9663,.T.);
#9665=ORIENTED_EDGE('',*,*,#9664,.T.);
#9666=ORIENTED_EDGE('',*,*,#9519,.F.);
#9667=CARTESIAN_POINT('',(42.06875,387.35,876.3));
#9668=DIRECTION('',(0.,0.,-1.));
#9669=VECTOR('',#9668,755.65);
#9670=LINE('',#9667,#9669);
#9671=EDGE_CURVE('',#9538,#9508,#9670,.T.);
#9672=ORIENTED_EDGE('',*,*,#9671,.F.);
#9673=ORIENTED_EDGE('',*,*,#9543,.T.);
#9674=EDGE_LOOP('',(#9665,#9666,#9672,#9673));
#9675=FACE_BOUND('',#9674,.T.);
#9676=ADVANCED_FACE('',(#9675),#9659,.F.);
#9677=CARTESIAN_POINT('',(32.54375,387.35,120.65));
#9678=DIRECTION('',(0.,-1.,0.));
#9679=DIRECTION('',(1.,0.,0.));
#9680=AXIS2_PLACEMENT_3D('',#9677,#9678,#9679);
#9681=PLANE('',#9680);
#9682=ORIENTED_EDGE('',*,*,#9596,.T.);
#9683=ORIENTED_EDGE('',*,*,#9551,.F.);
#9684=ORIENTED_EDGE('',*,*,#9671,.T.);
#9685=ORIENTED_EDGE('',*,*,#9513,.F.);
#9686=EDGE_LOOP('',(#9682,#9683,#9684,#9685));
#9687=FACE_BOUND('',#9686,.T.);
#9688=ADVANCED_FACE('',(#9687),#9681,.T.);
#9689=CARTESIAN_POINT('',(32.54375,381.,120.65));
#9690=DIRECTION('',(0.,-1.,0.));
#9691=DIRECTION('',(1.,0.,0.));
#9692=AXIS2_PLACEMENT_3D('',#9689,#9690,#9691);
#9693=PLANE('',#9692);
#9694=ORIENTED_EDGE('',*,*,#9442,.F.);
#9695=ORIENTED_EDGE('',*,*,#9472,.T.);
#9696=ORIENTED_EDGE('',*,*,#9664,.F.);
#9697=ORIENTED_EDGE('',*,*,#9535,.T.);
#9698=EDGE_LOOP('',(#9694,#9695,#9696,#9697));
#9699=FACE_BOUND('',#9698,.T.);
#9700=ADVANCED_FACE('',(#9699),#9693,.F.);
#9701=CLOSED_SHELL('',(#9460,#9523,#9586,#9608,#9630,#9642,#9654,#9676,#9688,#9700));
#9702=MANIFOLD_SOLID_BREP('[Panel] Left',#9701);
#9420=STYLED_ITEM('',(#267),#9702);
#9704=CARTESIAN_POINT('',(408.78125,406.4,139.7));
#9705=DIRECTION('',(-0.,0.,1.));
#9706=DIRECTION('',(1.,0.,0.));
#9707=AXIS2_PLACEMENT_3D('',#9704,#9705,#9706);
#9708=PLANE('',#9707);
#9709=CARTESIAN_POINT('',(765.96875,381.,139.7));
#9710=VERTEX_POINT('',#9709);
#9711=CARTESIAN_POINT('',(765.96875,19.05,139.7));
#9712=VERTEX_POINT('',#9711);
#9713=CARTESIAN_POINT('',(765.96875,381.,139.7));
#9714=DIRECTION('',(0.,-1.,0.));
#9715=VECTOR('',#9714,361.95);
#9716=LINE('',#9713,#9715);
#9717=EDGE_CURVE('',#9710,#9712,#9716,.T.);
#9718=ORIENTED_EDGE('',*,*,#9717,.F.);
#9719=CARTESIAN_POINT('',(51.59375,381.,139.7));
#9720=VERTEX_POINT('',#9719);
#9721=CARTESIAN_POINT('',(765.96875,381.,139.7));
#9722=DIRECTION('',(-1.,0.,-0.));
#9723=VECTOR('',#9722,714.375);
#9724=LINE('',#9721,#9723);
#9725=EDGE_CURVE('',#9710,#9720,#9724,.T.);
#9726=ORIENTED_EDGE('',*,*,#9725,.T.);
#9727=CARTESIAN_POINT('',(51.59375,19.05,139.7));
#9728=VERTEX_POINT('',#9727);
#9729=CARTESIAN_POINT('',(51.59375,381.,139.7));
#9730=DIRECTION('',(0.,-1.,0.));
#9731=VECTOR('',#9730,361.95);
#9732=LINE('',#9729,#9731);
#9733=EDGE_CURVE('',#9720,#9728,#9732,.T.);
#9734=ORIENTED_EDGE('',*,*,#9733,.T.);
#9735=CARTESIAN_POINT('',(765.96875,19.05,139.7));
#9736=DIRECTION('',(-1.,0.,-0.));
#9737=VECTOR('',#9736,714.375);
#9738=LINE('',#9735,#9737);
#9739=EDGE_CURVE('',#9712,#9728,#9738,.T.);
#9740=ORIENTED_EDGE('',*,*,#9739,.F.);
#9741=EDGE_LOOP('',(#9718,#9726,#9734,#9740));
#9742=FACE_BOUND('',#9741,.T.);
#9743=ADVANCED_FACE('',(#9742),#9708,.T.);
#9744=CARTESIAN_POINT('',(765.96875,406.4,125.4125));
#9745=DIRECTION('',(-1.,0.,0.));
#9746=DIRECTION('',(0.,0.,1.));
#9747=AXIS2_PLACEMENT_3D('',#9744,#9745,#9746);
#9748=PLANE('',#9747);
#9749=CARTESIAN_POINT('',(765.96875,381.,130.175));
#9750=VERTEX_POINT('',#9749);
#9751=CARTESIAN_POINT('',(765.96875,381.,139.7));
#9752=DIRECTION('',(0.,0.,-1.));
#9753=VECTOR('',#9752,9.525);
#9754=LINE('',#9751,#9753);
#9755=EDGE_CURVE('',#9710,#9750,#9754,.T.);
#9756=ORIENTED_EDGE('',*,*,#9755,.F.);
#9757=ORIENTED_EDGE('',*,*,#9717,.T.);
#9758=CARTESIAN_POINT('',(765.96875,19.05,120.65));
#9759=VERTEX_POINT('',#9758);
#9760=CARTESIAN_POINT('',(765.96875,19.05,139.7));
#9761=DIRECTION('',(0.,0.,-1.));
#9762=VECTOR('',#9761,19.05);
#9763=LINE('',#9760,#9762);
#9764=EDGE_CURVE('',#9712,#9759,#9763,.T.);
#9765=ORIENTED_EDGE('',*,*,#9764,.T.);
#9766=CARTESIAN_POINT('',(765.96875,406.4,120.65));
#9767=VERTEX_POINT('',#9766);
#9768=CARTESIAN_POINT('',(765.96875,406.4,120.65));
#9769=DIRECTION('',(0.,-1.,0.));
#9770=VECTOR('',#9769,387.35);
#9771=LINE('',#9768,#9770);
#9772=EDGE_CURVE('',#9767,#9759,#9771,.T.);
#9773=ORIENTED_EDGE('',*,*,#9772,.F.);
#9774=CARTESIAN_POINT('',(765.96875,406.4,139.7));
#9775=VERTEX_POINT('',#9774);
#9776=CARTESIAN_POINT('',(765.96875,406.4,139.7));
#9777=DIRECTION('',(0.,0.,-1.));
#9778=VECTOR('',#9777,19.05);
#9779=LINE('',#9776,#9778);
#9780=EDGE_CURVE('',#9775,#9767,#9779,.T.);
#9781=ORIENTED_EDGE('',*,*,#9780,.F.);
#9782=CARTESIAN_POINT('',(765.96875,387.35,139.7));
#9783=VERTEX_POINT('',#9782);
#9784=CARTESIAN_POINT('',(765.96875,406.4,139.7));
#9785=DIRECTION('',(0.,-1.,0.));
#9786=VECTOR('',#9785,19.05);
#9787=LINE('',#9784,#9786);
#9788=EDGE_CURVE('',#9775,#9783,#9787,.T.);
#9789=ORIENTED_EDGE('',*,*,#9788,.T.);
#9790=CARTESIAN_POINT('',(765.96875,387.35,130.175));
#9791=VERTEX_POINT('',#9790);
#9792=CARTESIAN_POINT('',(765.96875,387.35,139.7));
#9793=DIRECTION('',(0.,0.,-1.));
#9794=VECTOR('',#9793,9.525);
#9795=LINE('',#9792,#9794);
#9796=EDGE_CURVE('',#9783,#9791,#9795,.T.);
#9797=ORIENTED_EDGE('',*,*,#9796,.T.);
#9798=CARTESIAN_POINT('',(765.96875,387.35,130.175));
#9799=DIRECTION('',(0.,-1.,0.));
#9800=VECTOR('',#9799,6.35);
#9801=LINE('',#9798,#9800);
#9802=EDGE_CURVE('',#9791,#9750,#9801,.T.);
#9803=ORIENTED_EDGE('',*,*,#9802,.T.);
#9804=EDGE_LOOP('',(#9756,#9757,#9765,#9773,#9781,#9789,#9797,#9803));
#9805=FACE_BOUND('',#9804,.T.);
#9806=ADVANCED_FACE('',(#9805),#9748,.F.);
#9807=CARTESIAN_POINT('',(51.59375,406.4,125.4125));
#9808=DIRECTION('',(-1.,0.,-0.));
#9809=DIRECTION('',(-0.,0.,1.));
#9810=AXIS2_PLACEMENT_3D('',#9807,#9808,#9809);
#9811=PLANE('',#9810);
#9812=ORIENTED_EDGE('',*,*,#9733,.F.);
#9813=CARTESIAN_POINT('',(51.59375,381.,130.175));
#9814=VERTEX_POINT('',#9813);
#9815=CARTESIAN_POINT('',(51.59375,381.,139.7));
#9816=DIRECTION('',(0.,0.,-1.));
#9817=VECTOR('',#9816,9.525);
#9818=LINE('',#9815,#9817);
#9819=EDGE_CURVE('',#9720,#9814,#9818,.T.);
#9820=ORIENTED_EDGE('',*,*,#9819,.T.);
#9821=CARTESIAN_POINT('',(51.59375,387.35,130.175));
#9822=VERTEX_POINT('',#9821);
#9823=CARTESIAN_POINT('',(51.59375,387.35,130.175));
#9824=DIRECTION('',(0.,-1.,0.));
#9825=VECTOR('',#9824,6.35);
#9826=LINE('',#9823,#9825);
#9827=EDGE_CURVE('',#9822,#9814,#9826,.T.);
#9828=ORIENTED_EDGE('',*,*,#9827,.F.);
#9829=CARTESIAN_POINT('',(51.59375,387.35,139.7));
#9830=VERTEX_POINT('',#9829);
#9831=CARTESIAN_POINT('',(51.59375,387.35,139.7));
#9832=DIRECTION('',(0.,0.,-1.));
#9833=VECTOR('',#9832,9.525);
#9834=LINE('',#9831,#9833);
#9835=EDGE_CURVE('',#9830,#9822,#9834,.T.);
#9836=ORIENTED_EDGE('',*,*,#9835,.F.);
#9837=CARTESIAN_POINT('',(51.59375,406.4,139.7));
#9838=VERTEX_POINT('',#9837);
#9839=CARTESIAN_POINT('',(51.59375,406.4,139.7));
#9840=DIRECTION('',(0.,-1.,0.));
#9841=VECTOR('',#9840,19.05);
#9842=LINE('',#9839,#9841);
#9843=EDGE_CURVE('',#9838,#9830,#9842,.T.);
#9844=ORIENTED_EDGE('',*,*,#9843,.F.);
#9845=CARTESIAN_POINT('',(51.59375,406.4,120.65));
#9846=VERTEX_POINT('',#9845);
#9847=CARTESIAN_POINT('',(51.59375,406.4,139.7));
#9848=DIRECTION('',(0.,0.,-1.));
#9849=VECTOR('',#9848,19.05);
#9850=LINE('',#9847,#9849);
#9851=EDGE_CURVE('',#9838,#9846,#9850,.T.);
#9852=ORIENTED_EDGE('',*,*,#9851,.T.);
#9853=CARTESIAN_POINT('',(51.59375,19.05,120.65));
#9854=VERTEX_POINT('',#9853);
#9855=CARTESIAN_POINT('',(51.59375,406.4,120.65));
#9856=DIRECTION('',(0.,-1.,0.));
#9857=VECTOR('',#9856,387.35);
#9858=LINE('',#9855,#9857);
#9859=EDGE_CURVE('',#9846,#9854,#9858,.T.);
#9860=ORIENTED_EDGE('',*,*,#9859,.T.);
#9861=CARTESIAN_POINT('',(51.59375,19.05,139.7));
#9862=DIRECTION('',(0.,0.,-1.));
#9863=VECTOR('',#9862,19.05);
#9864=LINE('',#9861,#9863);
#9865=EDGE_CURVE('',#9728,#9854,#9864,.T.);
#9866=ORIENTED_EDGE('',*,*,#9865,.F.);
#9867=EDGE_LOOP('',(#9812,#9820,#9828,#9836,#9844,#9852,#9860,#9866));
#9868=FACE_BOUND('',#9867,.T.);
#9869=ADVANCED_FACE('',(#9868),#9811,.T.);
#9870=CARTESIAN_POINT('',(408.78125,406.4,139.7));
#9871=DIRECTION('',(-0.,0.,1.));
#9872=DIRECTION('',(1.,0.,0.));
#9873=AXIS2_PLACEMENT_3D('',#9870,#9871,#9872);
#9874=PLANE('',#9873);
#9875=CARTESIAN_POINT('',(765.96875,387.35,139.7));
#9876=DIRECTION('',(-1.,0.,-0.));
#9877=VECTOR('',#9876,714.375);
#9878=LINE('',#9875,#9877);
#9879=EDGE_CURVE('',#9783,#9830,#9878,.T.);
#9880=ORIENTED_EDGE('',*,*,#9879,.F.);
#9881=ORIENTED_EDGE('',*,*,#9788,.F.);
#9882=CARTESIAN_POINT('',(765.96875,406.4,139.7));
#9883=DIRECTION('',(-1.,0.,-0.));
#9884=VECTOR('',#9883,714.375);
#9885=LINE('',#9882,#9884);
#9886=EDGE_CURVE('',#9775,#9838,#9885,.T.);
#9887=ORIENTED_EDGE('',*,*,#9886,.T.);
#9888=ORIENTED_EDGE('',*,*,#9843,.T.);
#9889=EDGE_LOOP('',(#9880,#9881,#9887,#9888));
#9890=FACE_BOUND('',#9889,.T.);
#9891=ADVANCED_FACE('',(#9890),#9874,.T.);
#9892=CARTESIAN_POINT('',(408.78125,406.4,120.65));
#9893=DIRECTION('',(0.,0.,-1.));
#9894=DIRECTION('',(-1.,0.,0.));
#9895=AXIS2_PLACEMENT_3D('',#9892,#9893,#9894);
#9896=PLANE('',#9895);
#9897=CARTESIAN_POINT('',(51.59375,19.05,120.65));
#9898=DIRECTION('',(1.,0.,-0.));
#9899=VECTOR('',#9898,714.375);
#9900=LINE('',#9897,#9899);
#9901=EDGE_CURVE('',#9854,#9759,#9900,.T.);
#9902=ORIENTED_EDGE('',*,*,#9901,.F.);
#9903=ORIENTED_EDGE('',*,*,#9859,.F.);
#9904=CARTESIAN_POINT('',(51.59375,406.4,120.65));
#9905=DIRECTION('',(1.,0.,-0.));
#9906=VECTOR('',#9905,714.375);
#9907=LINE('',#9904,#9906);
#9908=EDGE_CURVE('',#9846,#9767,#9907,.T.);
#9909=ORIENTED_EDGE('',*,*,#9908,.T.);
#9910=ORIENTED_EDGE('',*,*,#9772,.T.);
#9911=EDGE_LOOP('',(#9902,#9903,#9909,#9910));
#9912=FACE_BOUND('',#9911,.T.);
#9913=ADVANCED_FACE('',(#9912),#9896,.T.);
#9914=CARTESIAN_POINT('',(32.54375,406.4,120.65));
#9915=DIRECTION('',(0.,-1.,0.));
#9916=DIRECTION('',(1.,0.,0.));
#9917=AXIS2_PLACEMENT_3D('',#9914,#9915,#9916);
#9918=PLANE('',#9917);
#9919=ORIENTED_EDGE('',*,*,#9780,.T.);
#9920=ORIENTED_EDGE('',*,*,#9908,.F.);
#9921=ORIENTED_EDGE('',*,*,#9851,.F.);
#9922=ORIENTED_EDGE('',*,*,#9886,.F.);
#9923=EDGE_LOOP('',(#9919,#9920,#9921,#9922));
#9924=FACE_BOUND('',#9923,.T.);
#9925=ADVANCED_FACE('',(#9924),#9918,.F.);
#9926=CARTESIAN_POINT('',(32.54375,19.05,120.65));
#9927=DIRECTION('',(0.,-1.,0.));
#9928=DIRECTION('',(1.,0.,0.));
#9929=AXIS2_PLACEMENT_3D('',#9926,#9927,#9928);
#9930=PLANE('',#9929);
#9931=ORIENTED_EDGE('',*,*,#9764,.F.);
#9932=ORIENTED_EDGE('',*,*,#9739,.T.);
#9933=ORIENTED_EDGE('',*,*,#9865,.T.);
#9934=ORIENTED_EDGE('',*,*,#9901,.T.);
#9935=EDGE_LOOP('',(#9931,#9932,#9933,#9934));
#9936=FACE_BOUND('',#9935,.T.);
#9937=ADVANCED_FACE('',(#9936),#9930,.T.);
#9938=CARTESIAN_POINT('',(408.78125,387.35,130.175));
#9939=DIRECTION('',(0.,0.,1.));
#9940=DIRECTION('',(1.,0.,-0.));
#9941=AXIS2_PLACEMENT_3D('',#9938,#9939,#9940);
#9942=PLANE('',#9941);
#9943=CARTESIAN_POINT('',(765.96875,381.,130.175));
#9944=DIRECTION('',(-1.,0.,0.));
#9945=VECTOR('',#9944,714.375);
#9946=LINE('',#9943,#9945);
#9947=EDGE_CURVE('',#9750,#9814,#9946,.T.);
#9948=ORIENTED_EDGE('',*,*,#9947,.F.);
#9949=ORIENTED_EDGE('',*,*,#9802,.F.);
#9950=CARTESIAN_POINT('',(765.96875,387.35,130.175));
#9951=DIRECTION('',(-1.,0.,0.));
#9952=VECTOR('',#9951,714.375);
#9953=LINE('',#9950,#9952);
#9954=EDGE_CURVE('',#9791,#9822,#9953,.T.);
#9955=ORIENTED_EDGE('',*,*,#9954,.T.);
#9956=ORIENTED_EDGE('',*,*,#9827,.T.);
#9957=EDGE_LOOP('',(#9948,#9949,#9955,#9956));
#9958=FACE_BOUND('',#9957,.T.);
#9959=ADVANCED_FACE('',(#9958),#9942,.T.);
#9960=CARTESIAN_POINT('',(32.54375,387.35,120.65));
#9961=DIRECTION('',(0.,-1.,0.));
#9962=DIRECTION('',(1.,0.,0.));
#9963=AXIS2_PLACEMENT_3D('',#9960,#9961,#9962);
#9964=PLANE('',#9963);
#9965=ORIENTED_EDGE('',*,*,#9954,.F.);
#9966=ORIENTED_EDGE('',*,*,#9796,.F.);
#9967=ORIENTED_EDGE('',*,*,#9879,.T.);
#9968=ORIENTED_EDGE('',*,*,#9835,.T.);
#9969=EDGE_LOOP('',(#9965,#9966,#9967,#9968));
#9970=FACE_BOUND('',#9969,.T.);
#9971=ADVANCED_FACE('',(#9970),#9964,.T.);
#9972=CARTESIAN_POINT('',(32.54375,381.,120.65));
#9973=DIRECTION('',(0.,-1.,0.));
#9974=DIRECTION('',(1.,0.,0.));
#9975=AXIS2_PLACEMENT_3D('',#9972,#9973,#9974);
#9976=PLANE('',#9975);
#9977=ORIENTED_EDGE('',*,*,#9947,.T.);
#9978=ORIENTED_EDGE('',*,*,#9819,.F.);
#9979=ORIENTED_EDGE('',*,*,#9725,.F.);
#9980=ORIENTED_EDGE('',*,*,#9755,.T.);
#9981=EDGE_LOOP('',(#9977,#9978,#9979,#9980));
#9982=FACE_BOUND('',#9981,.T.);
#9983=ADVANCED_FACE('',(#9982),#9976,.F.);
#9984=CLOSED_SHELL('',(#9743,#9806,#9869,#9891,#9913,#9925,#9937,#9959,#9971,#9983));
#9985=MANIFOLD_SOLID_BREP('[Panel] Bottom',#9984);
#9703=STYLED_ITEM('',(#267),#9985);
#9987=CARTESIAN_POINT('',(775.49375,384.175,866.775));
#9988=DIRECTION('',(1.,0.,0.));
#9989=DIRECTION('',(0.,0.,-1.));
#9990=AXIS2_PLACEMENT_3D('',#9987,#9988,#9989);
#9991=PLANE('',#9990);
#9992=CARTESIAN_POINT('',(775.49375,387.35,130.175));
#9993=VERTEX_POINT('',#9992);
#9994=CARTESIAN_POINT('',(775.49375,381.,130.175));
#9995=VERTEX_POINT('',#9994);
#9996=CARTESIAN_POINT('',(775.49375,387.35,130.175));
#9997=DIRECTION('',(0.,-1.,0.));
#9998=VECTOR('',#9997,6.35);
#9999=LINE('',#9996,#9998);
#10000=EDGE_CURVE('',#9993,#9995,#9999,.T.);
#10001=ORIENTED_EDGE('',*,*,#10000,.F.);
#10002=CARTESIAN_POINT('',(775.49375,387.35,866.775));
#10003=VERTEX_POINT('',#10002);
#10004=CARTESIAN_POINT('',(775.49375,387.35,866.775));
#10005=DIRECTION('',(0.,0.,-1.));
#10006=VECTOR('',#10005,736.6);
#10007=LINE('',#10004,#10006);
#10008=EDGE_CURVE('',#10003,#9993,#10007,.T.);
#10009=ORIENTED_EDGE('',*,*,#10008,.F.);
#10010=CARTESIAN_POINT('',(775.49375,381.,866.775));
#10011=VERTEX_POINT('',#10010);
#10012=CARTESIAN_POINT('',(775.49375,387.35,866.775));
#10013=DIRECTION('',(0.,-1.,0.));
#10014=VECTOR('',#10013,6.35);
#10015=LINE('',#10012,#10014);
#10016=EDGE_CURVE('',#10003,#10011,#10015,.T.);
#10017=ORIENTED_EDGE('',*,*,#10016,.T.);
#10018=CARTESIAN_POINT('',(775.49375,381.,866.775));
#10019=DIRECTION('',(0.,0.,-1.));
#10020=VECTOR('',#10019,736.6);
#10021=LINE('',#10018,#10020);
#10022=EDGE_CURVE('',#10011,#9995,#10021,.T.);
#10023=ORIENTED_EDGE('',*,*,#10022,.T.);
#10024=EDGE_LOOP('',(#10001,#10009,#10017,#10023));
#10025=FACE_BOUND('',#10024,.T.);
#10026=ADVANCED_FACE('',(#10025),#9991,.T.);
#10027=CARTESIAN_POINT('',(408.78125,387.35,866.775));
#10028=DIRECTION('',(0.,1.,0.));
#10029=DIRECTION('',(0.,0.,1.));
#10030=AXIS2_PLACEMENT_3D('',#10027,#10028,#10029);
#10031=PLANE('',#10030);
#10032=CARTESIAN_POINT('',(42.06875,387.35,130.175));
#10033=VERTEX_POINT('',#10032);
#10034=CARTESIAN_POINT('',(42.06875,387.35,130.175));
#10035=DIRECTION('',(1.,0.,-0.));
#10036=VECTOR('',#10035,733.425);
#10037=LINE('',#10034,#10036);
#10038=EDGE_CURVE('',#10033,#9993,#10037,.T.);
#10039=ORIENTED_EDGE('',*,*,#10038,.F.);
#10040=CARTESIAN_POINT('',(42.06875,387.35,866.775));
#10041=VERTEX_POINT('',#10040);
#10042=CARTESIAN_POINT('',(42.06875,387.35,866.775));
#10043=DIRECTION('',(0.,0.,-1.));
#10044=VECTOR('',#10043,736.6);
#10045=LINE('',#10042,#10044);
#10046=EDGE_CURVE('',#10041,#10033,#10045,.T.);
#10047=ORIENTED_EDGE('',*,*,#10046,.F.);
#10048=CARTESIAN_POINT('',(42.06875,387.35,866.775));
#10049=DIRECTION('',(1.,0.,-0.));
#10050=VECTOR('',#10049,733.425);
#10051=LINE('',#10048,#10050);
#10052=EDGE_CURVE('',#10041,#10003,#10051,.T.);
#10053=ORIENTED_EDGE('',*,*,#10052,.T.);
#10054=ORIENTED_EDGE('',*,*,#10008,.T.);
#10055=EDGE_LOOP('',(#10039,#10047,#10053,#10054));
#10056=FACE_BOUND('',#10055,.T.);
#10057=ADVANCED_FACE('',(#10056),#10031,.T.);
#10058=CARTESIAN_POINT('',(42.06875,384.175,866.775));
#10059=DIRECTION('',(-1.,-0.,0.));
#10060=DIRECTION('',(0.,-1.,0.));
#10061=AXIS2_PLACEMENT_3D('',#10058,#10059,#10060);
#10062=PLANE('',#10061);
#10063=CARTESIAN_POINT('',(42.06875,381.,130.175));
#10064=VERTEX_POINT('',#10063);
#10065=CARTESIAN_POINT('',(42.06875,381.,130.175));
#10066=DIRECTION('',(-0.,1.,0.));
#10067=VECTOR('',#10066,6.35);
#10068=LINE('',#10065,#10067);
#10069=EDGE_CURVE('',#10064,#10033,#10068,.T.);
#10070=ORIENTED_EDGE('',*,*,#10069,.F.);
#10071=CARTESIAN_POINT('',(42.06875,381.,866.775));
#10072=VERTEX_POINT('',#10071);
#10073=CARTESIAN_POINT('',(42.06875,381.,866.775));
#10074=DIRECTION('',(0.,0.,-1.));
#10075=VECTOR('',#10074,736.6);
#10076=LINE('',#10073,#10075);
#10077=EDGE_CURVE('',#10072,#10064,#10076,.T.);
#10078=ORIENTED_EDGE('',*,*,#10077,.F.);
#10079=CARTESIAN_POINT('',(42.06875,381.,866.775));
#10080=DIRECTION('',(-0.,1.,0.));
#10081=VECTOR('',#10080,6.35);
#10082=LINE('',#10079,#10081);
#10083=EDGE_CURVE('',#10072,#10041,#10082,.T.);
#10084=ORIENTED_EDGE('',*,*,#10083,.T.);
#10085=ORIENTED_EDGE('',*,*,#10046,.T.);
#10086=EDGE_LOOP('',(#10070,#10078,#10084,#10085));
#10087=FACE_BOUND('',#10086,.T.);
#10088=ADVANCED_FACE('',(#10087),#10062,.T.);
#10089=CARTESIAN_POINT('',(408.78125,381.,866.775));
#10090=DIRECTION('',(0.,-1.,0.));
#10091=DIRECTION('',(1.,0.,0.));
#10092=AXIS2_PLACEMENT_3D('',#10089,#10090,#10091);
#10093=PLANE('',#10092);
#10094=CARTESIAN_POINT('',(775.49375,381.,130.175));
#10095=DIRECTION('',(-1.,-0.,0.));
#10096=VECTOR('',#10095,733.425);
#10097=LINE('',#10094,#10096);
#10098=EDGE_CURVE('',#9995,#10064,#10097,.T.);
#10099=ORIENTED_EDGE('',*,*,#10098,.F.);
#10100=ORIENTED_EDGE('',*,*,#10022,.F.);
#10101=CARTESIAN_POINT('',(775.49375,381.,866.775));
#10102=DIRECTION('',(-1.,-0.,0.));
#10103=VECTOR('',#10102,733.425);
#10104=LINE('',#10101,#10103);
#10105=EDGE_CURVE('',#10011,#10072,#10104,.T.);
#10106=ORIENTED_EDGE('',*,*,#10105,.T.);
#10107=ORIENTED_EDGE('',*,*,#10077,.T.);
#10108=EDGE_LOOP('',(#10099,#10100,#10106,#10107));
#10109=FACE_BOUND('',#10108,.T.);
#10110=ADVANCED_FACE('',(#10109),#10093,.T.);
#10111=CARTESIAN_POINT('',(32.54375,19.05,866.775));
#10112=DIRECTION('',(0.,0.,1.));
#10113=DIRECTION('',(1.,0.,0.));
#10114=AXIS2_PLACEMENT_3D('',#10111,#10112,#10113);
#10115=PLANE('',#10114);
#10116=ORIENTED_EDGE('',*,*,#10016,.F.);
#10117=ORIENTED_EDGE('',*,*,#10052,.F.);
#10118=ORIENTED_EDGE('',*,*,#10083,.F.);
#10119=ORIENTED_EDGE('',*,*,#10105,.F.);
#10120=EDGE_LOOP('',(#10116,#10117,#10118,#10119));
#10121=FACE_BOUND('',#10120,.T.);
#10122=ADVANCED_FACE('',(#10121),#10115,.T.);
#10123=CARTESIAN_POINT('',(32.54375,19.05,130.175));
#10124=DIRECTION('',(0.,0.,1.));
#10125=DIRECTION('',(1.,0.,0.));
#10126=AXIS2_PLACEMENT_3D('',#10123,#10124,#10125);
#10127=PLANE('',#10126);
#10128=ORIENTED_EDGE('',*,*,#10000,.T.);
#10129=ORIENTED_EDGE('',*,*,#10098,.T.);
#10130=ORIENTED_EDGE('',*,*,#10069,.T.);
#10131=ORIENTED_EDGE('',*,*,#10038,.T.);
#10132=EDGE_LOOP('',(#10128,#10129,#10130,#10131));
#10133=FACE_BOUND('',#10132,.T.);
#10134=ADVANCED_FACE('',(#10133),#10127,.F.);
#10135=CLOSED_SHELL('',(#10026,#10057,#10088,#10110,#10122,#10134));
#10136=MANIFOLD_SOLID_BREP('[Backer]',#10135);
#9986=STYLED_ITEM('',(#267),#10136);
#8382=SHAPE_REPRESENTATION('Bottom Right',(#15),#8380);
#8383=ADVANCED_BREP_SHAPE_REPRESENTATION('Bottom Right',(#8551,#8702,#8853,#9136,#9419,#9702,#9985,#10136),#8380);
#10144=SHAPE_REPRESENTATION_RELATIONSHIP('','',#8382,#8383);
#10145=CARTESIAN_POINT('',(0.,0.,0.));
#10146=DIRECTION('',(0.,0.,1.));
#10147=DIRECTION('',(1.,0.,0.));
#10148=AXIS2_PLACEMENT_3D('',#10145,#10146,#10147);
#10150=MAPPED_ITEM('',#10149,#10148);
#10149=REPRESENTATION_MAP(#10148,#8382);
#8390=PRODUCT('Bottom Right','Bottom Right','',(#1877));
#10151=PRODUCT_RELATED_PRODUCT_CATEGORY('part','',(#8390));
#10152=PRODUCT_DEFINITION_FORMATION_WITH_SPECIFIED_SOURCE('','',#8390,.NOT_KNOWN.);
#8391=PRODUCT_DEFINITION('design','',#10152,#1878);
#8389=PRODUCT_DEFINITION_SHAPE('','',#8391);
#10153=SHAPE_DEFINITION_REPRESENTATION(#8389,#8382);
#8381=DRAUGHTING_MODEL('',(#10150),#8380);
#10154=(NAMED_UNIT(*)PLANE_ANGLE_UNIT()SI_UNIT($,.RADIAN.));
#10155=PLANE_ANGLE_MEASURE_WITH_UNIT(PLANE_ANGLE_MEASURE(0.0174532925),#10154);
#10156=(CONVERSION_BASED_UNIT('DEGREE',#10155)NAMED_UNIT(#10157)PLANE_ANGLE_UNIT());
#10157=DIMENSIONAL_EXPONENTS(0.,0.,0.,0.,0.,0.,0.);
#10158=(NAMED_UNIT(*)SI_UNIT($,.STERADIAN.)SOLID_ANGLE_UNIT());
#10159=(LENGTH_UNIT()NAMED_UNIT(*)SI_UNIT(.MILLI.,.METRE.));
#10160=UNCERTAINTY_MEASURE_WITH_UNIT(LENGTH_MEASURE(1.000000E-05),#10159,'DISTANCE_ACCURACY_VALUE','Maximum Tolerance applied to model');
#10161=(GEOMETRIC_REPRESENTATION_CONTEXT(3)GLOBAL_UNCERTAINTY_ASSIGNED_CONTEXT((#10160))GLOBAL_UNIT_ASSIGNED_CONTEXT((#10159,#10156,#10158))REPRESENTATION_CONTEXT('','Bottom Left'));
#10173=CARTESIAN_POINT('',(0.,0.,0.));
#10174=DIRECTION('',(0.,0.,1.));
#10175=DIRECTION('',(1.,0.,-0.));
#10176=AXIS2_PLACEMENT_3D('',#10173,#10174,#10175);
#10177=ITEM_DEFINED_TRANSFORMATION('','',#10176,#15);
#10178=(REPRESENTATION_RELATIONSHIP('','',#10163,#5500)REPRESENTATION_RELATIONSHIP_WITH_TRANSFORMATION(#10177)SHAPE_REPRESENTATION_RELATIONSHIP());
#10179=NEXT_ASSEMBLY_USAGE_OCCURRENCE('Bottom Left_11','Bottom Left','Bottom Left',#5509,#10172,$);
#10180=PRODUCT_DEFINITION_SHAPE('','',#10179);
#10181=CONTEXT_DEPENDENT_SHAPE_REPRESENTATION(#10178,#10180);
#10183=CARTESIAN_POINT('',(1167.606250003,406.4,241.3));
#10184=DIRECTION('',(0.,0.,-1.));
#10185=DIRECTION('',(-1.,0.,-0.));
#10186=AXIS2_PLACEMENT_3D('',#10183,#10184,#10185);
#10187=PLANE('',#10186);
#10188=CARTESIAN_POINT('',(810.418750003,387.35,241.3));
#10189=VERTEX_POINT('',#10188);
#10190=CARTESIAN_POINT('',(1524.793750003,387.35,241.3));
#10191=VERTEX_POINT('',#10190);
#10192=CARTESIAN_POINT('',(810.418750003,387.35,241.3));
#10193=DIRECTION('',(1.,0.,0.));
#10194=VECTOR('',#10193,714.375);
#10195=LINE('',#10192,#10194);
#10196=EDGE_CURVE('',#10189,#10191,#10195,.T.);
#10197=ORIENTED_EDGE('',*,*,#10196,.T.);
#10198=CARTESIAN_POINT('',(1524.793750003,406.4,241.3));
#10199=VERTEX_POINT('',#10198);
#10200=CARTESIAN_POINT('',(1524.793750003,406.4,241.3));
#10201=DIRECTION('',(0.,-1.,0.));
#10202=VECTOR('',#10201,19.05);
#10203=LINE('',#10200,#10202);
#10204=EDGE_CURVE('',#10199,#10191,#10203,.T.);
#10205=ORIENTED_EDGE('',*,*,#10204,.F.);
#10206=CARTESIAN_POINT('',(810.418750003,406.4,241.3));
#10207=VERTEX_POINT('',#10206);
#10208=CARTESIAN_POINT('',(810.418750003,406.4,241.3));
#10209=DIRECTION('',(1.,0.,0.));
#10210=VECTOR('',#10209,714.375);
#10211=LINE('',#10208,#10210);
#10212=EDGE_CURVE('',#10207,#10199,#10211,.T.);
#10213=ORIENTED_EDGE('',*,*,#10212,.F.);
#10214=CARTESIAN_POINT('',(810.418750003,406.4,241.3));
#10215=DIRECTION('',(0.,-1.,0.));
#10216=VECTOR('',#10215,19.05);
#10217=LINE('',#10214,#10216);
#10218=EDGE_CURVE('',#10207,#10189,#10217,.T.);
#10219=ORIENTED_EDGE('',*,*,#10218,.T.);
#10220=EDGE_LOOP('',(#10197,#10205,#10213,#10219));
#10221=FACE_BOUND('',#10220,.T.);
#10222=ADVANCED_FACE('',(#10221),#10187,.F.);
#10223=CARTESIAN_POINT('',(810.418750003,406.4,190.5));
#10224=DIRECTION('',(1.,0.,-0.));
#10225=DIRECTION('',(-0.,0.,-1.));
#10226=AXIS2_PLACEMENT_3D('',#10223,#10224,#10225);
#10227=PLANE('',#10226);
#10228=CARTESIAN_POINT('',(810.418750003,387.35,139.7));
#10229=VERTEX_POINT('',#10228);
#10230=CARTESIAN_POINT('',(810.418750003,387.35,139.7));
#10231=DIRECTION('',(0.,0.,1.));
#10232=VECTOR('',#10231,101.6);
#10233=LINE('',#10230,#10232);
#10234=EDGE_CURVE('',#10229,#10189,#10233,.T.);
#10235=ORIENTED_EDGE('',*,*,#10234,.T.);
#10236=ORIENTED_EDGE('',*,*,#10218,.F.);
#10237=CARTESIAN_POINT('',(810.418750003,406.4,139.7));
#10238=VERTEX_POINT('',#10237);
#10239=CARTESIAN_POINT('',(810.418750003,406.4,139.7));
#10240=DIRECTION('',(0.,0.,1.));
#10241=VECTOR('',#10240,101.6);
#10242=LINE('',#10239,#10241);
#10243=EDGE_CURVE('',#10238,#10207,#10242,.T.);
#10244=ORIENTED_EDGE('',*,*,#10243,.F.);
#10245=CARTESIAN_POINT('',(810.418750003,406.4,139.7));
#10246=DIRECTION('',(0.,-1.,0.));
#10247=VECTOR('',#10246,19.05);
#10248=LINE('',#10245,#10247);
#10249=EDGE_CURVE('',#10238,#10229,#10248,.T.);
#10250=ORIENTED_EDGE('',*,*,#10249,.T.);
#10251=EDGE_LOOP('',(#10235,#10236,#10244,#10250));
#10252=FACE_BOUND('',#10251,.T.);
#10253=ADVANCED_FACE('',(#10252),#10227,.F.);
#10254=CARTESIAN_POINT('',(1167.606250003,406.4,139.7));
#10255=DIRECTION('',(-0.,0.,1.));
#10256=DIRECTION('',(1.,0.,0.));
#10257=AXIS2_PLACEMENT_3D('',#10254,#10255,#10256);
#10258=PLANE('',#10257);
#10259=CARTESIAN_POINT('',(1524.793750003,387.35,139.7));
#10260=VERTEX_POINT('',#10259);
#10261=CARTESIAN_POINT('',(1524.793750003,387.35,139.7));
#10262=DIRECTION('',(-1.,0.,-0.));
#10263=VECTOR('',#10262,714.375);
#10264=LINE('',#10261,#10263);
#10265=EDGE_CURVE('',#10260,#10229,#10264,.T.);
#10266=ORIENTED_EDGE('',*,*,#10265,.T.);
#10267=ORIENTED_EDGE('',*,*,#10249,.F.);
#10268=CARTESIAN_POINT('',(1524.793750003,406.4,139.7));
#10269=VERTEX_POINT('',#10268);
#10270=CARTESIAN_POINT('',(1524.793750003,406.4,139.7));
#10271=DIRECTION('',(-1.,0.,-0.));
#10272=VECTOR('',#10271,714.375);
#10273=LINE('',#10270,#10272);
#10274=EDGE_CURVE('',#10269,#10238,#10273,.T.);
#10275=ORIENTED_EDGE('',*,*,#10274,.F.);
#10276=CARTESIAN_POINT('',(1524.793750003,406.4,139.7));
#10277=DIRECTION('',(0.,-1.,0.));
#10278=VECTOR('',#10277,19.05);
#10279=LINE('',#10276,#10278);
#10280=EDGE_CURVE('',#10269,#10260,#10279,.T.);
#10281=ORIENTED_EDGE('',*,*,#10280,.T.);
#10282=EDGE_LOOP('',(#10266,#10267,#10275,#10281));
#10283=FACE_BOUND('',#10282,.T.);
#10284=ADVANCED_FACE('',(#10283),#10258,.F.);
#10285=CARTESIAN_POINT('',(1524.793750003,406.4,190.5));
#10286=DIRECTION('',(-1.,0.,0.));
#10287=DIRECTION('',(0.,0.,1.));
#10288=AXIS2_PLACEMENT_3D('',#10285,#10286,#10287);
#10289=PLANE('',#10288);
#10290=CARTESIAN_POINT('',(1524.793750003,387.35,241.3));
#10291=DIRECTION('',(0.,0.,-1.));
#10292=VECTOR('',#10291,101.6);
#10293=LINE('',#10290,#10292);
#10294=EDGE_CURVE('',#10191,#10260,#10293,.T.);
#10295=ORIENTED_EDGE('',*,*,#10294,.T.);
#10296=ORIENTED_EDGE('',*,*,#10280,.F.);
#10297=CARTESIAN_POINT('',(1524.793750003,406.4,241.3));
#10298=DIRECTION('',(0.,0.,-1.));
#10299=VECTOR('',#10298,101.6);
#10300=LINE('',#10297,#10299);
#10301=EDGE_CURVE('',#10199,#10269,#10300,.T.);
#10302=ORIENTED_EDGE('',*,*,#10301,.F.);
#10303=ORIENTED_EDGE('',*,*,#10204,.T.);
#10304=EDGE_LOOP('',(#10295,#10296,#10302,#10303));
#10305=FACE_BOUND('',#10304,.T.);
#10306=ADVANCED_FACE('',(#10305),#10289,.F.);
#10307=CARTESIAN_POINT('',(791.368750003,406.4,120.65));
#10308=DIRECTION('',(0.,-1.,0.));
#10309=DIRECTION('',(1.,0.,0.));
#10310=AXIS2_PLACEMENT_3D('',#10307,#10308,#10309);
#10311=PLANE('',#10310);
#10312=ORIENTED_EDGE('',*,*,#10212,.T.);
#10313=ORIENTED_EDGE('',*,*,#10301,.T.);
#10314=ORIENTED_EDGE('',*,*,#10274,.T.);
#10315=ORIENTED_EDGE('',*,*,#10243,.T.);
#10316=EDGE_LOOP('',(#10312,#10313,#10314,#10315));
#10317=FACE_BOUND('',#10316,.T.);
#10318=ADVANCED_FACE('',(#10317),#10311,.F.);
#10319=CARTESIAN_POINT('',(791.368750003,387.35,120.65));
#10320=DIRECTION('',(0.,-1.,0.));
#10321=DIRECTION('',(1.,0.,0.));
#10322=AXIS2_PLACEMENT_3D('',#10319,#10320,#10321);
#10323=PLANE('',#10322);
#10324=ORIENTED_EDGE('',*,*,#10196,.F.);
#10325=ORIENTED_EDGE('',*,*,#10234,.F.);
#10326=ORIENTED_EDGE('',*,*,#10265,.F.);
#10327=ORIENTED_EDGE('',*,*,#10294,.F.);
#10328=EDGE_LOOP('',(#10324,#10325,#10326,#10327));
#10329=FACE_BOUND('',#10328,.T.);
#10330=ADVANCED_FACE('',(#10329),#10323,.T.);
#10331=CLOSED_SHELL('',(#10222,#10253,#10284,#10306,#10318,#10330));
#10332=MANIFOLD_SOLID_BREP('[Nailer] Bottom',#10331);
#10182=STYLED_ITEM('',(#267),#10332);
#10334=CARTESIAN_POINT('',(810.418750003,406.4,806.45));
#10335=DIRECTION('',(1.,0.,-0.));
#10336=DIRECTION('',(-0.,0.,-1.));
#10337=AXIS2_PLACEMENT_3D('',#10334,#10335,#10336);
#10338=PLANE('',#10337);
#10339=CARTESIAN_POINT('',(810.418750003,387.35,755.65));
#10340=VERTEX_POINT('',#10339);
#10341=CARTESIAN_POINT('',(810.418750003,387.35,857.25));
#10342=VERTEX_POINT('',#10341);
#10343=CARTESIAN_POINT('',(810.418750003,387.35,755.65));
#10344=DIRECTION('',(0.,0.,1.));
#10345=VECTOR('',#10344,101.6);
#10346=LINE('',#10343,#10345);
#10347=EDGE_CURVE('',#10340,#10342,#10346,.T.);
#10348=ORIENTED_EDGE('',*,*,#10347,.T.);
#10349=CARTESIAN_POINT('',(810.418750003,406.4,857.25));
#10350=VERTEX_POINT('',#10349);
#10351=CARTESIAN_POINT('',(810.418750003,406.4,857.25));
#10352=DIRECTION('',(0.,-1.,0.));
#10353=VECTOR('',#10352,19.05);
#10354=LINE('',#10351,#10353);
#10355=EDGE_CURVE('',#10350,#10342,#10354,.T.);
#10356=ORIENTED_EDGE('',*,*,#10355,.F.);
#10357=CARTESIAN_POINT('',(810.418750003,406.4,755.65));
#10358=VERTEX_POINT('',#10357);
#10359=CARTESIAN_POINT('',(810.418750003,406.4,755.65));
#10360=DIRECTION('',(0.,0.,1.));
#10361=VECTOR('',#10360,101.6);
#10362=LINE('',#10359,#10361);
#10363=EDGE_CURVE('',#10358,#10350,#10362,.T.);
#10364=ORIENTED_EDGE('',*,*,#10363,.F.);
#10365=CARTESIAN_POINT('',(810.418750003,406.4,755.65));
#10366=DIRECTION('',(0.,-1.,0.));
#10367=VECTOR('',#10366,19.05);
#10368=LINE('',#10365,#10367);
#10369=EDGE_CURVE('',#10358,#10340,#10368,.T.);
#10370=ORIENTED_EDGE('',*,*,#10369,.T.);
#10371=EDGE_LOOP('',(#10348,#10356,#10364,#10370));
#10372=FACE_BOUND('',#10371,.T.);
#10373=ADVANCED_FACE('',(#10372),#10338,.F.);
#10374=CARTESIAN_POINT('',(1167.606250003,406.4,755.65));
#10375=DIRECTION('',(0.,0.,-1.));
#10376=DIRECTION('',(-1.,0.,-0.));
#10377=AXIS2_PLACEMENT_3D('',#10374,#10375,#10376);
#10378=PLANE('',#10377);
#10379=CARTESIAN_POINT('',(1524.793750003,387.35,755.65));
#10380=VERTEX_POINT('',#10379);
#10381=CARTESIAN_POINT('',(810.418750003,387.35,755.65));
#10382=DIRECTION('',(1.,0.,0.));
#10383=VECTOR('',#10382,714.375);
#10384=LINE('',#10381,#10383);
#10385=EDGE_CURVE('',#10340,#10380,#10384,.T.);
#10386=ORIENTED_EDGE('',*,*,#10385,.F.);
#10387=ORIENTED_EDGE('',*,*,#10369,.F.);
#10388=CARTESIAN_POINT('',(1524.793750003,406.4,755.65));
#10389=VERTEX_POINT('',#10388);
#10390=CARTESIAN_POINT('',(810.418750003,406.4,755.65));
#10391=DIRECTION('',(1.,0.,0.));
#10392=VECTOR('',#10391,714.375);
#10393=LINE('',#10390,#10392);
#10394=EDGE_CURVE('',#10358,#10389,#10393,.T.);
#10395=ORIENTED_EDGE('',*,*,#10394,.T.);
#10396=CARTESIAN_POINT('',(1524.793750003,406.4,755.65));
#10397=DIRECTION('',(0.,-1.,0.));
#10398=VECTOR('',#10397,19.05);
#10399=LINE('',#10396,#10398);
#10400=EDGE_CURVE('',#10389,#10380,#10399,.T.);
#10401=ORIENTED_EDGE('',*,*,#10400,.T.);
#10402=EDGE_LOOP('',(#10386,#10387,#10395,#10401));
#10403=FACE_BOUND('',#10402,.T.);
#10404=ADVANCED_FACE('',(#10403),#10378,.T.);
#10405=CARTESIAN_POINT('',(1524.793750003,406.4,806.45));
#10406=DIRECTION('',(-1.,0.,0.));
#10407=DIRECTION('',(0.,0.,1.));
#10408=AXIS2_PLACEMENT_3D('',#10405,#10406,#10407);
#10409=PLANE('',#10408);
#10410=CARTESIAN_POINT('',(1524.793750003,387.35,857.25));
#10411=VERTEX_POINT('',#10410);
#10412=CARTESIAN_POINT('',(1524.793750003,387.35,857.25));
#10413=DIRECTION('',(0.,0.,-1.));
#10414=VECTOR('',#10413,101.6);
#10415=LINE('',#10412,#10414);
#10416=EDGE_CURVE('',#10411,#10380,#10415,.T.);
#10417=ORIENTED_EDGE('',*,*,#10416,.T.);
#10418=ORIENTED_EDGE('',*,*,#10400,.F.);
#10419=CARTESIAN_POINT('',(1524.793750003,406.4,857.25));
#10420=VERTEX_POINT('',#10419);
#10421=CARTESIAN_POINT('',(1524.793750003,406.4,857.25));
#10422=DIRECTION('',(0.,0.,-1.));
#10423=VECTOR('',#10422,101.6);
#10424=LINE('',#10421,#10423);
#10425=EDGE_CURVE('',#10420,#10389,#10424,.T.);
#10426=ORIENTED_EDGE('',*,*,#10425,.F.);
#10427=CARTESIAN_POINT('',(1524.793750003,406.4,857.25));
#10428=DIRECTION('',(0.,-1.,0.));
#10429=VECTOR('',#10428,19.05);
#10430=LINE('',#10427,#10429);
#10431=EDGE_CURVE('',#10420,#10411,#10430,.T.);
#10432=ORIENTED_EDGE('',*,*,#10431,.T.);
#10433=EDGE_LOOP('',(#10417,#10418,#10426,#10432));
#10434=FACE_BOUND('',#10433,.T.);
#10435=ADVANCED_FACE('',(#10434),#10409,.F.);
#10436=CARTESIAN_POINT('',(1167.606250003,406.4,857.25));
#10437=DIRECTION('',(0.,0.,-1.));
#10438=DIRECTION('',(-1.,0.,0.));
#10439=AXIS2_PLACEMENT_3D('',#10436,#10437,#10438);
#10440=PLANE('',#10439);
#10441=CARTESIAN_POINT('',(810.418750003,387.35,857.25));
#10442=DIRECTION('',(1.,0.,-0.));
#10443=VECTOR('',#10442,714.375);
#10444=LINE('',#10441,#10443);
#10445=EDGE_CURVE('',#10342,#10411,#10444,.T.);
#10446=ORIENTED_EDGE('',*,*,#10445,.T.);
#10447=ORIENTED_EDGE('',*,*,#10431,.F.);
#10448=CARTESIAN_POINT('',(810.418750003,406.4,857.25));
#10449=DIRECTION('',(1.,0.,-0.));
#10450=VECTOR('',#10449,714.375);
#10451=LINE('',#10448,#10450);
#10452=EDGE_CURVE('',#10350,#10420,#10451,.T.);
#10453=ORIENTED_EDGE('',*,*,#10452,.F.);
#10454=ORIENTED_EDGE('',*,*,#10355,.T.);
#10455=EDGE_LOOP('',(#10446,#10447,#10453,#10454));
#10456=FACE_BOUND('',#10455,.T.);
#10457=ADVANCED_FACE('',(#10456),#10440,.F.);
#10458=CARTESIAN_POINT('',(791.368750003,406.4,120.65));
#10459=DIRECTION('',(0.,-1.,0.));
#10460=DIRECTION('',(1.,0.,0.));
#10461=AXIS2_PLACEMENT_3D('',#10458,#10459,#10460);
#10462=PLANE('',#10461);
#10463=ORIENTED_EDGE('',*,*,#10363,.T.);
#10464=ORIENTED_EDGE('',*,*,#10452,.T.);
#10465=ORIENTED_EDGE('',*,*,#10425,.T.);
#10466=ORIENTED_EDGE('',*,*,#10394,.F.);
#10467=EDGE_LOOP('',(#10463,#10464,#10465,#10466));
#10468=FACE_BOUND('',#10467,.T.);
#10469=ADVANCED_FACE('',(#10468),#10462,.F.);
#10470=CARTESIAN_POINT('',(791.368750003,387.35,120.65));
#10471=DIRECTION('',(0.,-1.,0.));
#10472=DIRECTION('',(1.,0.,0.));
#10473=AXIS2_PLACEMENT_3D('',#10470,#10471,#10472);
#10474=PLANE('',#10473);
#10475=ORIENTED_EDGE('',*,*,#10347,.F.);
#10476=ORIENTED_EDGE('',*,*,#10385,.T.);
#10477=ORIENTED_EDGE('',*,*,#10416,.F.);
#10478=ORIENTED_EDGE('',*,*,#10445,.F.);
#10479=EDGE_LOOP('',(#10475,#10476,#10477,#10478));
#10480=FACE_BOUND('',#10479,.T.);
#10481=ADVANCED_FACE('',(#10480),#10474,.T.);
#10482=CLOSED_SHELL('',(#10373,#10404,#10435,#10457,#10469,#10481));
#10483=MANIFOLD_SOLID_BREP('[Nailer] Top',#10482);
#10333=STYLED_ITEM('',(#267),#10483);
#10485=CARTESIAN_POINT('',(1524.793750003,120.65,862.0125));
#10486=DIRECTION('',(1.,0.,0.));
#10487=DIRECTION('',(0.,0.,-1.));
#10488=AXIS2_PLACEMENT_3D('',#10485,#10486,#10487);
#10489=PLANE('',#10488);
#10490=CARTESIAN_POINT('',(1524.793750003,19.05,857.25));
#10491=VERTEX_POINT('',#10490);
#10492=CARTESIAN_POINT('',(1524.793750003,19.05,876.3));
#10493=VERTEX_POINT('',#10492);
#10494=CARTESIAN_POINT('',(1524.793750003,19.05,857.25));
#10495=DIRECTION('',(0.,0.,1.));
#10496=VECTOR('',#10495,19.05);
#10497=LINE('',#10494,#10496);
#10498=EDGE_CURVE('',#10491,#10493,#10497,.T.);
#10499=ORIENTED_EDGE('',*,*,#10498,.F.);
#10500=CARTESIAN_POINT('',(1524.793750003,120.65,857.25));
#10501=VERTEX_POINT('',#10500);
#10502=CARTESIAN_POINT('',(1524.793750003,120.65,857.25));
#10503=DIRECTION('',(0.,-1.,0.));
#10504=VECTOR('',#10503,101.6);
#10505=LINE('',#10502,#10504);
#10506=EDGE_CURVE('',#10501,#10491,#10505,.T.);
#10507=ORIENTED_EDGE('',*,*,#10506,.F.);
#10508=CARTESIAN_POINT('',(1524.793750003,120.65,876.3));
#10509=VERTEX_POINT('',#10508);
#10510=CARTESIAN_POINT('',(1524.793750003,120.65,857.25));
#10511=DIRECTION('',(0.,0.,1.));
#10512=VECTOR('',#10511,19.05);
#10513=LINE('',#10510,#10512);
#10514=EDGE_CURVE('',#10501,#10509,#10513,.T.);
#10515=ORIENTED_EDGE('',*,*,#10514,.T.);
#10516=CARTESIAN_POINT('',(1524.793750003,120.65,876.3));
#10517=DIRECTION('',(0.,-1.,0.));
#10518=VECTOR('',#10517,101.6);
#10519=LINE('',#10516,#10518);
#10520=EDGE_CURVE('',#10509,#10493,#10519,.T.);
#10521=ORIENTED_EDGE('',*,*,#10520,.T.);
#10522=EDGE_LOOP('',(#10499,#10507,#10515,#10521));
#10523=FACE_BOUND('',#10522,.T.);
#10524=ADVANCED_FACE('',(#10523),#10489,.T.);
#10525=CARTESIAN_POINT('',(1167.606250003,120.65,876.3));
#10526=DIRECTION('',(0.,0.,-1.));
#10527=DIRECTION('',(-1.,0.,0.));
#10528=AXIS2_PLACEMENT_3D('',#10525,#10526,#10527);
#10529=PLANE('',#10528);
#10530=CARTESIAN_POINT('',(810.418750003,19.05,876.3));
#10531=VERTEX_POINT('',#10530);
#10532=CARTESIAN_POINT('',(810.418750003,19.05,876.3));
#10533=DIRECTION('',(1.,0.,-0.));
#10534=VECTOR('',#10533,714.375);
#10535=LINE('',#10532,#10534);
#10536=EDGE_CURVE('',#10531,#10493,#10535,.T.);
#10537=ORIENTED_EDGE('',*,*,#10536,.T.);
#10538=ORIENTED_EDGE('',*,*,#10520,.F.);
#10539=CARTESIAN_POINT('',(810.418750003,120.65,876.3));
#10540=VERTEX_POINT('',#10539);
#10541=CARTESIAN_POINT('',(810.418750003,120.65,876.3));
#10542=DIRECTION('',(1.,0.,-0.));
#10543=VECTOR('',#10542,714.375);
#10544=LINE('',#10541,#10543);
#10545=EDGE_CURVE('',#10540,#10509,#10544,.T.);
#10546=ORIENTED_EDGE('',*,*,#10545,.F.);
#10547=CARTESIAN_POINT('',(810.418750003,120.65,876.3));
#10548=DIRECTION('',(0.,-1.,0.));
#10549=VECTOR('',#10548,101.6);
#10550=LINE('',#10547,#10549);
#10551=EDGE_CURVE('',#10540,#10531,#10550,.T.);
#10552=ORIENTED_EDGE('',*,*,#10551,.T.);
#10553=EDGE_LOOP('',(#10537,#10538,#10546,#10552));
#10554=FACE_BOUND('',#10553,.T.);
#10555=ADVANCED_FACE('',(#10554),#10529,.F.);
#10556=CARTESIAN_POINT('',(810.418750003,120.65,862.0125));
#10557=DIRECTION('',(1.,0.,0.));
#10558=DIRECTION('',(0.,0.,-1.));
#10559=AXIS2_PLACEMENT_3D('',#10556,#10557,#10558);
#10560=PLANE('',#10559);
#10561=CARTESIAN_POINT('',(810.418750003,19.05,857.25));
#10562=VERTEX_POINT('',#10561);
#10563=CARTESIAN_POINT('',(810.418750003,19.05,857.25));
#10564=DIRECTION('',(0.,0.,1.));
#10565=VECTOR('',#10564,19.05);
#10566=LINE('',#10563,#10565);
#10567=EDGE_CURVE('',#10562,#10531,#10566,.T.);
#10568=ORIENTED_EDGE('',*,*,#10567,.T.);
#10569=ORIENTED_EDGE('',*,*,#10551,.F.);
#10570=CARTESIAN_POINT('',(810.418750003,120.65,857.25));
#10571=VERTEX_POINT('',#10570);
#10572=CARTESIAN_POINT('',(810.418750003,120.65,857.25));
#10573=DIRECTION('',(0.,0.,1.));
#10574=VECTOR('',#10573,19.05);
#10575=LINE('',#10572,#10574);
#10576=EDGE_CURVE('',#10571,#10540,#10575,.T.);
#10577=ORIENTED_EDGE('',*,*,#10576,.F.);
#10578=CARTESIAN_POINT('',(810.418750003,120.65,857.25));
#10579=DIRECTION('',(0.,-1.,0.));
#10580=VECTOR('',#10579,101.6);
#10581=LINE('',#10578,#10580);
#10582=EDGE_CURVE('',#10571,#10562,#10581,.T.);
#10583=ORIENTED_EDGE('',*,*,#10582,.T.);
#10584=EDGE_LOOP('',(#10568,#10569,#10577,#10583));
#10585=FACE_BOUND('',#10584,.T.);
#10586=ADVANCED_FACE('',(#10585),#10560,.F.);
#10587=CARTESIAN_POINT('',(1167.606250003,120.65,857.25));
#10588=DIRECTION('',(0.,0.,-1.));
#10589=DIRECTION('',(-1.,0.,0.));
#10590=AXIS2_PLACEMENT_3D('',#10587,#10588,#10589);
#10591=PLANE('',#10590);
#10592=CARTESIAN_POINT('',(810.418750003,19.05,857.25));
#10593=DIRECTION('',(1.,0.,-0.));
#10594=VECTOR('',#10593,714.375);
#10595=LINE('',#10592,#10594);
#10596=EDGE_CURVE('',#10562,#10491,#10595,.T.);
#10597=ORIENTED_EDGE('',*,*,#10596,.F.);
#10598=ORIENTED_EDGE('',*,*,#10582,.F.);
#10599=CARTESIAN_POINT('',(810.418750003,120.65,857.25));
#10600=DIRECTION('',(1.,0.,-0.));
#10601=VECTOR('',#10600,714.375);
#10602=LINE('',#10599,#10601);
#10603=EDGE_CURVE('',#10571,#10501,#10602,.T.);
#10604=ORIENTED_EDGE('',*,*,#10603,.T.);
#10605=ORIENTED_EDGE('',*,*,#10506,.T.);
#10606=EDGE_LOOP('',(#10597,#10598,#10604,#10605));
#10607=FACE_BOUND('',#10606,.T.);
#10608=ADVANCED_FACE('',(#10607),#10591,.T.);
#10609=CARTESIAN_POINT('',(791.368750003,120.65,120.65));
#10610=DIRECTION('',(0.,-1.,0.));
#10611=DIRECTION('',(1.,0.,0.));
#10612=AXIS2_PLACEMENT_3D('',#10609,#10610,#10611);
#10613=PLANE('',#10612);
#10614=ORIENTED_EDGE('',*,*,#10514,.F.);
#10615=ORIENTED_EDGE('',*,*,#10603,.F.);
#10616=ORIENTED_EDGE('',*,*,#10576,.T.);
#10617=ORIENTED_EDGE('',*,*,#10545,.T.);
#10618=EDGE_LOOP('',(#10614,#10615,#10616,#10617));
#10619=FACE_BOUND('',#10618,.T.);
#10620=ADVANCED_FACE('',(#10619),#10613,.F.);
#10621=CARTESIAN_POINT('',(791.368750003,19.05,120.65));
#10622=DIRECTION('',(0.,-1.,0.));
#10623=DIRECTION('',(1.,0.,0.));
#10624=AXIS2_PLACEMENT_3D('',#10621,#10622,#10623);
#10625=PLANE('',#10624);
#10626=ORIENTED_EDGE('',*,*,#10498,.T.);
#10627=ORIENTED_EDGE('',*,*,#10536,.F.);
#10628=ORIENTED_EDGE('',*,*,#10567,.F.);
#10629=ORIENTED_EDGE('',*,*,#10596,.T.);
#10630=EDGE_LOOP('',(#10626,#10627,#10628,#10629));
#10631=FACE_BOUND('',#10630,.T.);
#10632=ADVANCED_FACE('',(#10631),#10625,.T.);
#10633=CLOSED_SHELL('',(#10524,#10555,#10586,#10608,#10620,#10632));
#10634=MANIFOLD_SOLID_BREP('[Stretcher] Front',#10633);
#10484=STYLED_ITEM('',(#267),#10634);
#10636=CARTESIAN_POINT('',(1167.606250003,304.8,857.25));
#10637=DIRECTION('',(0.,0.,1.));
#10638=DIRECTION('',(1.,0.,0.));
#10639=AXIS2_PLACEMENT_3D('',#10636,#10637,#10638);
#10640=PLANE('',#10639);
#10641=CARTESIAN_POINT('',(810.418750003,387.35,857.25));
#10642=VERTEX_POINT('',#10641);
#10643=CARTESIAN_POINT('',(1524.793750003,387.35,857.25));
#10644=VERTEX_POINT('',#10643);
#10645=CARTESIAN_POINT('',(810.418750003,387.35,857.25));
#10646=DIRECTION('',(1.,0.,-0.));
#10647=VECTOR('',#10646,714.375);
#10648=LINE('',#10645,#10647);
#10649=EDGE_CURVE('',#10642,#10644,#10648,.T.);
#10650=ORIENTED_EDGE('',*,*,#10649,.F.);
#10651=CARTESIAN_POINT('',(810.418750003,406.4,857.25));
#10652=VERTEX_POINT('',#10651);
#10653=CARTESIAN_POINT('',(810.418750003,387.35,857.25));
#10654=DIRECTION('',(0.,1.,0.));
#10655=VECTOR('',#10654,19.05);
#10656=LINE('',#10653,#10655);
#10657=EDGE_CURVE('',#10642,#10652,#10656,.T.);
#10658=ORIENTED_EDGE('',*,*,#10657,.T.);
#10659=CARTESIAN_POINT('',(1524.793750003,406.4,857.25));
#10660=VERTEX_POINT('',#10659);
#10661=CARTESIAN_POINT('',(810.418750003,406.4,857.25));
#10662=DIRECTION('',(1.,0.,-0.));
#10663=VECTOR('',#10662,714.375);
#10664=LINE('',#10661,#10663);
#10665=EDGE_CURVE('',#10652,#10660,#10664,.T.);
#10666=ORIENTED_EDGE('',*,*,#10665,.T.);
#10667=CARTESIAN_POINT('',(1524.793750003,387.35,857.25));
#10668=DIRECTION('',(0.,1.,0.));
#10669=VECTOR('',#10668,19.05);
#10670=LINE('',#10667,#10669);
#10671=EDGE_CURVE('',#10644,#10660,#10670,.T.);
#10672=ORIENTED_EDGE('',*,*,#10671,.F.);
#10673=EDGE_LOOP('',(#10650,#10658,#10666,#10672));
#10674=FACE_BOUND('',#10673,.T.);
#10675=ADVANCED_FACE('',(#10674),#10640,.F.);
#10676=CARTESIAN_POINT('',(1524.793750003,304.8,862.0125));
#10677=DIRECTION('',(-1.,0.,0.));
#10678=DIRECTION('',(0.,0.,1.));
#10679=AXIS2_PLACEMENT_3D('',#10676,#10677,#10678);
#10680=PLANE('',#10679);
#10681=CARTESIAN_POINT('',(1524.793750003,304.8,857.25));
#10682=VERTEX_POINT('',#10681);
#10683=CARTESIAN_POINT('',(1524.793750003,381.,857.25));
#10684=VERTEX_POINT('',#10683);
#10685=CARTESIAN_POINT('',(1524.793750003,304.8,857.25));
#10686=DIRECTION('',(0.,1.,0.));
#10687=VECTOR('',#10686,76.2);
#10688=LINE('',#10685,#10687);
#10689=EDGE_CURVE('',#10682,#10684,#10688,.T.);
#10690=ORIENTED_EDGE('',*,*,#10689,.T.);
#10691=CARTESIAN_POINT('',(1524.793750003,381.,866.775));
#10692=VERTEX_POINT('',#10691);
#10693=CARTESIAN_POINT('',(1524.793750003,381.,857.25));
#10694=DIRECTION('',(0.,0.,1.));
#10695=VECTOR('',#10694,9.525);
#10696=LINE('',#10693,#10695);
#10697=EDGE_CURVE('',#10684,#10692,#10696,.T.);
#10698=ORIENTED_EDGE('',*,*,#10697,.T.);
#10699=CARTESIAN_POINT('',(1524.793750003,387.35,866.775));
#10700=VERTEX_POINT('',#10699);
#10701=CARTESIAN_POINT('',(1524.793750003,387.35,866.775));
#10702=DIRECTION('',(0.,-1.,0.));
#10703=VECTOR('',#10702,6.35);
#10704=LINE('',#10701,#10703);
#10705=EDGE_CURVE('',#10700,#10692,#10704,.T.);
#10706=ORIENTED_EDGE('',*,*,#10705,.F.);
#10707=CARTESIAN_POINT('',(1524.793750003,387.35,857.25));
#10708=DIRECTION('',(0.,0.,1.));
#10709=VECTOR('',#10708,9.525);
#10710=LINE('',#10707,#10709);
#10711=EDGE_CURVE('',#10644,#10700,#10710,.T.);
#10712=ORIENTED_EDGE('',*,*,#10711,.F.);
#10713=ORIENTED_EDGE('',*,*,#10671,.T.);
#10714=CARTESIAN_POINT('',(1524.793750003,406.4,876.3));
#10715=VERTEX_POINT('',#10714);
#10716=CARTESIAN_POINT('',(1524.793750003,406.4,857.25));
#10717=DIRECTION('',(0.,0.,1.));
#10718=VECTOR('',#10717,19.05);
#10719=LINE('',#10716,#10718);
#10720=EDGE_CURVE('',#10660,#10715,#10719,.T.);
#10721=ORIENTED_EDGE('',*,*,#10720,.T.);
#10722=CARTESIAN_POINT('',(1524.793750003,304.8,876.3));
#10723=VERTEX_POINT('',#10722);
#10724=CARTESIAN_POINT('',(1524.793750003,304.8,876.3));
#10725=DIRECTION('',(0.,1.,0.));
#10726=VECTOR('',#10725,101.6);
#10727=LINE('',#10724,#10726);
#10728=EDGE_CURVE('',#10723,#10715,#10727,.T.);
#10729=ORIENTED_EDGE('',*,*,#10728,.F.);
#10730=CARTESIAN_POINT('',(1524.793750003,304.8,857.25));
#10731=DIRECTION('',(0.,0.,1.));
#10732=VECTOR('',#10731,19.05);
#10733=LINE('',#10730,#10732);
#10734=EDGE_CURVE('',#10682,#10723,#10733,.T.);
#10735=ORIENTED_EDGE('',*,*,#10734,.F.);
#10736=EDGE_LOOP('',(#10690,#10698,#10706,#10712,#10713,#10721,#10729,#10735));
#10737=FACE_BOUND('',#10736,.T.);
#10738=ADVANCED_FACE('',(#10737),#10680,.F.);
#10739=CARTESIAN_POINT('',(1167.606250003,304.8,876.3));
#10740=DIRECTION('',(0.,0.,1.));
#10741=DIRECTION('',(1.,0.,0.));
#10742=AXIS2_PLACEMENT_3D('',#10739,#10740,#10741);
#10743=PLANE('',#10742);
#10744=CARTESIAN_POINT('',(810.418750003,406.4,876.3));
#10745=VERTEX_POINT('',#10744);
#10746=CARTESIAN_POINT('',(810.418750003,406.4,876.3));
#10747=DIRECTION('',(1.,0.,-0.));
#10748=VECTOR('',#10747,714.375);
#10749=LINE('',#10746,#10748);
#10750=EDGE_CURVE('',#10745,#10715,#10749,.T.);
#10751=ORIENTED_EDGE('',*,*,#10750,.F.);
#10752=CARTESIAN_POINT('',(810.418750003,304.8,876.3));
#10753=VERTEX_POINT('',#10752);
#10754=CARTESIAN_POINT('',(810.418750003,304.8,876.3));
#10755=DIRECTION('',(0.,1.,0.));
#10756=VECTOR('',#10755,101.6);
#10757=LINE('',#10754,#10756);
#10758=EDGE_CURVE('',#10753,#10745,#10757,.T.);
#10759=ORIENTED_EDGE('',*,*,#10758,.F.);
#10760=CARTESIAN_POINT('',(810.418750003,304.8,876.3));
#10761=DIRECTION('',(1.,0.,-0.));
#10762=VECTOR('',#10761,714.375);
#10763=LINE('',#10760,#10762);
#10764=EDGE_CURVE('',#10753,#10723,#10763,.T.);
#10765=ORIENTED_EDGE('',*,*,#10764,.T.);
#10766=ORIENTED_EDGE('',*,*,#10728,.T.);
#10767=EDGE_LOOP('',(#10751,#10759,#10765,#10766));
#10768=FACE_BOUND('',#10767,.T.);
#10769=ADVANCED_FACE('',(#10768),#10743,.T.);
#10770=CARTESIAN_POINT('',(810.418750003,304.8,862.0125));
#10771=DIRECTION('',(-1.,0.,0.));
#10772=DIRECTION('',(0.,0.,1.));
#10773=AXIS2_PLACEMENT_3D('',#10770,#10771,#10772);
#10774=PLANE('',#10773);
#10775=CARTESIAN_POINT('',(810.418750003,381.,857.25));
#10776=VERTEX_POINT('',#10775);
#10777=CARTESIAN_POINT('',(810.418750003,381.,866.775));
#10778=VERTEX_POINT('',#10777);
#10779=CARTESIAN_POINT('',(810.418750003,381.,857.25));
#10780=DIRECTION('',(0.,0.,1.));
#10781=VECTOR('',#10780,9.525);
#10782=LINE('',#10779,#10781);
#10783=EDGE_CURVE('',#10776,#10778,#10782,.T.);
#10784=ORIENTED_EDGE('',*,*,#10783,.F.);
#10785=CARTESIAN_POINT('',(810.418750003,304.8,857.25));
#10786=VERTEX_POINT('',#10785);
#10787=CARTESIAN_POINT('',(810.418750003,304.8,857.25));
#10788=DIRECTION('',(0.,1.,0.));
#10789=VECTOR('',#10788,76.2);
#10790=LINE('',#10787,#10789);
#10791=EDGE_CURVE('',#10786,#10776,#10790,.T.);
#10792=ORIENTED_EDGE('',*,*,#10791,.F.);
#10793=CARTESIAN_POINT('',(810.418750003,304.8,857.25));
#10794=DIRECTION('',(0.,0.,1.));
#10795=VECTOR('',#10794,19.05);
#10796=LINE('',#10793,#10795);
#10797=EDGE_CURVE('',#10786,#10753,#10796,.T.);
#10798=ORIENTED_EDGE('',*,*,#10797,.T.);
#10799=ORIENTED_EDGE('',*,*,#10758,.T.);
#10800=CARTESIAN_POINT('',(810.418750003,406.4,857.25));
#10801=DIRECTION('',(0.,0.,1.));
#10802=VECTOR('',#10801,19.05);
#10803=LINE('',#10800,#10802);
#10804=EDGE_CURVE('',#10652,#10745,#10803,.T.);
#10805=ORIENTED_EDGE('',*,*,#10804,.F.);
#10806=ORIENTED_EDGE('',*,*,#10657,.F.);
#10807=CARTESIAN_POINT('',(810.418750003,387.35,866.775));
#10808=VERTEX_POINT('',#10807);
#10809=CARTESIAN_POINT('',(810.418750003,387.35,857.25));
#10810=DIRECTION('',(0.,0.,1.));
#10811=VECTOR('',#10810,9.525);
#10812=LINE('',#10809,#10811);
#10813=EDGE_CURVE('',#10642,#10808,#10812,.T.);
#10814=ORIENTED_EDGE('',*,*,#10813,.T.);
#10815=CARTESIAN_POINT('',(810.418750003,387.35,866.775));
#10816=DIRECTION('',(0.,-1.,0.));
#10817=VECTOR('',#10816,6.35);
#10818=LINE('',#10815,#10817);
#10819=EDGE_CURVE('',#10808,#10778,#10818,.T.);
#10820=ORIENTED_EDGE('',*,*,#10819,.T.);
#10821=EDGE_LOOP('',(#10784,#10792,#10798,#10799,#10805,#10806,#10814,#10820));
#10822=FACE_BOUND('',#10821,.T.);
#10823=ADVANCED_FACE('',(#10822),#10774,.T.);
#10824=CARTESIAN_POINT('',(1167.606250003,304.8,857.25));
#10825=DIRECTION('',(0.,0.,1.));
#10826=DIRECTION('',(1.,0.,0.));
#10827=AXIS2_PLACEMENT_3D('',#10824,#10825,#10826);
#10828=PLANE('',#10827);
#10829=ORIENTED_EDGE('',*,*,#10791,.T.);
#10830=CARTESIAN_POINT('',(810.418750003,381.,857.25));
#10831=DIRECTION('',(1.,0.,-0.));
#10832=VECTOR('',#10831,714.375);
#10833=LINE('',#10830,#10832);
#10834=EDGE_CURVE('',#10776,#10684,#10833,.T.);
#10835=ORIENTED_EDGE('',*,*,#10834,.T.);
#10836=ORIENTED_EDGE('',*,*,#10689,.F.);
#10837=CARTESIAN_POINT('',(810.418750003,304.8,857.25));
#10838=DIRECTION('',(1.,0.,-0.));
#10839=VECTOR('',#10838,714.375);
#10840=LINE('',#10837,#10839);
#10841=EDGE_CURVE('',#10786,#10682,#10840,.T.);
#10842=ORIENTED_EDGE('',*,*,#10841,.F.);
#10843=EDGE_LOOP('',(#10829,#10835,#10836,#10842));
#10844=FACE_BOUND('',#10843,.T.);
#10845=ADVANCED_FACE('',(#10844),#10828,.F.);
#10846=CARTESIAN_POINT('',(791.368750003,304.8,120.65));
#10847=DIRECTION('',(0.,-1.,0.));
#10848=DIRECTION('',(1.,0.,0.));
#10849=AXIS2_PLACEMENT_3D('',#10846,#10847,#10848);
#10850=PLANE('',#10849);
#10851=ORIENTED_EDGE('',*,*,#10734,.T.);
#10852=ORIENTED_EDGE('',*,*,#10764,.F.);
#10853=ORIENTED_EDGE('',*,*,#10797,.F.);
#10854=ORIENTED_EDGE('',*,*,#10841,.T.);
#10855=EDGE_LOOP('',(#10851,#10852,#10853,#10854));
#10856=FACE_BOUND('',#10855,.T.);
#10857=ADVANCED_FACE('',(#10856),#10850,.T.);
#10858=CARTESIAN_POINT('',(791.368750003,406.4,120.65));
#10859=DIRECTION('',(0.,-1.,0.));
#10860=DIRECTION('',(1.,0.,0.));
#10861=AXIS2_PLACEMENT_3D('',#10858,#10859,#10860);
#10862=PLANE('',#10861);
#10863=ORIENTED_EDGE('',*,*,#10720,.F.);
#10864=ORIENTED_EDGE('',*,*,#10665,.F.);
#10865=ORIENTED_EDGE('',*,*,#10804,.T.);
#10866=ORIENTED_EDGE('',*,*,#10750,.T.);
#10867=EDGE_LOOP('',(#10863,#10864,#10865,#10866));
#10868=FACE_BOUND('',#10867,.T.);
#10869=ADVANCED_FACE('',(#10868),#10862,.F.);
#10870=CARTESIAN_POINT('',(1167.606250003,387.35,866.775));
#10871=DIRECTION('',(0.,0.,1.));
#10872=DIRECTION('',(1.,0.,0.));
#10873=AXIS2_PLACEMENT_3D('',#10870,#10871,#10872);
#10874=PLANE('',#10873);
#10875=CARTESIAN_POINT('',(1524.793750003,381.,866.775));
#10876=DIRECTION('',(-1.,0.,0.));
#10877=VECTOR('',#10876,714.375);
#10878=LINE('',#10875,#10877);
#10879=EDGE_CURVE('',#10692,#10778,#10878,.T.);
#10880=ORIENTED_EDGE('',*,*,#10879,.T.);
#10881=ORIENTED_EDGE('',*,*,#10819,.F.);
#10882=CARTESIAN_POINT('',(1524.793750003,387.35,866.775));
#10883=DIRECTION('',(-1.,0.,0.));
#10884=VECTOR('',#10883,714.375);
#10885=LINE('',#10882,#10884);
#10886=EDGE_CURVE('',#10700,#10808,#10885,.T.);
#10887=ORIENTED_EDGE('',*,*,#10886,.F.);
#10888=ORIENTED_EDGE('',*,*,#10705,.T.);
#10889=EDGE_LOOP('',(#10880,#10881,#10887,#10888));
#10890=FACE_BOUND('',#10889,.T.);
#10891=ADVANCED_FACE('',(#10890),#10874,.F.);
#10892=CARTESIAN_POINT('',(791.368750003,387.35,120.65));
#10893=DIRECTION('',(0.,-1.,0.));
#10894=DIRECTION('',(1.,0.,0.));
#10895=AXIS2_PLACEMENT_3D('',#10892,#10893,#10894);
#10896=PLANE('',#10895);
#10897=ORIENTED_EDGE('',*,*,#10711,.T.);
#10898=ORIENTED_EDGE('',*,*,#10886,.T.);
#10899=ORIENTED_EDGE('',*,*,#10813,.F.);
#10900=ORIENTED_EDGE('',*,*,#10649,.T.);
#10901=EDGE_LOOP('',(#10897,#10898,#10899,#10900));
#10902=FACE_BOUND('',#10901,.T.);
#10903=ADVANCED_FACE('',(#10902),#10896,.T.);
#10904=CARTESIAN_POINT('',(791.368750003,381.,120.65));
#10905=DIRECTION('',(0.,-1.,0.));
#10906=DIRECTION('',(1.,0.,0.));
#10907=AXIS2_PLACEMENT_3D('',#10904,#10905,#10906);
#10908=PLANE('',#10907);
#10909=ORIENTED_EDGE('',*,*,#10697,.F.);
#10910=ORIENTED_EDGE('',*,*,#10834,.F.);
#10911=ORIENTED_EDGE('',*,*,#10783,.T.);
#10912=ORIENTED_EDGE('',*,*,#10879,.F.);
#10913=EDGE_LOOP('',(#10909,#10910,#10911,#10912));
#10914=FACE_BOUND('',#10913,.T.);
#10915=ADVANCED_FACE('',(#10914),#10908,.F.);
#10916=CLOSED_SHELL('',(#10675,#10738,#10769,#10823,#10845,#10857,#10869,#10891,#10903,#10915));
#10917=MANIFOLD_SOLID_BREP('[Stretcher] Back',#10916);
#10635=STYLED_ITEM('',(#267),#10917);
#10919=CARTESIAN_POINT('',(1524.793750003,406.4,871.5375));
#10920=DIRECTION('',(-1.,0.,-0.));
#10921=DIRECTION('',(-0.,0.,1.));
#10922=AXIS2_PLACEMENT_3D('',#10919,#10920,#10921);
#10923=PLANE('',#10922);
#10924=CARTESIAN_POINT('',(1524.793750003,381.,876.3));
#10925=VERTEX_POINT('',#10924);
#10926=CARTESIAN_POINT('',(1524.793750003,-0.,876.3));
#10927=VERTEX_POINT('',#10926);
#10928=CARTESIAN_POINT('',(1524.793750003,381.,876.3));
#10929=DIRECTION('',(0.,-1.,0.));
#10930=VECTOR('',#10929,381.);
#10931=LINE('',#10928,#10930);
#10932=EDGE_CURVE('',#10925,#10927,#10931,.T.);
#10933=ORIENTED_EDGE('',*,*,#10932,.F.);
#10934=CARTESIAN_POINT('',(1524.793750003,381.,120.65));
#10935=VERTEX_POINT('',#10934);
#10936=CARTESIAN_POINT('',(1524.793750003,381.,876.3));
#10937=DIRECTION('',(0.,0.,-1.));
#10938=VECTOR('',#10937,755.65);
#10939=LINE('',#10936,#10938);
#10940=EDGE_CURVE('',#10925,#10935,#10939,.T.);
#10941=ORIENTED_EDGE('',*,*,#10940,.T.);
#10942=CARTESIAN_POINT('',(1524.793750003,-0.,120.65));
#10943=VERTEX_POINT('',#10942);
#10944=CARTESIAN_POINT('',(1524.793750003,381.,120.65));
#10945=DIRECTION('',(0.,-1.,0.));
#10946=VECTOR('',#10945,381.);
#10947=LINE('',#10944,#10946);
#10948=EDGE_CURVE('',#10935,#10943,#10947,.T.);
#10949=ORIENTED_EDGE('',*,*,#10948,.T.);
#10950=CARTESIAN_POINT('',(1524.793750003,-0.,876.3));
#10951=DIRECTION('',(0.,0.,-1.));
#10952=VECTOR('',#10951,755.65);
#10953=LINE('',#10950,#10952);
#10954=EDGE_CURVE('',#10927,#10943,#10953,.T.);
#10955=ORIENTED_EDGE('',*,*,#10954,.F.);
#10956=EDGE_LOOP('',(#10933,#10941,#10949,#10955));
#10957=FACE_BOUND('',#10956,.T.);
#10958=ADVANCED_FACE('',(#10957),#10923,.T.);
#10959=CARTESIAN_POINT('',(1529.556250003,406.4,120.65));
#10960=DIRECTION('',(0.,0.,1.));
#10961=DIRECTION('',(1.,0.,0.));
#10962=AXIS2_PLACEMENT_3D('',#10959,#10960,#10961);
#10963=PLANE('',#10962);
#10964=CARTESIAN_POINT('',(1534.318750003,381.,120.65));
#10965=VERTEX_POINT('',#10964);
#10966=CARTESIAN_POINT('',(1534.318750003,381.,120.65));
#10967=DIRECTION('',(-1.,0.,0.));
#10968=VECTOR('',#10967,9.525);
#10969=LINE('',#10966,#10968);
#10970=EDGE_CURVE('',#10965,#10935,#10969,.T.);
#10971=ORIENTED_EDGE('',*,*,#10970,.F.);
#10972=CARTESIAN_POINT('',(1534.318750003,387.35,120.65));
#10973=VERTEX_POINT('',#10972);
#10974=CARTESIAN_POINT('',(1534.318750003,387.35,120.65));
#10975=DIRECTION('',(0.,-1.,0.));
#10976=VECTOR('',#10975,6.35);
#10977=LINE('',#10974,#10976);
#10978=EDGE_CURVE('',#10973,#10965,#10977,.T.);
#10979=ORIENTED_EDGE('',*,*,#10978,.F.);
#10980=CARTESIAN_POINT('',(1524.793750003,387.35,120.65));
#10981=VERTEX_POINT('',#10980);
#10982=CARTESIAN_POINT('',(1534.318750003,387.35,120.65));
#10983=DIRECTION('',(-1.,0.,0.));
#10984=VECTOR('',#10983,9.525);
#10985=LINE('',#10982,#10984);
#10986=EDGE_CURVE('',#10973,#10981,#10985,.T.);
#10987=ORIENTED_EDGE('',*,*,#10986,.T.);
#10988=CARTESIAN_POINT('',(1524.793750003,406.4,120.65));
#10989=VERTEX_POINT('',#10988);
#10990=CARTESIAN_POINT('',(1524.793750003,406.4,120.65));
#10991=DIRECTION('',(0.,-1.,0.));
#10992=VECTOR('',#10991,19.05);
#10993=LINE('',#10990,#10992);
#10994=EDGE_CURVE('',#10989,#10981,#10993,.T.);
#10995=ORIENTED_EDGE('',*,*,#10994,.F.);
#10996=CARTESIAN_POINT('',(1543.843750003,406.4,120.65));
#10997=VERTEX_POINT('',#10996);
#10998=CARTESIAN_POINT('',(1543.843750003,406.4,120.65));
#10999=DIRECTION('',(-1.,0.,0.));
#11000=VECTOR('',#10999,19.05);
#11001=LINE('',#10998,#11000);
#11002=EDGE_CURVE('',#10997,#10989,#11001,.T.);
#11003=ORIENTED_EDGE('',*,*,#11002,.F.);
#11004=CARTESIAN_POINT('',(1543.843750003,-0.,120.65));
#11005=VERTEX_POINT('',#11004);
#11006=CARTESIAN_POINT('',(1543.843750003,406.4,120.65));
#11007=DIRECTION('',(0.,-1.,0.));
#11008=VECTOR('',#11007,406.4);
#11009=LINE('',#11006,#11008);
#11010=EDGE_CURVE('',#10997,#11005,#11009,.T.);
#11011=ORIENTED_EDGE('',*,*,#11010,.T.);
#11012=CARTESIAN_POINT('',(1543.843750003,-0.,120.65));
#11013=DIRECTION('',(-1.,0.,0.));
#11014=VECTOR('',#11013,19.05);
#11015=LINE('',#11012,#11014);
#11016=EDGE_CURVE('',#11005,#10943,#11015,.T.);
#11017=ORIENTED_EDGE('',*,*,#11016,.T.);
#11018=ORIENTED_EDGE('',*,*,#10948,.F.);
#11019=EDGE_LOOP('',(#10971,#10979,#10987,#10995,#11003,#11011,#11017,#11018));
#11020=FACE_BOUND('',#11019,.T.);
#11021=ADVANCED_FACE('',(#11020),#10963,.F.);
#11022=CARTESIAN_POINT('',(1529.556250003,406.4,876.3));
#11023=DIRECTION('',(0.,0.,-1.));
#11024=DIRECTION('',(-1.,0.,0.));
#11025=AXIS2_PLACEMENT_3D('',#11022,#11023,#11024);
#11026=PLANE('',#11025);
#11027=CARTESIAN_POINT('',(1534.318750003,381.,876.3));
#11028=VERTEX_POINT('',#11027);
#11029=CARTESIAN_POINT('',(1524.793750003,381.,876.3));
#11030=DIRECTION('',(1.,0.,-0.));
#11031=VECTOR('',#11030,9.525);
#11032=LINE('',#11029,#11031);
#11033=EDGE_CURVE('',#10925,#11028,#11032,.T.);
#11034=ORIENTED_EDGE('',*,*,#11033,.F.);
#11035=ORIENTED_EDGE('',*,*,#10932,.T.);
#11036=CARTESIAN_POINT('',(1543.843750003,-0.,876.3));
#11037=VERTEX_POINT('',#11036);
#11038=CARTESIAN_POINT('',(1524.793750003,-0.,876.3));
#11039=DIRECTION('',(1.,0.,-0.));
#11040=VECTOR('',#11039,19.05);
#11041=LINE('',#11038,#11040);
#11042=EDGE_CURVE('',#10927,#11037,#11041,.T.);
#11043=ORIENTED_EDGE('',*,*,#11042,.T.);
#11044=CARTESIAN_POINT('',(1543.843750003,406.4,876.3));
#11045=VERTEX_POINT('',#11044);
#11046=CARTESIAN_POINT('',(1543.843750003,406.4,876.3));
#11047=DIRECTION('',(0.,-1.,0.));
#11048=VECTOR('',#11047,406.4);
#11049=LINE('',#11046,#11048);
#11050=EDGE_CURVE('',#11045,#11037,#11049,.T.);
#11051=ORIENTED_EDGE('',*,*,#11050,.F.);
#11052=CARTESIAN_POINT('',(1524.793750003,406.4,876.3));
#11053=VERTEX_POINT('',#11052);
#11054=CARTESIAN_POINT('',(1524.793750003,406.4,876.3));
#11055=DIRECTION('',(1.,0.,-0.));
#11056=VECTOR('',#11055,19.05);
#11057=LINE('',#11054,#11056);
#11058=EDGE_CURVE('',#11053,#11045,#11057,.T.);
#11059=ORIENTED_EDGE('',*,*,#11058,.F.);
#11060=CARTESIAN_POINT('',(1524.793750003,387.35,876.3));
#11061=VERTEX_POINT('',#11060);
#11062=CARTESIAN_POINT('',(1524.793750003,406.4,876.3));
#11063=DIRECTION('',(0.,-1.,0.));
#11064=VECTOR('',#11063,19.05);
#11065=LINE('',#11062,#11064);
#11066=EDGE_CURVE('',#11053,#11061,#11065,.T.);
#11067=ORIENTED_EDGE('',*,*,#11066,.T.);
#11068=CARTESIAN_POINT('',(1534.318750003,387.35,876.3));
#11069=VERTEX_POINT('',#11068);
#11070=CARTESIAN_POINT('',(1524.793750003,387.35,876.3));
#11071=DIRECTION('',(1.,0.,-0.));
#11072=VECTOR('',#11071,9.525);
#11073=LINE('',#11070,#11072);
#11074=EDGE_CURVE('',#11061,#11069,#11073,.T.);
#11075=ORIENTED_EDGE('',*,*,#11074,.T.);
#11076=CARTESIAN_POINT('',(1534.318750003,387.35,876.3));
#11077=DIRECTION('',(0.,-1.,0.));
#11078=VECTOR('',#11077,6.35);
#11079=LINE('',#11076,#11078);
#11080=EDGE_CURVE('',#11069,#11028,#11079,.T.);
#11081=ORIENTED_EDGE('',*,*,#11080,.T.);
#11082=EDGE_LOOP('',(#11034,#11035,#11043,#11051,#11059,#11067,#11075,#11081));
#11083=FACE_BOUND('',#11082,.T.);
#11084=ADVANCED_FACE('',(#11083),#11026,.F.);
#11085=CARTESIAN_POINT('',(1543.843750003,406.4,498.475));
#11086=DIRECTION('',(-1.,0.,0.));
#11087=DIRECTION('',(0.,0.,1.));
#11088=AXIS2_PLACEMENT_3D('',#11085,#11086,#11087);
#11089=PLANE('',#11088);
#11090=CARTESIAN_POINT('',(1543.843750003,-0.,876.3));
#11091=DIRECTION('',(0.,0.,-1.));
#11092=VECTOR('',#11091,755.65);
#11093=LINE('',#11090,#11092);
#11094=EDGE_CURVE('',#11037,#11005,#11093,.T.);
#11095=ORIENTED_EDGE('',*,*,#11094,.T.);
#11096=ORIENTED_EDGE('',*,*,#11010,.F.);
#11097=CARTESIAN_POINT('',(1543.843750003,406.4,876.3));
#11098=DIRECTION('',(0.,0.,-1.));
#11099=VECTOR('',#11098,755.65);
#11100=LINE('',#11097,#11099);
#11101=EDGE_CURVE('',#11045,#10997,#11100,.T.);
#11102=ORIENTED_EDGE('',*,*,#11101,.F.);
#11103=ORIENTED_EDGE('',*,*,#11050,.T.);
#11104=EDGE_LOOP('',(#11095,#11096,#11102,#11103));
#11105=FACE_BOUND('',#11104,.T.);
#11106=ADVANCED_FACE('',(#11105),#11089,.F.);
#11107=CARTESIAN_POINT('',(1524.793750003,406.4,871.5375));
#11108=DIRECTION('',(-1.,0.,-0.));
#11109=DIRECTION('',(-0.,0.,1.));
#11110=AXIS2_PLACEMENT_3D('',#11107,#11108,#11109);
#11111=PLANE('',#11110);
#11112=CARTESIAN_POINT('',(1524.793750003,387.35,876.3));
#11113=DIRECTION('',(0.,0.,-1.));
#11114=VECTOR('',#11113,755.65);
#11115=LINE('',#11112,#11114);
#11116=EDGE_CURVE('',#11061,#10981,#11115,.T.);
#11117=ORIENTED_EDGE('',*,*,#11116,.F.);
#11118=ORIENTED_EDGE('',*,*,#11066,.F.);
#11119=CARTESIAN_POINT('',(1524.793750003,406.4,876.3));
#11120=DIRECTION('',(0.,0.,-1.));
#11121=VECTOR('',#11120,755.65);
#11122=LINE('',#11119,#11121);
#11123=EDGE_CURVE('',#11053,#10989,#11122,.T.);
#11124=ORIENTED_EDGE('',*,*,#11123,.T.);
#11125=ORIENTED_EDGE('',*,*,#10994,.T.);
#11126=EDGE_LOOP('',(#11117,#11118,#11124,#11125));
#11127=FACE_BOUND('',#11126,.T.);
#11128=ADVANCED_FACE('',(#11127),#11111,.T.);
#11129=CARTESIAN_POINT('',(791.368750003,406.4,120.65));
#11130=DIRECTION('',(0.,-1.,0.));
#11131=DIRECTION('',(1.,0.,0.));
#11132=AXIS2_PLACEMENT_3D('',#11129,#11130,#11131);
#11133=PLANE('',#11132);
#11134=ORIENTED_EDGE('',*,*,#11002,.T.);
#11135=ORIENTED_EDGE('',*,*,#11123,.F.);
#11136=ORIENTED_EDGE('',*,*,#11058,.T.);
#11137=ORIENTED_EDGE('',*,*,#11101,.T.);
#11138=EDGE_LOOP('',(#11134,#11135,#11136,#11137));
#11139=FACE_BOUND('',#11138,.T.);
#11140=ADVANCED_FACE('',(#11139),#11133,.F.);
#11141=CARTESIAN_POINT('',(791.368750003,-0.,120.65));
#11142=DIRECTION('',(0.,-1.,0.));
#11143=DIRECTION('',(1.,0.,0.));
#11144=AXIS2_PLACEMENT_3D('',#11141,#11142,#11143);
#11145=PLANE('',#11144);
#11146=ORIENTED_EDGE('',*,*,#11016,.F.);
#11147=ORIENTED_EDGE('',*,*,#11094,.F.);
#11148=ORIENTED_EDGE('',*,*,#11042,.F.);
#11149=ORIENTED_EDGE('',*,*,#10954,.T.);
#11150=EDGE_LOOP('',(#11146,#11147,#11148,#11149));
#11151=FACE_BOUND('',#11150,.T.);
#11152=ADVANCED_FACE('',(#11151),#11145,.T.);
#11153=CARTESIAN_POINT('',(1534.318750003,387.35,498.475));
#11154=DIRECTION('',(-1.,0.,0.));
#11155=DIRECTION('',(0.,0.,1.));
#11156=AXIS2_PLACEMENT_3D('',#11153,#11154,#11155);
#11157=PLANE('',#11156);
#11158=CARTESIAN_POINT('',(1534.318750003,381.,876.3));
#11159=DIRECTION('',(-0.,0.,-1.));
#11160=VECTOR('',#11159,755.65);
#11161=LINE('',#11158,#11160);
#11162=EDGE_CURVE('',#11028,#10965,#11161,.T.);
#11163=ORIENTED_EDGE('',*,*,#11162,.F.);
#11164=ORIENTED_EDGE('',*,*,#11080,.F.);
#11165=CARTESIAN_POINT('',(1534.318750003,387.35,876.3));
#11166=DIRECTION('',(-0.,0.,-1.));
#11167=VECTOR('',#11166,755.65);
#11168=LINE('',#11165,#11167);
#11169=EDGE_CURVE('',#11069,#10973,#11168,.T.);
#11170=ORIENTED_EDGE('',*,*,#11169,.T.);
#11171=ORIENTED_EDGE('',*,*,#10978,.T.);
#11172=EDGE_LOOP('',(#11163,#11164,#11170,#11171));
#11173=FACE_BOUND('',#11172,.T.);
#11174=ADVANCED_FACE('',(#11173),#11157,.T.);
#11175=CARTESIAN_POINT('',(791.368750003,387.35,120.65));
#11176=DIRECTION('',(0.,-1.,0.));
#11177=DIRECTION('',(1.,0.,0.));
#11178=AXIS2_PLACEMENT_3D('',#11175,#11176,#11177);
#11179=PLANE('',#11178);
#11180=ORIENTED_EDGE('',*,*,#11169,.F.);
#11181=ORIENTED_EDGE('',*,*,#11074,.F.);
#11182=ORIENTED_EDGE('',*,*,#11116,.T.);
#11183=ORIENTED_EDGE('',*,*,#10986,.F.);
#11184=EDGE_LOOP('',(#11180,#11181,#11182,#11183));
#11185=FACE_BOUND('',#11184,.T.);
#11186=ADVANCED_FACE('',(#11185),#11179,.T.);
#11187=CARTESIAN_POINT('',(791.368750003,381.,120.65));
#11188=DIRECTION('',(0.,-1.,0.));
#11189=DIRECTION('',(1.,0.,0.));
#11190=AXIS2_PLACEMENT_3D('',#11187,#11188,#11189);
#11191=PLANE('',#11190);
#11192=ORIENTED_EDGE('',*,*,#11162,.T.);
#11193=ORIENTED_EDGE('',*,*,#10970,.T.);
#11194=ORIENTED_EDGE('',*,*,#10940,.F.);
#11195=ORIENTED_EDGE('',*,*,#11033,.T.);
#11196=EDGE_LOOP('',(#11192,#11193,#11194,#11195));
#11197=FACE_BOUND('',#11196,.T.);
#11198=ADVANCED_FACE('',(#11197),#11191,.F.);
#11199=CLOSED_SHELL('',(#10958,#11021,#11084,#11106,#11128,#11140,#11152,#11174,#11186,#11198));
#11200=MANIFOLD_SOLID_BREP('[Panel] Right',#11199);
#10918=STYLED_ITEM('',(#267),#11200);
#11202=CARTESIAN_POINT('',(810.418750003,406.4,862.0125));
#11203=DIRECTION('',(1.,0.,0.));
#11204=DIRECTION('',(0.,0.,-1.));
#11205=AXIS2_PLACEMENT_3D('',#11202,#11203,#11204);
#11206=PLANE('',#11205);
#11207=CARTESIAN_POINT('',(810.418750003,381.,120.65));
#11208=VERTEX_POINT('',#11207);
#11209=CARTESIAN_POINT('',(810.418750003,19.05,120.65));
#11210=VERTEX_POINT('',#11209);
#11211=CARTESIAN_POINT('',(810.418750003,381.,120.65));
#11212=DIRECTION('',(0.,-1.,0.));
#11213=VECTOR('',#11212,361.95);
#11214=LINE('',#11211,#11213);
#11215=EDGE_CURVE('',#11208,#11210,#11214,.T.);
#11216=ORIENTED_EDGE('',*,*,#11215,.F.);
#11217=CARTESIAN_POINT('',(810.418750003,381.,876.3));
#11218=VERTEX_POINT('',#11217);
#11219=CARTESIAN_POINT('',(810.418750003,381.,120.65));
#11220=DIRECTION('',(0.,0.,1.));
#11221=VECTOR('',#11220,755.65);
#11222=LINE('',#11219,#11221);
#11223=EDGE_CURVE('',#11208,#11218,#11222,.T.);
#11224=ORIENTED_EDGE('',*,*,#11223,.T.);
#11225=CARTESIAN_POINT('',(810.418750003,19.05,876.3));
#11226=VERTEX_POINT('',#11225);
#11227=CARTESIAN_POINT('',(810.418750003,381.,876.3));
#11228=DIRECTION('',(0.,-1.,0.));
#11229=VECTOR('',#11228,361.95);
#11230=LINE('',#11227,#11229);
#11231=EDGE_CURVE('',#11218,#11226,#11230,.T.);
#11232=ORIENTED_EDGE('',*,*,#11231,.T.);
#11233=CARTESIAN_POINT('',(810.418750003,19.05,120.65));
#11234=DIRECTION('',(0.,0.,1.));
#11235=VECTOR('',#11234,755.65);
#11236=LINE('',#11233,#11235);
#11237=EDGE_CURVE('',#11210,#11226,#11236,.T.);
#11238=ORIENTED_EDGE('',*,*,#11237,.F.);
#11239=EDGE_LOOP('',(#11216,#11224,#11232,#11238));
#11240=FACE_BOUND('',#11239,.T.);
#11241=ADVANCED_FACE('',(#11240),#11206,.T.);
#11242=CARTESIAN_POINT('',(796.131250003,406.4,120.65));
#11243=DIRECTION('',(0.,0.,1.));
#11244=DIRECTION('',(1.,0.,0.));
#11245=AXIS2_PLACEMENT_3D('',#11242,#11243,#11244);
#11246=PLANE('',#11245);
#11247=CARTESIAN_POINT('',(800.893750003,381.,120.65));
#11248=VERTEX_POINT('',#11247);
#11249=CARTESIAN_POINT('',(810.418750003,381.,120.65));
#11250=DIRECTION('',(-1.,0.,0.));
#11251=VECTOR('',#11250,9.525);
#11252=LINE('',#11249,#11251);
#11253=EDGE_CURVE('',#11208,#11248,#11252,.T.);
#11254=ORIENTED_EDGE('',*,*,#11253,.F.);
#11255=ORIENTED_EDGE('',*,*,#11215,.T.);
#11256=CARTESIAN_POINT('',(791.368750003,19.05,120.65));
#11257=VERTEX_POINT('',#11256);
#11258=CARTESIAN_POINT('',(810.418750003,19.05,120.65));
#11259=DIRECTION('',(-1.,0.,0.));
#11260=VECTOR('',#11259,19.05);
#11261=LINE('',#11258,#11260);
#11262=EDGE_CURVE('',#11210,#11257,#11261,.T.);
#11263=ORIENTED_EDGE('',*,*,#11262,.T.);
#11264=CARTESIAN_POINT('',(791.368750003,406.4,120.65));
#11265=VERTEX_POINT('',#11264);
#11266=CARTESIAN_POINT('',(791.368750003,406.4,120.65));
#11267=DIRECTION('',(0.,-1.,0.));
#11268=VECTOR('',#11267,387.35);
#11269=LINE('',#11266,#11268);
#11270=EDGE_CURVE('',#11265,#11257,#11269,.T.);
#11271=ORIENTED_EDGE('',*,*,#11270,.F.);
#11272=CARTESIAN_POINT('',(810.418750003,406.4,120.65));
#11273=VERTEX_POINT('',#11272);
#11274=CARTESIAN_POINT('',(810.418750003,406.4,120.65));
#11275=DIRECTION('',(-1.,0.,0.));
#11276=VECTOR('',#11275,19.05);
#11277=LINE('',#11274,#11276);
#11278=EDGE_CURVE('',#11273,#11265,#11277,.T.);
#11279=ORIENTED_EDGE('',*,*,#11278,.F.);
#11280=CARTESIAN_POINT('',(810.418750003,387.35,120.65));
#11281=VERTEX_POINT('',#11280);
#11282=CARTESIAN_POINT('',(810.418750003,406.4,120.65));
#11283=DIRECTION('',(0.,-1.,0.));
#11284=VECTOR('',#11283,19.05);
#11285=LINE('',#11282,#11284);
#11286=EDGE_CURVE('',#11273,#11281,#11285,.T.);
#11287=ORIENTED_EDGE('',*,*,#11286,.T.);
#11288=CARTESIAN_POINT('',(800.893750003,387.35,120.65));
#11289=VERTEX_POINT('',#11288);
#11290=CARTESIAN_POINT('',(810.418750003,387.35,120.65));
#11291=DIRECTION('',(-1.,0.,0.));
#11292=VECTOR('',#11291,9.525);
#11293=LINE('',#11290,#11292);
#11294=EDGE_CURVE('',#11281,#11289,#11293,.T.);
#11295=ORIENTED_EDGE('',*,*,#11294,.T.);
#11296=CARTESIAN_POINT('',(800.893750003,387.35,120.65));
#11297=DIRECTION('',(0.,-1.,0.));
#11298=VECTOR('',#11297,6.35);
#11299=LINE('',#11296,#11298);
#11300=EDGE_CURVE('',#11289,#11248,#11299,.T.);
#11301=ORIENTED_EDGE('',*,*,#11300,.T.);
#11302=EDGE_LOOP('',(#11254,#11255,#11263,#11271,#11279,#11287,#11295,#11301));
#11303=FACE_BOUND('',#11302,.T.);
#11304=ADVANCED_FACE('',(#11303),#11246,.F.);
#11305=CARTESIAN_POINT('',(796.131250003,406.4,876.3));
#11306=DIRECTION('',(0.,0.,-1.));
#11307=DIRECTION('',(-1.,0.,0.));
#11308=AXIS2_PLACEMENT_3D('',#11305,#11306,#11307);
#11309=PLANE('',#11308);
#11310=CARTESIAN_POINT('',(800.893750003,381.,876.3));
#11311=VERTEX_POINT('',#11310);
#11312=CARTESIAN_POINT('',(800.893750003,381.,876.3));
#11313=DIRECTION('',(1.,0.,-0.));
#11314=VECTOR('',#11313,9.525);
#11315=LINE('',#11312,#11314);
#11316=EDGE_CURVE('',#11311,#11218,#11315,.T.);
#11317=ORIENTED_EDGE('',*,*,#11316,.F.);
#11318=CARTESIAN_POINT('',(800.893750003,387.35,876.3));
#11319=VERTEX_POINT('',#11318);
#11320=CARTESIAN_POINT('',(800.893750003,387.35,876.3));
#11321=DIRECTION('',(0.,-1.,0.));
#11322=VECTOR('',#11321,6.35);
#11323=LINE('',#11320,#11322);
#11324=EDGE_CURVE('',#11319,#11311,#11323,.T.);
#11325=ORIENTED_EDGE('',*,*,#11324,.F.);
#11326=CARTESIAN_POINT('',(810.418750003,387.35,876.3));
#11327=VERTEX_POINT('',#11326);
#11328=CARTESIAN_POINT('',(800.893750003,387.35,876.3));
#11329=DIRECTION('',(1.,0.,-0.));
#11330=VECTOR('',#11329,9.525);
#11331=LINE('',#11328,#11330);
#11332=EDGE_CURVE('',#11319,#11327,#11331,.T.);
#11333=ORIENTED_EDGE('',*,*,#11332,.T.);
#11334=CARTESIAN_POINT('',(810.418750003,406.4,876.3));
#11335=VERTEX_POINT('',#11334);
#11336=CARTESIAN_POINT('',(810.418750003,406.4,876.3));
#11337=DIRECTION('',(0.,-1.,0.));
#11338=VECTOR('',#11337,19.05);
#11339=LINE('',#11336,#11338);
#11340=EDGE_CURVE('',#11335,#11327,#11339,.T.);
#11341=ORIENTED_EDGE('',*,*,#11340,.F.);
#11342=CARTESIAN_POINT('',(791.368750003,406.4,876.3));
#11343=VERTEX_POINT('',#11342);
#11344=CARTESIAN_POINT('',(791.368750003,406.4,876.3));
#11345=DIRECTION('',(1.,0.,-0.));
#11346=VECTOR('',#11345,19.05);
#11347=LINE('',#11344,#11346);
#11348=EDGE_CURVE('',#11343,#11335,#11347,.T.);
#11349=ORIENTED_EDGE('',*,*,#11348,.F.);
#11350=CARTESIAN_POINT('',(791.368750003,19.05,876.3));
#11351=VERTEX_POINT('',#11350);
#11352=CARTESIAN_POINT('',(791.368750003,406.4,876.3));
#11353=DIRECTION('',(0.,-1.,0.));
#11354=VECTOR('',#11353,387.35);
#11355=LINE('',#11352,#11354);
#11356=EDGE_CURVE('',#11343,#11351,#11355,.T.);
#11357=ORIENTED_EDGE('',*,*,#11356,.T.);
#11358=CARTESIAN_POINT('',(791.368750003,19.05,876.3));
#11359=DIRECTION('',(1.,0.,-0.));
#11360=VECTOR('',#11359,19.05);
#11361=LINE('',#11358,#11360);
#11362=EDGE_CURVE('',#11351,#11226,#11361,.T.);
#11363=ORIENTED_EDGE('',*,*,#11362,.T.);
#11364=ORIENTED_EDGE('',*,*,#11231,.F.);
#11365=EDGE_LOOP('',(#11317,#11325,#11333,#11341,#11349,#11357,#11363,#11364));
#11366=FACE_BOUND('',#11365,.T.);
#11367=ADVANCED_FACE('',(#11366),#11309,.F.);
#11368=CARTESIAN_POINT('',(810.418750003,406.4,862.0125));
#11369=DIRECTION('',(1.,0.,0.));
#11370=DIRECTION('',(0.,0.,-1.));
#11371=AXIS2_PLACEMENT_3D('',#11368,#11369,#11370);
#11372=PLANE('',#11371);
#11373=CARTESIAN_POINT('',(810.418750003,387.35,120.65));
#11374=DIRECTION('',(0.,0.,1.));
#11375=VECTOR('',#11374,755.65);
#11376=LINE('',#11373,#11375);
#11377=EDGE_CURVE('',#11281,#11327,#11376,.T.);
#11378=ORIENTED_EDGE('',*,*,#11377,.F.);
#11379=ORIENTED_EDGE('',*,*,#11286,.F.);
#11380=CARTESIAN_POINT('',(810.418750003,406.4,120.65));
#11381=DIRECTION('',(0.,0.,1.));
#11382=VECTOR('',#11381,755.65);
#11383=LINE('',#11380,#11382);
#11384=EDGE_CURVE('',#11273,#11335,#11383,.T.);
#11385=ORIENTED_EDGE('',*,*,#11384,.T.);
#11386=ORIENTED_EDGE('',*,*,#11340,.T.);
#11387=EDGE_LOOP('',(#11378,#11379,#11385,#11386));
#11388=FACE_BOUND('',#11387,.T.);
#11389=ADVANCED_FACE('',(#11388),#11372,.T.);
#11390=CARTESIAN_POINT('',(791.368750003,406.4,498.475));
#11391=DIRECTION('',(1.,0.,0.));
#11392=DIRECTION('',(0.,0.,-1.));
#11393=AXIS2_PLACEMENT_3D('',#11390,#11391,#11392);
#11394=PLANE('',#11393);
#11395=CARTESIAN_POINT('',(791.368750003,19.05,120.65));
#11396=DIRECTION('',(0.,0.,1.));
#11397=VECTOR('',#11396,755.65);
#11398=LINE('',#11395,#11397);
#11399=EDGE_CURVE('',#11257,#11351,#11398,.T.);
#11400=ORIENTED_EDGE('',*,*,#11399,.T.);
#11401=ORIENTED_EDGE('',*,*,#11356,.F.);
#11402=CARTESIAN_POINT('',(791.368750003,406.4,120.65));
#11403=DIRECTION('',(0.,0.,1.));
#11404=VECTOR('',#11403,755.65);
#11405=LINE('',#11402,#11404);
#11406=EDGE_CURVE('',#11265,#11343,#11405,.T.);
#11407=ORIENTED_EDGE('',*,*,#11406,.F.);
#11408=ORIENTED_EDGE('',*,*,#11270,.T.);
#11409=EDGE_LOOP('',(#11400,#11401,#11407,#11408));
#11410=FACE_BOUND('',#11409,.T.);
#11411=ADVANCED_FACE('',(#11410),#11394,.F.);
#11412=CARTESIAN_POINT('',(791.368750003,406.4,120.65));
#11413=DIRECTION('',(0.,-1.,0.));
#11414=DIRECTION('',(1.,0.,0.));
#11415=AXIS2_PLACEMENT_3D('',#11412,#11413,#11414);
#11416=PLANE('',#11415);
#11417=ORIENTED_EDGE('',*,*,#11278,.T.);
#11418=ORIENTED_EDGE('',*,*,#11406,.T.);
#11419=ORIENTED_EDGE('',*,*,#11348,.T.);
#11420=ORIENTED_EDGE('',*,*,#11384,.F.);
#11421=EDGE_LOOP('',(#11417,#11418,#11419,#11420));
#11422=FACE_BOUND('',#11421,.T.);
#11423=ADVANCED_FACE('',(#11422),#11416,.F.);
#11424=CARTESIAN_POINT('',(791.368750003,19.05,120.65));
#11425=DIRECTION('',(0.,-1.,0.));
#11426=DIRECTION('',(1.,0.,0.));
#11427=AXIS2_PLACEMENT_3D('',#11424,#11425,#11426);
#11428=PLANE('',#11427);
#11429=ORIENTED_EDGE('',*,*,#11262,.F.);
#11430=ORIENTED_EDGE('',*,*,#11237,.T.);
#11431=ORIENTED_EDGE('',*,*,#11362,.F.);
#11432=ORIENTED_EDGE('',*,*,#11399,.F.);
#11433=EDGE_LOOP('',(#11429,#11430,#11431,#11432));
#11434=FACE_BOUND('',#11433,.T.);
#11435=ADVANCED_FACE('',(#11434),#11428,.T.);
#11436=CARTESIAN_POINT('',(800.893750003,387.35,498.475));
#11437=DIRECTION('',(-1.,0.,-0.));
#11438=DIRECTION('',(-0.,0.,1.));
#11439=AXIS2_PLACEMENT_3D('',#11436,#11437,#11438);
#11440=PLANE('',#11439);
#11441=CARTESIAN_POINT('',(800.893750003,381.,876.3));
#11442=DIRECTION('',(0.,0.,-1.));
#11443=VECTOR('',#11442,755.65);
#11444=LINE('',#11441,#11443);
#11445=EDGE_CURVE('',#11311,#11248,#11444,.T.);
#11446=ORIENTED_EDGE('',*,*,#11445,.T.);
#11447=ORIENTED_EDGE('',*,*,#11300,.F.);
#11448=CARTESIAN_POINT('',(800.893750003,387.35,876.3));
#11449=DIRECTION('',(0.,0.,-1.));
#11450=VECTOR('',#11449,755.65);
#11451=LINE('',#11448,#11450);
#11452=EDGE_CURVE('',#11319,#11289,#11451,.T.);
#11453=ORIENTED_EDGE('',*,*,#11452,.F.);
#11454=ORIENTED_EDGE('',*,*,#11324,.T.);
#11455=EDGE_LOOP('',(#11446,#11447,#11453,#11454));
#11456=FACE_BOUND('',#11455,.T.);
#11457=ADVANCED_FACE('',(#11456),#11440,.F.);
#11458=CARTESIAN_POINT('',(791.368750003,387.35,120.65));
#11459=DIRECTION('',(0.,-1.,0.));
#11460=DIRECTION('',(1.,0.,0.));
#11461=AXIS2_PLACEMENT_3D('',#11458,#11459,#11460);
#11462=PLANE('',#11461);
#11463=ORIENTED_EDGE('',*,*,#11377,.T.);
#11464=ORIENTED_EDGE('',*,*,#11332,.F.);
#11465=ORIENTED_EDGE('',*,*,#11452,.T.);
#11466=ORIENTED_EDGE('',*,*,#11294,.F.);
#11467=EDGE_LOOP('',(#11463,#11464,#11465,#11466));
#11468=FACE_BOUND('',#11467,.T.);
#11469=ADVANCED_FACE('',(#11468),#11462,.T.);
#11470=CARTESIAN_POINT('',(791.368750003,381.,120.65));
#11471=DIRECTION('',(0.,-1.,0.));
#11472=DIRECTION('',(1.,0.,0.));
#11473=AXIS2_PLACEMENT_3D('',#11470,#11471,#11472);
#11474=PLANE('',#11473);
#11475=ORIENTED_EDGE('',*,*,#11223,.F.);
#11476=ORIENTED_EDGE('',*,*,#11253,.T.);
#11477=ORIENTED_EDGE('',*,*,#11445,.F.);
#11478=ORIENTED_EDGE('',*,*,#11316,.T.);
#11479=EDGE_LOOP('',(#11475,#11476,#11477,#11478));
#11480=FACE_BOUND('',#11479,.T.);
#11481=ADVANCED_FACE('',(#11480),#11474,.F.);
#11482=CLOSED_SHELL('',(#11241,#11304,#11367,#11389,#11411,#11423,#11435,#11457,#11469,#11481));
#11483=MANIFOLD_SOLID_BREP('[Panel] Left',#11482);
#11201=STYLED_ITEM('',(#267),#11483);
#11485=CARTESIAN_POINT('',(1167.606250003,406.4,139.7));
#11486=DIRECTION('',(-0.,0.,1.));
#11487=DIRECTION('',(1.,0.,0.));
#11488=AXIS2_PLACEMENT_3D('',#11485,#11486,#11487);
#11489=PLANE('',#11488);
#11490=CARTESIAN_POINT('',(1524.793750003,381.,139.7));
#11491=VERTEX_POINT('',#11490);
#11492=CARTESIAN_POINT('',(1524.793750003,19.05,139.7));
#11493=VERTEX_POINT('',#11492);
#11494=CARTESIAN_POINT('',(1524.793750003,381.,139.7));
#11495=DIRECTION('',(0.,-1.,0.));
#11496=VECTOR('',#11495,361.95);
#11497=LINE('',#11494,#11496);
#11498=EDGE_CURVE('',#11491,#11493,#11497,.T.);
#11499=ORIENTED_EDGE('',*,*,#11498,.F.);
#11500=CARTESIAN_POINT('',(810.418750003,381.,139.7));
#11501=VERTEX_POINT('',#11500);
#11502=CARTESIAN_POINT('',(1524.793750003,381.,139.7));
#11503=DIRECTION('',(-1.,0.,-0.));
#11504=VECTOR('',#11503,714.375);
#11505=LINE('',#11502,#11504);
#11506=EDGE_CURVE('',#11491,#11501,#11505,.T.);
#11507=ORIENTED_EDGE('',*,*,#11506,.T.);
#11508=CARTESIAN_POINT('',(810.418750003,19.05,139.7));
#11509=VERTEX_POINT('',#11508);
#11510=CARTESIAN_POINT('',(810.418750003,381.,139.7));
#11511=DIRECTION('',(0.,-1.,0.));
#11512=VECTOR('',#11511,361.95);
#11513=LINE('',#11510,#11512);
#11514=EDGE_CURVE('',#11501,#11509,#11513,.T.);
#11515=ORIENTED_EDGE('',*,*,#11514,.T.);
#11516=CARTESIAN_POINT('',(1524.793750003,19.05,139.7));
#11517=DIRECTION('',(-1.,0.,-0.));
#11518=VECTOR('',#11517,714.375);
#11519=LINE('',#11516,#11518);
#11520=EDGE_CURVE('',#11493,#11509,#11519,.T.);
#11521=ORIENTED_EDGE('',*,*,#11520,.F.);
#11522=EDGE_LOOP('',(#11499,#11507,#11515,#11521));
#11523=FACE_BOUND('',#11522,.T.);
#11524=ADVANCED_FACE('',(#11523),#11489,.T.);
#11525=CARTESIAN_POINT('',(1524.793750003,406.4,125.4125));
#11526=DIRECTION('',(-1.,0.,0.));
#11527=DIRECTION('',(0.,0.,1.));
#11528=AXIS2_PLACEMENT_3D('',#11525,#11526,#11527);
#11529=PLANE('',#11528);
#11530=CARTESIAN_POINT('',(1524.793750003,381.,130.175));
#11531=VERTEX_POINT('',#11530);
#11532=CARTESIAN_POINT('',(1524.793750003,381.,139.7));
#11533=DIRECTION('',(0.,0.,-1.));
#11534=VECTOR('',#11533,9.525);
#11535=LINE('',#11532,#11534);
#11536=EDGE_CURVE('',#11491,#11531,#11535,.T.);
#11537=ORIENTED_EDGE('',*,*,#11536,.F.);
#11538=ORIENTED_EDGE('',*,*,#11498,.T.);
#11539=CARTESIAN_POINT('',(1524.793750003,19.05,120.65));
#11540=VERTEX_POINT('',#11539);
#11541=CARTESIAN_POINT('',(1524.793750003,19.05,139.7));
#11542=DIRECTION('',(0.,0.,-1.));
#11543=VECTOR('',#11542,19.05);
#11544=LINE('',#11541,#11543);
#11545=EDGE_CURVE('',#11493,#11540,#11544,.T.);
#11546=ORIENTED_EDGE('',*,*,#11545,.T.);
#11547=CARTESIAN_POINT('',(1524.793750003,406.4,120.65));
#11548=VERTEX_POINT('',#11547);
#11549=CARTESIAN_POINT('',(1524.793750003,406.4,120.65));
#11550=DIRECTION('',(0.,-1.,0.));
#11551=VECTOR('',#11550,387.35);
#11552=LINE('',#11549,#11551);
#11553=EDGE_CURVE('',#11548,#11540,#11552,.T.);
#11554=ORIENTED_EDGE('',*,*,#11553,.F.);
#11555=CARTESIAN_POINT('',(1524.793750003,406.4,139.7));
#11556=VERTEX_POINT('',#11555);
#11557=CARTESIAN_POINT('',(1524.793750003,406.4,139.7));
#11558=DIRECTION('',(0.,0.,-1.));
#11559=VECTOR('',#11558,19.05);
#11560=LINE('',#11557,#11559);
#11561=EDGE_CURVE('',#11556,#11548,#11560,.T.);
#11562=ORIENTED_EDGE('',*,*,#11561,.F.);
#11563=CARTESIAN_POINT('',(1524.793750003,387.35,139.7));
#11564=VERTEX_POINT('',#11563);
#11565=CARTESIAN_POINT('',(1524.793750003,406.4,139.7));
#11566=DIRECTION('',(0.,-1.,0.));
#11567=VECTOR('',#11566,19.05);
#11568=LINE('',#11565,#11567);
#11569=EDGE_CURVE('',#11556,#11564,#11568,.T.);
#11570=ORIENTED_EDGE('',*,*,#11569,.T.);
#11571=CARTESIAN_POINT('',(1524.793750003,387.35,130.175));
#11572=VERTEX_POINT('',#11571);
#11573=CARTESIAN_POINT('',(1524.793750003,387.35,139.7));
#11574=DIRECTION('',(0.,0.,-1.));
#11575=VECTOR('',#11574,9.525);
#11576=LINE('',#11573,#11575);
#11577=EDGE_CURVE('',#11564,#11572,#11576,.T.);
#11578=ORIENTED_EDGE('',*,*,#11577,.T.);
#11579=CARTESIAN_POINT('',(1524.793750003,387.35,130.175));
#11580=DIRECTION('',(0.,-1.,0.));
#11581=VECTOR('',#11580,6.35);
#11582=LINE('',#11579,#11581);
#11583=EDGE_CURVE('',#11572,#11531,#11582,.T.);
#11584=ORIENTED_EDGE('',*,*,#11583,.T.);
#11585=EDGE_LOOP('',(#11537,#11538,#11546,#11554,#11562,#11570,#11578,#11584));
#11586=FACE_BOUND('',#11585,.T.);
#11587=ADVANCED_FACE('',(#11586),#11529,.F.);
#11588=CARTESIAN_POINT('',(810.418750003,406.4,125.4125));
#11589=DIRECTION('',(-1.,0.,-0.));
#11590=DIRECTION('',(-0.,0.,1.));
#11591=AXIS2_PLACEMENT_3D('',#11588,#11589,#11590);
#11592=PLANE('',#11591);
#11593=ORIENTED_EDGE('',*,*,#11514,.F.);
#11594=CARTESIAN_POINT('',(810.418750003,381.,130.175));
#11595=VERTEX_POINT('',#11594);
#11596=CARTESIAN_POINT('',(810.418750003,381.,139.7));
#11597=DIRECTION('',(0.,0.,-1.));
#11598=VECTOR('',#11597,9.525);
#11599=LINE('',#11596,#11598);
#11600=EDGE_CURVE('',#11501,#11595,#11599,.T.);
#11601=ORIENTED_EDGE('',*,*,#11600,.T.);
#11602=CARTESIAN_POINT('',(810.418750003,387.35,130.175));
#11603=VERTEX_POINT('',#11602);
#11604=CARTESIAN_POINT('',(810.418750003,387.35,130.175));
#11605=DIRECTION('',(0.,-1.,0.));
#11606=VECTOR('',#11605,6.35);
#11607=LINE('',#11604,#11606);
#11608=EDGE_CURVE('',#11603,#11595,#11607,.T.);
#11609=ORIENTED_EDGE('',*,*,#11608,.F.);
#11610=CARTESIAN_POINT('',(810.418750003,387.35,139.7));
#11611=VERTEX_POINT('',#11610);
#11612=CARTESIAN_POINT('',(810.418750003,387.35,139.7));
#11613=DIRECTION('',(0.,0.,-1.));
#11614=VECTOR('',#11613,9.525);
#11615=LINE('',#11612,#11614);
#11616=EDGE_CURVE('',#11611,#11603,#11615,.T.);
#11617=ORIENTED_EDGE('',*,*,#11616,.F.);
#11618=CARTESIAN_POINT('',(810.418750003,406.4,139.7));
#11619=VERTEX_POINT('',#11618);
#11620=CARTESIAN_POINT('',(810.418750003,406.4,139.7));
#11621=DIRECTION('',(0.,-1.,0.));
#11622=VECTOR('',#11621,19.05);
#11623=LINE('',#11620,#11622);
#11624=EDGE_CURVE('',#11619,#11611,#11623,.T.);
#11625=ORIENTED_EDGE('',*,*,#11624,.F.);
#11626=CARTESIAN_POINT('',(810.418750003,406.4,120.65));
#11627=VERTEX_POINT('',#11626);
#11628=CARTESIAN_POINT('',(810.418750003,406.4,139.7));
#11629=DIRECTION('',(0.,0.,-1.));
#11630=VECTOR('',#11629,19.05);
#11631=LINE('',#11628,#11630);
#11632=EDGE_CURVE('',#11619,#11627,#11631,.T.);
#11633=ORIENTED_EDGE('',*,*,#11632,.T.);
#11634=CARTESIAN_POINT('',(810.418750003,19.05,120.65));
#11635=VERTEX_POINT('',#11634);
#11636=CARTESIAN_POINT('',(810.418750003,406.4,120.65));
#11637=DIRECTION('',(0.,-1.,0.));
#11638=VECTOR('',#11637,387.35);
#11639=LINE('',#11636,#11638);
#11640=EDGE_CURVE('',#11627,#11635,#11639,.T.);
#11641=ORIENTED_EDGE('',*,*,#11640,.T.);
#11642=CARTESIAN_POINT('',(810.418750003,19.05,139.7));
#11643=DIRECTION('',(0.,0.,-1.));
#11644=VECTOR('',#11643,19.05);
#11645=LINE('',#11642,#11644);
#11646=EDGE_CURVE('',#11509,#11635,#11645,.T.);
#11647=ORIENTED_EDGE('',*,*,#11646,.F.);
#11648=EDGE_LOOP('',(#11593,#11601,#11609,#11617,#11625,#11633,#11641,#11647));
#11649=FACE_BOUND('',#11648,.T.);
#11650=ADVANCED_FACE('',(#11649),#11592,.T.);
#11651=CARTESIAN_POINT('',(1167.606250003,406.4,139.7));
#11652=DIRECTION('',(-0.,0.,1.));
#11653=DIRECTION('',(1.,0.,0.));
#11654=AXIS2_PLACEMENT_3D('',#11651,#11652,#11653);
#11655=PLANE('',#11654);
#11656=CARTESIAN_POINT('',(1524.793750003,387.35,139.7));
#11657=DIRECTION('',(-1.,0.,-0.));
#11658=VECTOR('',#11657,714.375);
#11659=LINE('',#11656,#11658);
#11660=EDGE_CURVE('',#11564,#11611,#11659,.T.);
#11661=ORIENTED_EDGE('',*,*,#11660,.F.);
#11662=ORIENTED_EDGE('',*,*,#11569,.F.);
#11663=CARTESIAN_POINT('',(1524.793750003,406.4,139.7));
#11664=DIRECTION('',(-1.,0.,-0.));
#11665=VECTOR('',#11664,714.375);
#11666=LINE('',#11663,#11665);
#11667=EDGE_CURVE('',#11556,#11619,#11666,.T.);
#11668=ORIENTED_EDGE('',*,*,#11667,.T.);
#11669=ORIENTED_EDGE('',*,*,#11624,.T.);
#11670=EDGE_LOOP('',(#11661,#11662,#11668,#11669));
#11671=FACE_BOUND('',#11670,.T.);
#11672=ADVANCED_FACE('',(#11671),#11655,.T.);
#11673=CARTESIAN_POINT('',(1167.606250003,406.4,120.65));
#11674=DIRECTION('',(0.,0.,-1.));
#11675=DIRECTION('',(-1.,0.,0.));
#11676=AXIS2_PLACEMENT_3D('',#11673,#11674,#11675);
#11677=PLANE('',#11676);
#11678=CARTESIAN_POINT('',(810.418750003,19.05,120.65));
#11679=DIRECTION('',(1.,0.,-0.));
#11680=VECTOR('',#11679,714.375);
#11681=LINE('',#11678,#11680);
#11682=EDGE_CURVE('',#11635,#11540,#11681,.T.);
#11683=ORIENTED_EDGE('',*,*,#11682,.F.);
#11684=ORIENTED_EDGE('',*,*,#11640,.F.);
#11685=CARTESIAN_POINT('',(810.418750003,406.4,120.65));
#11686=DIRECTION('',(1.,0.,-0.));
#11687=VECTOR('',#11686,714.375);
#11688=LINE('',#11685,#11687);
#11689=EDGE_CURVE('',#11627,#11548,#11688,.T.);
#11690=ORIENTED_EDGE('',*,*,#11689,.T.);
#11691=ORIENTED_EDGE('',*,*,#11553,.T.);
#11692=EDGE_LOOP('',(#11683,#11684,#11690,#11691));
#11693=FACE_BOUND('',#11692,.T.);
#11694=ADVANCED_FACE('',(#11693),#11677,.T.);
#11695=CARTESIAN_POINT('',(791.368750003,406.4,120.65));
#11696=DIRECTION('',(0.,-1.,0.));
#11697=DIRECTION('',(1.,0.,0.));
#11698=AXIS2_PLACEMENT_3D('',#11695,#11696,#11697);
#11699=PLANE('',#11698);
#11700=ORIENTED_EDGE('',*,*,#11561,.T.);
#11701=ORIENTED_EDGE('',*,*,#11689,.F.);
#11702=ORIENTED_EDGE('',*,*,#11632,.F.);
#11703=ORIENTED_EDGE('',*,*,#11667,.F.);
#11704=EDGE_LOOP('',(#11700,#11701,#11702,#11703));
#11705=FACE_BOUND('',#11704,.T.);
#11706=ADVANCED_FACE('',(#11705),#11699,.F.);
#11707=CARTESIAN_POINT('',(791.368750003,19.05,120.65));
#11708=DIRECTION('',(0.,-1.,0.));
#11709=DIRECTION('',(1.,0.,0.));
#11710=AXIS2_PLACEMENT_3D('',#11707,#11708,#11709);
#11711=PLANE('',#11710);
#11712=ORIENTED_EDGE('',*,*,#11545,.F.);
#11713=ORIENTED_EDGE('',*,*,#11520,.T.);
#11714=ORIENTED_EDGE('',*,*,#11646,.T.);
#11715=ORIENTED_EDGE('',*,*,#11682,.T.);
#11716=EDGE_LOOP('',(#11712,#11713,#11714,#11715));
#11717=FACE_BOUND('',#11716,.T.);
#11718=ADVANCED_FACE('',(#11717),#11711,.T.);
#11719=CARTESIAN_POINT('',(1167.606250003,387.35,130.175));
#11720=DIRECTION('',(0.,0.,1.));
#11721=DIRECTION('',(1.,0.,-0.));
#11722=AXIS2_PLACEMENT_3D('',#11719,#11720,#11721);
#11723=PLANE('',#11722);
#11724=CARTESIAN_POINT('',(1524.793750003,381.,130.175));
#11725=DIRECTION('',(-1.,0.,0.));
#11726=VECTOR('',#11725,714.375);
#11727=LINE('',#11724,#11726);
#11728=EDGE_CURVE('',#11531,#11595,#11727,.T.);
#11729=ORIENTED_EDGE('',*,*,#11728,.F.);
#11730=ORIENTED_EDGE('',*,*,#11583,.F.);
#11731=CARTESIAN_POINT('',(1524.793750003,387.35,130.175));
#11732=DIRECTION('',(-1.,0.,0.));
#11733=VECTOR('',#11732,714.375);
#11734=LINE('',#11731,#11733);
#11735=EDGE_CURVE('',#11572,#11603,#11734,.T.);
#11736=ORIENTED_EDGE('',*,*,#11735,.T.);
#11737=ORIENTED_EDGE('',*,*,#11608,.T.);
#11738=EDGE_LOOP('',(#11729,#11730,#11736,#11737));
#11739=FACE_BOUND('',#11738,.T.);
#11740=ADVANCED_FACE('',(#11739),#11723,.T.);
#11741=CARTESIAN_POINT('',(791.368750003,387.35,120.65));
#11742=DIRECTION('',(0.,-1.,0.));
#11743=DIRECTION('',(1.,0.,0.));
#11744=AXIS2_PLACEMENT_3D('',#11741,#11742,#11743);
#11745=PLANE('',#11744);
#11746=ORIENTED_EDGE('',*,*,#11735,.F.);
#11747=ORIENTED_EDGE('',*,*,#11577,.F.);
#11748=ORIENTED_EDGE('',*,*,#11660,.T.);
#11749=ORIENTED_EDGE('',*,*,#11616,.T.);
#11750=EDGE_LOOP('',(#11746,#11747,#11748,#11749));
#11751=FACE_BOUND('',#11750,.T.);
#11752=ADVANCED_FACE('',(#11751),#11745,.T.);
#11753=CARTESIAN_POINT('',(791.368750003,381.,120.65));
#11754=DIRECTION('',(0.,-1.,0.));
#11755=DIRECTION('',(1.,0.,0.));
#11756=AXIS2_PLACEMENT_3D('',#11753,#11754,#11755);
#11757=PLANE('',#11756);
#11758=ORIENTED_EDGE('',*,*,#11728,.T.);
#11759=ORIENTED_EDGE('',*,*,#11600,.F.);
#11760=ORIENTED_EDGE('',*,*,#11506,.F.);
#11761=ORIENTED_EDGE('',*,*,#11536,.T.);
#11762=EDGE_LOOP('',(#11758,#11759,#11760,#11761));
#11763=FACE_BOUND('',#11762,.T.);
#11764=ADVANCED_FACE('',(#11763),#11757,.F.);
#11765=CLOSED_SHELL('',(#11524,#11587,#11650,#11672,#11694,#11706,#11718,#11740,#11752,#11764));
#11766=MANIFOLD_SOLID_BREP('[Panel] Bottom',#11765);
#11484=STYLED_ITEM('',(#267),#11766);
#11768=CARTESIAN_POINT('',(1534.318750003,384.175,866.775));
#11769=DIRECTION('',(1.,0.,0.));
#11770=DIRECTION('',(0.,0.,-1.));
#11771=AXIS2_PLACEMENT_3D('',#11768,#11769,#11770);
#11772=PLANE('',#11771);
#11773=CARTESIAN_POINT('',(1534.318750003,387.35,130.175));
#11774=VERTEX_POINT('',#11773);
#11775=CARTESIAN_POINT('',(1534.318750003,381.,130.175));
#11776=VERTEX_POINT('',#11775);
#11777=CARTESIAN_POINT('',(1534.318750003,387.35,130.175));
#11778=DIRECTION('',(0.,-1.,0.));
#11779=VECTOR('',#11778,6.35);
#11780=LINE('',#11777,#11779);
#11781=EDGE_CURVE('',#11774,#11776,#11780,.T.);
#11782=ORIENTED_EDGE('',*,*,#11781,.F.);
#11783=CARTESIAN_POINT('',(1534.318750003,387.35,866.775));
#11784=VERTEX_POINT('',#11783);
#11785=CARTESIAN_POINT('',(1534.318750003,387.35,866.775));
#11786=DIRECTION('',(0.,0.,-1.));
#11787=VECTOR('',#11786,736.6);
#11788=LINE('',#11785,#11787);
#11789=EDGE_CURVE('',#11784,#11774,#11788,.T.);
#11790=ORIENTED_EDGE('',*,*,#11789,.F.);
#11791=CARTESIAN_POINT('',(1534.318750003,381.,866.775));
#11792=VERTEX_POINT('',#11791);
#11793=CARTESIAN_POINT('',(1534.318750003,387.35,866.775));
#11794=DIRECTION('',(0.,-1.,0.));
#11795=VECTOR('',#11794,6.35);
#11796=LINE('',#11793,#11795);
#11797=EDGE_CURVE('',#11784,#11792,#11796,.T.);
#11798=ORIENTED_EDGE('',*,*,#11797,.T.);
#11799=CARTESIAN_POINT('',(1534.318750003,381.,866.775));
#11800=DIRECTION('',(0.,0.,-1.));
#11801=VECTOR('',#11800,736.6);
#11802=LINE('',#11799,#11801);
#11803=EDGE_CURVE('',#11792,#11776,#11802,.T.);
#11804=ORIENTED_EDGE('',*,*,#11803,.T.);
#11805=EDGE_LOOP('',(#11782,#11790,#11798,#11804));
#11806=FACE_BOUND('',#11805,.T.);
#11807=ADVANCED_FACE('',(#11806),#11772,.T.);
#11808=CARTESIAN_POINT('',(1167.606250003,387.35,866.775));
#11809=DIRECTION('',(0.,1.,0.));
#11810=DIRECTION('',(0.,0.,1.));
#11811=AXIS2_PLACEMENT_3D('',#11808,#11809,#11810);
#11812=PLANE('',#11811);
#11813=CARTESIAN_POINT('',(800.893750003,387.35,130.175));
#11814=VERTEX_POINT('',#11813);
#11815=CARTESIAN_POINT('',(800.893750003,387.35,130.175));
#11816=DIRECTION('',(1.,0.,-0.));
#11817=VECTOR('',#11816,733.425);
#11818=LINE('',#11815,#11817);
#11819=EDGE_CURVE('',#11814,#11774,#11818,.T.);
#11820=ORIENTED_EDGE('',*,*,#11819,.F.);
#11821=CARTESIAN_POINT('',(800.893750003,387.35,866.775));
#11822=VERTEX_POINT('',#11821);
#11823=CARTESIAN_POINT('',(800.893750003,387.35,866.775));
#11824=DIRECTION('',(0.,0.,-1.));
#11825=VECTOR('',#11824,736.6);
#11826=LINE('',#11823,#11825);
#11827=EDGE_CURVE('',#11822,#11814,#11826,.T.);
#11828=ORIENTED_EDGE('',*,*,#11827,.F.);
#11829=CARTESIAN_POINT('',(800.893750003,387.35,866.775));
#11830=DIRECTION('',(1.,0.,-0.));
#11831=VECTOR('',#11830,733.425);
#11832=LINE('',#11829,#11831);
#11833=EDGE_CURVE('',#11822,#11784,#11832,.T.);
#11834=ORIENTED_EDGE('',*,*,#11833,.T.);
#11835=ORIENTED_EDGE('',*,*,#11789,.T.);
#11836=EDGE_LOOP('',(#11820,#11828,#11834,#11835));
#11837=FACE_BOUND('',#11836,.T.);
#11838=ADVANCED_FACE('',(#11837),#11812,.T.);
#11839=CARTESIAN_POINT('',(800.893750003,384.175,866.775));
#11840=DIRECTION('',(-1.,-0.,0.));
#11841=DIRECTION('',(0.,-1.,0.));
#11842=AXIS2_PLACEMENT_3D('',#11839,#11840,#11841);
#11843=PLANE('',#11842);
#11844=CARTESIAN_POINT('',(800.893750003,381.,130.175));
#11845=VERTEX_POINT('',#11844);
#11846=CARTESIAN_POINT('',(800.893750003,381.,130.175));
#11847=DIRECTION('',(-0.,1.,0.));
#11848=VECTOR('',#11847,6.35);
#11849=LINE('',#11846,#11848);
#11850=EDGE_CURVE('',#11845,#11814,#11849,.T.);
#11851=ORIENTED_EDGE('',*,*,#11850,.F.);
#11852=CARTESIAN_POINT('',(800.893750003,381.,866.775));
#11853=VERTEX_POINT('',#11852);
#11854=CARTESIAN_POINT('',(800.893750003,381.,866.775));
#11855=DIRECTION('',(0.,0.,-1.));
#11856=VECTOR('',#11855,736.6);
#11857=LINE('',#11854,#11856);
#11858=EDGE_CURVE('',#11853,#11845,#11857,.T.);
#11859=ORIENTED_EDGE('',*,*,#11858,.F.);
#11860=CARTESIAN_POINT('',(800.893750003,381.,866.775));
#11861=DIRECTION('',(-0.,1.,0.));
#11862=VECTOR('',#11861,6.35);
#11863=LINE('',#11860,#11862);
#11864=EDGE_CURVE('',#11853,#11822,#11863,.T.);
#11865=ORIENTED_EDGE('',*,*,#11864,.T.);
#11866=ORIENTED_EDGE('',*,*,#11827,.T.);
#11867=EDGE_LOOP('',(#11851,#11859,#11865,#11866));
#11868=FACE_BOUND('',#11867,.T.);
#11869=ADVANCED_FACE('',(#11868),#11843,.T.);
#11870=CARTESIAN_POINT('',(1167.606250003,381.,866.775));
#11871=DIRECTION('',(0.,-1.,0.));
#11872=DIRECTION('',(1.,0.,0.));
#11873=AXIS2_PLACEMENT_3D('',#11870,#11871,#11872);
#11874=PLANE('',#11873);
#11875=CARTESIAN_POINT('',(1534.318750003,381.,130.175));
#11876=DIRECTION('',(-1.,-0.,0.));
#11877=VECTOR('',#11876,733.425);
#11878=LINE('',#11875,#11877);
#11879=EDGE_CURVE('',#11776,#11845,#11878,.T.);
#11880=ORIENTED_EDGE('',*,*,#11879,.F.);
#11881=ORIENTED_EDGE('',*,*,#11803,.F.);
#11882=CARTESIAN_POINT('',(1534.318750003,381.,866.775));
#11883=DIRECTION('',(-1.,-0.,0.));
#11884=VECTOR('',#11883,733.425);
#11885=LINE('',#11882,#11884);
#11886=EDGE_CURVE('',#11792,#11853,#11885,.T.);
#11887=ORIENTED_EDGE('',*,*,#11886,.T.);
#11888=ORIENTED_EDGE('',*,*,#11858,.T.);
#11889=EDGE_LOOP('',(#11880,#11881,#11887,#11888));
#11890=FACE_BOUND('',#11889,.T.);
#11891=ADVANCED_FACE('',(#11890),#11874,.T.);
#11892=CARTESIAN_POINT('',(791.368750003,19.05,866.775));
#11893=DIRECTION('',(0.,0.,1.));
#11894=DIRECTION('',(1.,0.,0.));
#11895=AXIS2_PLACEMENT_3D('',#11892,#11893,#11894);
#11896=PLANE('',#11895);
#11897=ORIENTED_EDGE('',*,*,#11797,.F.);
#11898=ORIENTED_EDGE('',*,*,#11833,.F.);
#11899=ORIENTED_EDGE('',*,*,#11864,.F.);
#11900=ORIENTED_EDGE('',*,*,#11886,.F.);
#11901=EDGE_LOOP('',(#11897,#11898,#11899,#11900));
#11902=FACE_BOUND('',#11901,.T.);
#11903=ADVANCED_FACE('',(#11902),#11896,.T.);
#11904=CARTESIAN_POINT('',(791.368750003,19.05,130.175));
#11905=DIRECTION('',(0.,0.,1.));
#11906=DIRECTION('',(1.,0.,0.));
#11907=AXIS2_PLACEMENT_3D('',#11904,#11905,#11906);
#11908=PLANE('',#11907);
#11909=ORIENTED_EDGE('',*,*,#11781,.T.);
#11910=ORIENTED_EDGE('',*,*,#11879,.T.);
#11911=ORIENTED_EDGE('',*,*,#11850,.T.);
#11912=ORIENTED_EDGE('',*,*,#11819,.T.);
#11913=EDGE_LOOP('',(#11909,#11910,#11911,#11912));
#11914=FACE_BOUND('',#11913,.T.);
#11915=ADVANCED_FACE('',(#11914),#11908,.F.);
#11916=CLOSED_SHELL('',(#11807,#11838,#11869,#11891,#11903,#11915));
#11917=MANIFOLD_SOLID_BREP('[Backer]',#11916);
#11767=STYLED_ITEM('',(#267),#11917);
#10163=SHAPE_REPRESENTATION('Bottom Left',(#15),#10161);
#10164=ADVANCED_BREP_SHAPE_REPRESENTATION('Bottom Left',(#10332,#10483,#10634,#10917,#11200,#11483,#11766,#11917),#10161);
#11925=SHAPE_REPRESENTATION_RELATIONSHIP('','',#10163,#10164);
#11926=CARTESIAN_POINT('',(0.,0.,0.));
#11927=DIRECTION('',(0.,0.,1.));
#11928=DIRECTION('',(1.,0.,0.));
#11929=AXIS2_PLACEMENT_3D('',#11926,#11927,#11928);
#11931=MAPPED_ITEM('',#11930,#11929);
#11930=REPRESENTATION_MAP(#11929,#10163);
#10171=PRODUCT('Bottom Left','Bottom Left','',(#1877));
#11932=PRODUCT_RELATED_PRODUCT_CATEGORY('part','',(#10171));
#11933=PRODUCT_DEFINITION_FORMATION_WITH_SPECIFIED_SOURCE('','',#10171,.NOT_KNOWN.);
#10172=PRODUCT_DEFINITION('design','',#11933,#1878);
#10170=PRODUCT_DEFINITION_SHAPE('','',#10172);
#11934=SHAPE_DEFINITION_REPRESENTATION(#10170,#10163);
#10162=DRAUGHTING_MODEL('',(#11931),#10161);
#5500=SHAPE_REPRESENTATION('Carcasses',(#15,#5541,#7044,#8395,#10176),#5498);
#11935=CARTESIAN_POINT('',(0.,0.,0.));
#11936=DIRECTION('',(0.,0.,1.));
#11937=DIRECTION('',(1.,0.,0.));
#11938=AXIS2_PLACEMENT_3D('',#11935,#11936,#11937);
#11940=MAPPED_ITEM('',#11939,#11938);
#11939=REPRESENTATION_MAP(#11938,#5500);
#5508=PRODUCT('Carcasses','Carcasses','',(#1877));
#11941=PRODUCT_RELATED_PRODUCT_CATEGORY('part','',(#5508));
#11942=PRODUCT_DEFINITION_FORMATION_WITH_SPECIFIED_SOURCE('','',#5508,.NOT_KNOWN.);
#5509=PRODUCT_DEFINITION('design','',#11942,#1878);
#5507=PRODUCT_DEFINITION_SHAPE('','',#5509);
#11943=SHAPE_DEFINITION_REPRESENTATION(#5507,#5500);
#5499=DRAUGHTING_MODEL('',(#11940),#5498);
#5472=SHAPE_REPRESENTATION('Console A',(#15,#5513),#5470);
#11944=CARTESIAN_POINT('',(0.,0.,0.));
#11945=DIRECTION('',(0.,0.,1.));
#11946=DIRECTION('',(1.,0.,0.));
#11947=AXIS2_PLACEMENT_3D('',#11944,#11945,#11946);
#11949=MAPPED_ITEM('',#11948,#11947);
#11948=REPRESENTATION_MAP(#11947,#5472);
#5480=PRODUCT('Console A','Console A','',(#1877));
#11950=PRODUCT_RELATED_PRODUCT_CATEGORY('part','',(#5480));
#11951=PRODUCT_DEFINITION_FORMATION_WITH_SPECIFIED_SOURCE('','',#5480,.NOT_KNOWN.);
#5481=PRODUCT_DEFINITION('design','',#11951,#1878);
#5479=PRODUCT_DEFINITION_SHAPE('','',#5481);
#11952=SHAPE_DEFINITION_REPRESENTATION(#5479,#5472);
#5471=DRAUGHTING_MODEL('',(#11949),#5470);
#11953=(NAMED_UNIT(*)PLANE_ANGLE_UNIT()SI_UNIT($,.RADIAN.));
#11954=PLANE_ANGLE_MEASURE_WITH_UNIT(PLANE_ANGLE_MEASURE(0.0174532925),#11953);
#11955=(CONVERSION_BASED_UNIT('DEGREE',#11954)NAMED_UNIT(#11956)PLANE_ANGLE_UNIT());
#11956=DIMENSIONAL_EXPONENTS(0.,0.,0.,0.,0.,0.,0.);
#11957=(NAMED_UNIT(*)SI_UNIT($,.STERADIAN.)SOLID_ANGLE_UNIT());
#11958=(LENGTH_UNIT()NAMED_UNIT(*)SI_UNIT(.MILLI.,.METRE.));
#11959=UNCERTAINTY_MEASURE_WITH_UNIT(LENGTH_MEASURE(1.000000E-03),#11958,'DISTANCE_ACCURACY_VALUE','Maximum Tolerance applied to model');
#11960=(GEOMETRIC_REPRESENTATION_CONTEXT(3)GLOBAL_UNCERTAINTY_ASSIGNED_CONTEXT((#11959))GLOBAL_UNIT_ASSIGNED_CONTEXT((#11958,#11955,#11957))REPRESENTATION_CONTEXT('','Console B'));
#11972=CARTESIAN_POINT('',(0.,0.,0.));
#11973=DIRECTION('',(0.,0.,1.));
#11974=DIRECTION('',(1.,0.,-0.));
#11975=AXIS2_PLACEMENT_3D('',#11972,#11973,#11974);
#11976=ITEM_DEFINED_TRANSFORMATION('','',#11975,#15);
#11977=(REPRESENTATION_RELATIONSHIP('','',#11962,#16)REPRESENTATION_RELATIONSHIP_WITH_TRANSFORMATION(#11976)SHAPE_REPRESENTATION_RELATIONSHIP());
#11978=NEXT_ASSEMBLY_USAGE_OCCURRENCE('Console B_12','Console B','Console B',#25,#11971,$);
#11979=PRODUCT_DEFINITION_SHAPE('','',#11978);
#11980=CONTEXT_DEPENDENT_SHAPE_REPRESENTATION(#11977,#11979);
#11981=(NAMED_UNIT(*)PLANE_ANGLE_UNIT()SI_UNIT($,.RADIAN.));
#11982=PLANE_ANGLE_MEASURE_WITH_UNIT(PLANE_ANGLE_MEASURE(0.0174532925),#11981);
#11983=(CONVERSION_BASED_UNIT('DEGREE',#11982)NAMED_UNIT(#11984)PLANE_ANGLE_UNIT());
#11984=DIMENSIONAL_EXPONENTS(0.,0.,0.,0.,0.,0.,0.);
#11985=(NAMED_UNIT(*)SI_UNIT($,.STERADIAN.)SOLID_ANGLE_UNIT());
#11986=(LENGTH_UNIT()NAMED_UNIT(*)SI_UNIT(.MILLI.,.METRE.));
#11987=UNCERTAINTY_MEASURE_WITH_UNIT(LENGTH_MEASURE(1.000000E-03),#11986,'DISTANCE_ACCURACY_VALUE','Maximum Tolerance applied to model');
#11988=(GEOMETRIC_REPRESENTATION_CONTEXT(3)GLOBAL_UNCERTAINTY_ASSIGNED_CONTEXT((#11987))GLOBAL_UNIT_ASSIGNED_CONTEXT((#11986,#11983,#11985))REPRESENTATION_CONTEXT('','Carcasses'));
#12000=CARTESIAN_POINT('',(0.,0.,0.));
#12001=DIRECTION('',(0.,0.,1.));
#12002=DIRECTION('',(1.,0.,-0.));
#12003=AXIS2_PLACEMENT_3D('',#12000,#12001,#12002);
#12004=ITEM_DEFINED_TRANSFORMATION('','',#12003,#15);
#12005=(REPRESENTATION_RELATIONSHIP('','',#11990,#11962)REPRESENTATION_RELATIONSHIP_WITH_TRANSFORMATION(#12004)SHAPE_REPRESENTATION_RELATIONSHIP());
#12006=NEXT_ASSEMBLY_USAGE_OCCURRENCE('Carcasses_13','Carcasses','Carcasses',#11971,#11999,$);
#12007=PRODUCT_DEFINITION_SHAPE('','',#12006);
#12008=CONTEXT_DEPENDENT_SHAPE_REPRESENTATION(#12005,#12007);
#12009=(NAMED_UNIT(*)PLANE_ANGLE_UNIT()SI_UNIT($,.RADIAN.));
#12010=PLANE_ANGLE_MEASURE_WITH_UNIT(PLANE_ANGLE_MEASURE(0.0174532925),#12009);
#12011=(CONVERSION_BASED_UNIT('DEGREE',#12010)NAMED_UNIT(#12012)PLANE_ANGLE_UNIT());
#12012=DIMENSIONAL_EXPONENTS(0.,0.,0.,0.,0.,0.,0.);
#12013=(NAMED_UNIT(*)SI_UNIT($,.STERADIAN.)SOLID_ANGLE_UNIT());
#12014=(LENGTH_UNIT()NAMED_UNIT(*)SI_UNIT(.MILLI.,.METRE.));
#12015=UNCERTAINTY_MEASURE_WITH_UNIT(LENGTH_MEASURE(1.000000E-05),#12014,'DISTANCE_ACCURACY_VALUE','Maximum Tolerance applied to model');
#12016=(GEOMETRIC_REPRESENTATION_CONTEXT(3)GLOBAL_UNCERTAINTY_ASSIGNED_CONTEXT((#12015))GLOBAL_UNIT_ASSIGNED_CONTEXT((#12014,#12011,#12013))REPRESENTATION_CONTEXT('','Upper Left'));
#12028=CARTESIAN_POINT('',(0.,0.,0.));
#12029=DIRECTION('',(0.,0.,1.));
#12030=DIRECTION('',(1.,0.,-0.));
#12031=AXIS2_PLACEMENT_3D('',#12028,#12029,#12030);
#12032=ITEM_DEFINED_TRANSFORMATION('','',#12031,#15);
#12033=(REPRESENTATION_RELATIONSHIP('','',#12018,#11990)REPRESENTATION_RELATIONSHIP_WITH_TRANSFORMATION(#12032)SHAPE_REPRESENTATION_RELATIONSHIP());
#12034=NEXT_ASSEMBLY_USAGE_OCCURRENCE('Upper Left_14','Upper Left','Upper Left',#11999,#12027,$);
#12035=PRODUCT_DEFINITION_SHAPE('','',#12034);
#12036=CONTEXT_DEPENDENT_SHAPE_REPRESENTATION(#12033,#12035);
#12038=CARTESIAN_POINT('',(4433.887500016,406.4,2590.8));
#12039=DIRECTION('',(0.,0.,-1.));
#12040=DIRECTION('',(-1.,0.,-0.));
#12041=AXIS2_PLACEMENT_3D('',#12038,#12039,#12040);
#12042=PLANE('',#12041);
#12043=CARTESIAN_POINT('',(4022.725000016,381.,2590.8));
#12044=VERTEX_POINT('',#12043);
#12045=CARTESIAN_POINT('',(4022.725000016,120.65,2590.8));
#12046=VERTEX_POINT('',#12045);
#12047=CARTESIAN_POINT('',(4022.725000016,381.,2590.8));
#12048=DIRECTION('',(0.,-1.,0.));
#12049=VECTOR('',#12048,260.35);
#12050=LINE('',#12047,#12049);
#12051=EDGE_CURVE('',#12044,#12046,#12050,.T.);
#12052=ORIENTED_EDGE('',*,*,#12051,.F.);
#12053=CARTESIAN_POINT('',(4845.050000016,381.,2590.8));
#12054=VERTEX_POINT('',#12053);
#12055=CARTESIAN_POINT('',(4022.725000016,381.,2590.8));
#12056=DIRECTION('',(1.,0.,0.));
#12057=VECTOR('',#12056,822.325);
#12058=LINE('',#12055,#12057);
#12059=EDGE_CURVE('',#12044,#12054,#12058,.T.);
#12060=ORIENTED_EDGE('',*,*,#12059,.T.);
#12061=CARTESIAN_POINT('',(4845.050000016,120.65,2590.8));
#12062=VERTEX_POINT('',#12061);
#12063=CARTESIAN_POINT('',(4845.050000016,381.,2590.8));
#12064=DIRECTION('',(0.,-1.,0.));
#12065=VECTOR('',#12064,260.35);
#12066=LINE('',#12063,#12065);
#12067=EDGE_CURVE('',#12054,#12062,#12066,.T.);
#12068=ORIENTED_EDGE('',*,*,#12067,.T.);
#12069=CARTESIAN_POINT('',(4022.725000016,120.65,2590.8));
#12070=DIRECTION('',(1.,0.,0.));
#12071=VECTOR('',#12070,822.325);
#12072=LINE('',#12069,#12071);
#12073=EDGE_CURVE('',#12046,#12062,#12072,.T.);
#12074=ORIENTED_EDGE('',*,*,#12073,.F.);
#12075=EDGE_LOOP('',(#12052,#12060,#12068,#12074));
#12076=FACE_BOUND('',#12075,.T.);
#12077=ADVANCED_FACE('',(#12076),#12042,.T.);
#12078=OVER_RIDING_STYLED_ITEM('',(#1269),#12077,#12037);
#12079=CARTESIAN_POINT('',(4022.725000016,406.4,2605.0875));
#12080=DIRECTION('',(1.,0.,-0.));
#12081=DIRECTION('',(-0.,0.,-1.));
#12082=AXIS2_PLACEMENT_3D('',#12079,#12080,#12081);
#12083=PLANE('',#12082);
#12084=CARTESIAN_POINT('',(4022.725000016,381.,2600.325));
#12085=VERTEX_POINT('',#12084);
#12086=CARTESIAN_POINT('',(4022.725000016,381.,2590.8));
#12087=DIRECTION('',(-0.,0.,1.));
#12088=VECTOR('',#12087,9.525);
#12089=LINE('',#12086,#12088);
#12090=EDGE_CURVE('',#12044,#12085,#12089,.T.);
#12091=ORIENTED_EDGE('',*,*,#12090,.F.);
#12092=ORIENTED_EDGE('',*,*,#12051,.T.);
#12093=CARTESIAN_POINT('',(4022.725000016,120.65,2609.85));
#12094=VERTEX_POINT('',#12093);
#12095=CARTESIAN_POINT('',(4022.725000016,120.65,2590.8));
#12096=DIRECTION('',(0.,0.,1.));
#12097=VECTOR('',#12096,19.05);
#12098=LINE('',#12095,#12097);
#12099=EDGE_CURVE('',#12046,#12094,#12098,.T.);
#12100=ORIENTED_EDGE('',*,*,#12099,.T.);
#12101=CARTESIAN_POINT('',(4022.725000016,406.4,2609.85));
#12102=VERTEX_POINT('',#12101);
#12103=CARTESIAN_POINT('',(4022.725000016,406.4,2609.85));
#12104=DIRECTION('',(0.,-1.,0.));
#12105=VECTOR('',#12104,285.75);
#12106=LINE('',#12103,#12105);
#12107=EDGE_CURVE('',#12102,#12094,#12106,.T.);
#12108=ORIENTED_EDGE('',*,*,#12107,.F.);
#12109=CARTESIAN_POINT('',(4022.725000016,406.4,2590.8));
#12110=VERTEX_POINT('',#12109);
#12111=CARTESIAN_POINT('',(4022.725000016,406.4,2590.8));
#12112=DIRECTION('',(0.,0.,1.));
#12113=VECTOR('',#12112,19.05);
#12114=LINE('',#12111,#12113);
#12115=EDGE_CURVE('',#12110,#12102,#12114,.T.);
#12116=ORIENTED_EDGE('',*,*,#12115,.F.);
#12117=CARTESIAN_POINT('',(4022.725000016,387.35,2590.8));
#12118=VERTEX_POINT('',#12117);
#12119=CARTESIAN_POINT('',(4022.725000016,406.4,2590.8));
#12120=DIRECTION('',(0.,-1.,0.));
#12121=VECTOR('',#12120,19.05);
#12122=LINE('',#12119,#12121);
#12123=EDGE_CURVE('',#12110,#12118,#12122,.T.);
#12124=ORIENTED_EDGE('',*,*,#12123,.T.);
#12125=CARTESIAN_POINT('',(4022.725000016,387.35,2600.325));
#12126=VERTEX_POINT('',#12125);
#12127=CARTESIAN_POINT('',(4022.725000016,387.35,2590.8));
#12128=DIRECTION('',(-0.,0.,1.));
#12129=VECTOR('',#12128,9.525);
#12130=LINE('',#12127,#12129);
#12131=EDGE_CURVE('',#12118,#12126,#12130,.T.);
#12132=ORIENTED_EDGE('',*,*,#12131,.T.);
#12133=CARTESIAN_POINT('',(4022.725000016,387.35,2600.325));
#12134=DIRECTION('',(0.,-1.,0.));
#12135=VECTOR('',#12134,6.35);
#12136=LINE('',#12133,#12135);
#12137=EDGE_CURVE('',#12126,#12085,#12136,.T.);
#12138=ORIENTED_EDGE('',*,*,#12137,.T.);
#12139=EDGE_LOOP('',(#12091,#12092,#12100,#12108,#12116,#12124,#12132,#12138));
#12140=FACE_BOUND('',#12139,.T.);
#12141=ADVANCED_FACE('',(#12140),#12083,.F.);
#12142=CARTESIAN_POINT('',(4845.050000016,406.4,2605.0875));
#12143=DIRECTION('',(-1.,0.,0.));
#12144=DIRECTION('',(0.,0.,1.));
#12145=AXIS2_PLACEMENT_3D('',#12142,#12143,#12144);
#12146=PLANE('',#12145);
#12147=ORIENTED_EDGE('',*,*,#12067,.F.);
#12148=CARTESIAN_POINT('',(4845.050000016,381.,2600.325));
#12149=VERTEX_POINT('',#12148);
#12150=CARTESIAN_POINT('',(4845.050000016,381.,2590.8));
#12151=DIRECTION('',(0.,0.,1.));
#12152=VECTOR('',#12151,9.525);
#12153=LINE('',#12150,#12152);
#12154=EDGE_CURVE('',#12054,#12149,#12153,.T.);
#12155=ORIENTED_EDGE('',*,*,#12154,.T.);
#12156=CARTESIAN_POINT('',(4845.050000016,387.35,2600.325));
#12157=VERTEX_POINT('',#12156);
#12158=CARTESIAN_POINT('',(4845.050000016,387.35,2600.325));
#12159=DIRECTION('',(0.,-1.,0.));
#12160=VECTOR('',#12159,6.35);
#12161=LINE('',#12158,#12160);
#12162=EDGE_CURVE('',#12157,#12149,#12161,.T.);
#12163=ORIENTED_EDGE('',*,*,#12162,.F.);
#12164=CARTESIAN_POINT('',(4845.050000016,387.35,2590.8));
#12165=VERTEX_POINT('',#12164);
#12166=CARTESIAN_POINT('',(4845.050000016,387.35,2590.8));
#12167=DIRECTION('',(0.,0.,1.));
#12168=VECTOR('',#12167,9.525);
#12169=LINE('',#12166,#12168);
#12170=EDGE_CURVE('',#12165,#12157,#12169,.T.);
#12171=ORIENTED_EDGE('',*,*,#12170,.F.);
#12172=CARTESIAN_POINT('',(4845.050000016,406.4,2590.8));
#12173=VERTEX_POINT('',#12172);
#12174=CARTESIAN_POINT('',(4845.050000016,406.4,2590.8));
#12175=DIRECTION('',(0.,-1.,0.));
#12176=VECTOR('',#12175,19.05);
#12177=LINE('',#12174,#12176);
#12178=EDGE_CURVE('',#12173,#12165,#12177,.T.);
#12179=ORIENTED_EDGE('',*,*,#12178,.F.);
#12180=CARTESIAN_POINT('',(4845.050000016,406.4,2609.85));
#12181=VERTEX_POINT('',#12180);
#12182=CARTESIAN_POINT('',(4845.050000016,406.4,2609.85));
#12183=DIRECTION('',(0.,0.,-1.));
#12184=VECTOR('',#12183,19.05);
#12185=LINE('',#12182,#12184);
#12186=EDGE_CURVE('',#12181,#12173,#12185,.T.);
#12187=ORIENTED_EDGE('',*,*,#12186,.F.);
#12188=CARTESIAN_POINT('',(4845.050000016,120.65,2609.85));
#12189=VERTEX_POINT('',#12188);
#12190=CARTESIAN_POINT('',(4845.050000016,406.4,2609.85));
#12191=DIRECTION('',(0.,-1.,0.));
#12192=VECTOR('',#12191,285.75);
#12193=LINE('',#12190,#12192);
#12194=EDGE_CURVE('',#12181,#12189,#12193,.T.);
#12195=ORIENTED_EDGE('',*,*,#12194,.T.);
#12196=CARTESIAN_POINT('',(4845.050000016,120.65,2609.85));
#12197=DIRECTION('',(0.,0.,-1.));
#12198=VECTOR('',#12197,19.05);
#12199=LINE('',#12196,#12198);
#12200=EDGE_CURVE('',#12189,#12062,#12199,.T.);
#12201=ORIENTED_EDGE('',*,*,#12200,.T.);
#12202=EDGE_LOOP('',(#12147,#12155,#12163,#12171,#12179,#12187,#12195,#12201));
#12203=FACE_BOUND('',#12202,.T.);
#12204=ADVANCED_FACE('',(#12203),#12146,.F.);
#12205=CARTESIAN_POINT('',(4433.887500016,406.4,2609.85));
#12206=DIRECTION('',(0.,0.,-1.));
#12207=DIRECTION('',(-1.,0.,-0.));
#12208=AXIS2_PLACEMENT_3D('',#12205,#12206,#12207);
#12209=PLANE('',#12208);
#12210=CARTESIAN_POINT('',(4022.725000016,120.65,2609.85));
#12211=DIRECTION('',(1.,0.,0.));
#12212=VECTOR('',#12211,822.325);
#12213=LINE('',#12210,#12212);
#12214=EDGE_CURVE('',#12094,#12189,#12213,.T.);
#12215=ORIENTED_EDGE('',*,*,#12214,.T.);
#12216=ORIENTED_EDGE('',*,*,#12194,.F.);
#12217=CARTESIAN_POINT('',(4022.725000016,406.4,2609.85));
#12218=DIRECTION('',(1.,0.,0.));
#12219=VECTOR('',#12218,822.325);
#12220=LINE('',#12217,#12219);
#12221=EDGE_CURVE('',#12102,#12181,#12220,.T.);
#12222=ORIENTED_EDGE('',*,*,#12221,.F.);
#12223=ORIENTED_EDGE('',*,*,#12107,.T.);
#12224=EDGE_LOOP('',(#12215,#12216,#12222,#12223));
#12225=FACE_BOUND('',#12224,.T.);
#12226=ADVANCED_FACE('',(#12225),#12209,.F.);
#12227=CARTESIAN_POINT('',(4433.887500016,406.4,2590.8));
#12228=DIRECTION('',(0.,0.,-1.));
#12229=DIRECTION('',(-1.,0.,-0.));
#12230=AXIS2_PLACEMENT_3D('',#12227,#12228,#12229);
#12231=PLANE('',#12230);
#12232=CARTESIAN_POINT('',(4022.725000016,387.35,2590.8));
#12233=DIRECTION('',(1.,0.,0.));
#12234=VECTOR('',#12233,822.325);
#12235=LINE('',#12232,#12234);
#12236=EDGE_CURVE('',#12118,#12165,#12235,.T.);
#12237=ORIENTED_EDGE('',*,*,#12236,.F.);
#12238=ORIENTED_EDGE('',*,*,#12123,.F.);
#12239=CARTESIAN_POINT('',(4022.725000016,406.4,2590.8));
#12240=DIRECTION('',(1.,0.,0.));
#12241=VECTOR('',#12240,822.325);
#12242=LINE('',#12239,#12241);
#12243=EDGE_CURVE('',#12110,#12173,#12242,.T.);
#12244=ORIENTED_EDGE('',*,*,#12243,.T.);
#12245=ORIENTED_EDGE('',*,*,#12178,.T.);
#12246=EDGE_LOOP('',(#12237,#12238,#12244,#12245));
#12247=FACE_BOUND('',#12246,.T.);
#12248=ADVANCED_FACE('',(#12247),#12231,.T.);
#12249=CARTESIAN_POINT('',(4003.675000016,406.4,927.1));
#12250=DIRECTION('',(0.,-1.,0.));
#12251=DIRECTION('',(1.,0.,0.));
#12252=AXIS2_PLACEMENT_3D('',#12249,#12250,#12251);
#12253=PLANE('',#12252);
#12254=ORIENTED_EDGE('',*,*,#12186,.T.);
#12255=ORIENTED_EDGE('',*,*,#12243,.F.);
#12256=ORIENTED_EDGE('',*,*,#12115,.T.);
#12257=ORIENTED_EDGE('',*,*,#12221,.T.);
#12258=EDGE_LOOP('',(#12254,#12255,#12256,#12257));
#12259=FACE_BOUND('',#12258,.T.);
#12260=ADVANCED_FACE('',(#12259),#12253,.F.);
#12261=CARTESIAN_POINT('',(4003.675000016,120.65,927.1));
#12262=DIRECTION('',(0.,-1.,0.));
#12263=DIRECTION('',(1.,0.,0.));
#12264=AXIS2_PLACEMENT_3D('',#12261,#12262,#12263);
#12265=PLANE('',#12264);
#12266=ORIENTED_EDGE('',*,*,#12200,.F.);
#12267=ORIENTED_EDGE('',*,*,#12214,.F.);
#12268=ORIENTED_EDGE('',*,*,#12099,.F.);
#12269=ORIENTED_EDGE('',*,*,#12073,.T.);
#12270=EDGE_LOOP('',(#12266,#12267,#12268,#12269));
#12271=FACE_BOUND('',#12270,.T.);
#12272=ADVANCED_FACE('',(#12271),#12265,.T.);
#12273=CARTESIAN_POINT('',(4433.887500016,387.35,2600.325));
#12274=DIRECTION('',(-0.,0.,1.));
#12275=DIRECTION('',(1.,0.,0.));
#12276=AXIS2_PLACEMENT_3D('',#12273,#12274,#12275);
#12277=PLANE('',#12276);
#12278=CARTESIAN_POINT('',(4845.050000016,381.,2600.325));
#12279=DIRECTION('',(-1.,0.,-0.));
#12280=VECTOR('',#12279,822.325);
#12281=LINE('',#12278,#12280);
#12282=EDGE_CURVE('',#12149,#12085,#12281,.T.);
#12283=ORIENTED_EDGE('',*,*,#12282,.T.);
#12284=ORIENTED_EDGE('',*,*,#12137,.F.);
#12285=CARTESIAN_POINT('',(4845.050000016,387.35,2600.325));
#12286=DIRECTION('',(-1.,0.,-0.));
#12287=VECTOR('',#12286,822.325);
#12288=LINE('',#12285,#12287);
#12289=EDGE_CURVE('',#12157,#12126,#12288,.T.);
#12290=ORIENTED_EDGE('',*,*,#12289,.F.);
#12291=ORIENTED_EDGE('',*,*,#12162,.T.);
#12292=EDGE_LOOP('',(#12283,#12284,#12290,#12291));
#12293=FACE_BOUND('',#12292,.T.);
#12294=ADVANCED_FACE('',(#12293),#12277,.F.);
#12295=CARTESIAN_POINT('',(4003.675000016,387.35,927.1));
#12296=DIRECTION('',(0.,-1.,0.));
#12297=DIRECTION('',(1.,0.,0.));
#12298=AXIS2_PLACEMENT_3D('',#12295,#12296,#12297);
#12299=PLANE('',#12298);
#12300=ORIENTED_EDGE('',*,*,#12170,.T.);
#12301=ORIENTED_EDGE('',*,*,#12289,.T.);
#12302=ORIENTED_EDGE('',*,*,#12131,.F.);
#12303=ORIENTED_EDGE('',*,*,#12236,.T.);
#12304=EDGE_LOOP('',(#12300,#12301,#12302,#12303));
#12305=FACE_BOUND('',#12304,.T.);
#12306=ADVANCED_FACE('',(#12305),#12299,.T.);
#12307=CARTESIAN_POINT('',(4003.675000016,381.,927.1));
#12308=DIRECTION('',(0.,-1.,0.));
#12309=DIRECTION('',(1.,0.,0.));
#12310=AXIS2_PLACEMENT_3D('',#12307,#12308,#12309);
#12311=PLANE('',#12310);
#12312=ORIENTED_EDGE('',*,*,#12154,.F.);
#12313=ORIENTED_EDGE('',*,*,#12059,.F.);
#12314=ORIENTED_EDGE('',*,*,#12090,.T.);
#12315=ORIENTED_EDGE('',*,*,#12282,.F.);
#12316=EDGE_LOOP('',(#12312,#12313,#12314,#12315));
#12317=FACE_BOUND('',#12316,.T.);
#12318=ADVANCED_FACE('',(#12317),#12311,.F.);
#12319=CLOSED_SHELL('',(#12077,#12141,#12204,#12226,#12248,#12260,#12272,#12294,#12306,#12318));
#12320=MANIFOLD_SOLID_BREP('[Panel] Top',#12319);
#12037=STYLED_ITEM('',(#267),#12320);
#12322=CARTESIAN_POINT('',(3986.212500016,406.4,2609.85));
#12323=DIRECTION('',(0.,0.,-1.));
#12324=DIRECTION('',(-1.,0.,0.));
#12325=AXIS2_PLACEMENT_3D('',#12322,#12323,#12324);
#12326=PLANE('',#12325);
#12327=CARTESIAN_POINT('',(3971.925000016,120.65,2609.85));
#12328=VERTEX_POINT('',#12327);
#12329=CARTESIAN_POINT('',(3990.975000016,120.65,2609.85));
#12330=VERTEX_POINT('',#12329);
#12331=CARTESIAN_POINT('',(3971.925000016,120.65,2609.85));
#12332=DIRECTION('',(1.,0.,-0.));
#12333=VECTOR('',#12332,19.05);
#12334=LINE('',#12331,#12333);
#12335=EDGE_CURVE('',#12328,#12330,#12334,.T.);
#12336=ORIENTED_EDGE('',*,*,#12335,.T.);
#12337=CARTESIAN_POINT('',(3990.975000016,406.4,2609.85));
#12338=VERTEX_POINT('',#12337);
#12339=CARTESIAN_POINT('',(3990.975000016,406.4,2609.85));
#12340=DIRECTION('',(0.,-1.,0.));
#12341=VECTOR('',#12340,285.75);
#12342=LINE('',#12339,#12341);
#12343=EDGE_CURVE('',#12338,#12330,#12342,.T.);
#12344=ORIENTED_EDGE('',*,*,#12343,.F.);
#12345=CARTESIAN_POINT('',(3971.925000016,406.4,2609.85));
#12346=VERTEX_POINT('',#12345);
#12347=CARTESIAN_POINT('',(3971.925000016,406.4,2609.85));
#12348=DIRECTION('',(1.,0.,-0.));
#12349=VECTOR('',#12348,19.05);
#12350=LINE('',#12347,#12349);
#12351=EDGE_CURVE('',#12346,#12338,#12350,.T.);
#12352=ORIENTED_EDGE('',*,*,#12351,.F.);
#12353=CARTESIAN_POINT('',(3971.925000016,406.4,2609.85));
#12354=DIRECTION('',(0.,-1.,0.));
#12355=VECTOR('',#12354,285.75);
#12356=LINE('',#12353,#12355);
#12357=EDGE_CURVE('',#12346,#12328,#12356,.T.);
#12358=ORIENTED_EDGE('',*,*,#12357,.T.);
#12359=EDGE_LOOP('',(#12336,#12344,#12352,#12358));
#12360=FACE_BOUND('',#12359,.T.);
#12361=ADVANCED_FACE('',(#12360),#12326,.F.);
#12362=CARTESIAN_POINT('',(3986.212500016,406.4,927.1));
#12363=DIRECTION('',(0.,0.,1.));
#12364=DIRECTION('',(1.,0.,0.));
#12365=AXIS2_PLACEMENT_3D('',#12362,#12363,#12364);
#12366=PLANE('',#12365);
#12367=CARTESIAN_POINT('',(3990.975000016,406.4,927.1));
#12368=VERTEX_POINT('',#12367);
#12369=CARTESIAN_POINT('',(3990.975000016,120.65,927.1));
#12370=VERTEX_POINT('',#12369);
#12371=CARTESIAN_POINT('',(3990.975000016,406.4,927.1));
#12372=DIRECTION('',(0.,-1.,0.));
#12373=VECTOR('',#12372,285.75);
#12374=LINE('',#12371,#12373);
#12375=EDGE_CURVE('',#12368,#12370,#12374,.T.);
#12376=ORIENTED_EDGE('',*,*,#12375,.T.);
#12377=CARTESIAN_POINT('',(3971.925000016,120.65,927.1));
#12378=VERTEX_POINT('',#12377);
#12379=CARTESIAN_POINT('',(3990.975000016,120.65,927.1));
#12380=DIRECTION('',(-1.,0.,0.));
#12381=VECTOR('',#12380,19.05);
#12382=LINE('',#12379,#12381);
#12383=EDGE_CURVE('',#12370,#12378,#12382,.T.);
#12384=ORIENTED_EDGE('',*,*,#12383,.T.);
#12385=CARTESIAN_POINT('',(3971.925000016,406.4,927.1));
#12386=VERTEX_POINT('',#12385);
#12387=CARTESIAN_POINT('',(3971.925000016,406.4,927.1));
#12388=DIRECTION('',(0.,-1.,0.));
#12389=VECTOR('',#12388,285.75);
#12390=LINE('',#12387,#12389);
#12391=EDGE_CURVE('',#12386,#12378,#12390,.T.);
#12392=ORIENTED_EDGE('',*,*,#12391,.F.);
#12393=CARTESIAN_POINT('',(3990.975000016,406.4,927.1));
#12394=DIRECTION('',(-1.,0.,0.));
#12395=VECTOR('',#12394,19.05);
#12396=LINE('',#12393,#12395);
#12397=EDGE_CURVE('',#12368,#12386,#12396,.T.);
#12398=ORIENTED_EDGE('',*,*,#12397,.F.);
#12399=EDGE_LOOP('',(#12376,#12384,#12392,#12398));
#12400=FACE_BOUND('',#12399,.T.);
#12401=ADVANCED_FACE('',(#12400),#12366,.F.);
#12402=CARTESIAN_POINT('',(3990.975000016,406.4,2595.5625));
#12403=DIRECTION('',(1.,0.,0.));
#12404=DIRECTION('',(0.,0.,-1.));
#12405=AXIS2_PLACEMENT_3D('',#12402,#12403,#12404);
#12406=PLANE('',#12405);
#12407=ORIENTED_EDGE('',*,*,#12343,.T.);
#12408=CARTESIAN_POINT('',(3990.975000016,120.65,927.1));
#12409=DIRECTION('',(-0.,0.,1.));
#12410=VECTOR('',#12409,1682.75);
#12411=LINE('',#12408,#12410);
#12412=EDGE_CURVE('',#12370,#12330,#12411,.T.);
#12413=ORIENTED_EDGE('',*,*,#12412,.F.);
#12414=ORIENTED_EDGE('',*,*,#12375,.F.);
#12415=CARTESIAN_POINT('',(3990.975000016,406.4,927.1));
#12416=DIRECTION('',(-0.,0.,1.));
#12417=VECTOR('',#12416,1682.75);
#12418=LINE('',#12415,#12417);
#12419=EDGE_CURVE('',#12368,#12338,#12418,.T.);
#12420=ORIENTED_EDGE('',*,*,#12419,.T.);
#12421=EDGE_LOOP('',(#12407,#12413,#12414,#12420));
#12422=FACE_BOUND('',#12421,.T.);
#12423=ADVANCED_FACE('',(#12422),#12406,.T.);
#12424=CARTESIAN_POINT('',(3971.925000016,406.4,1768.475));
#12425=DIRECTION('',(1.,0.,0.));
#12426=DIRECTION('',(0.,0.,-1.));
#12427=AXIS2_PLACEMENT_3D('',#12424,#12425,#12426);
#12428=PLANE('',#12427);
#12429=CARTESIAN_POINT('',(3971.925000016,120.65,927.1));
#12430=DIRECTION('',(-0.,0.,1.));
#12431=VECTOR('',#12430,1682.75);
#12432=LINE('',#12429,#12431);
#12433=EDGE_CURVE('',#12378,#12328,#12432,.T.);
#12434=ORIENTED_EDGE('',*,*,#12433,.T.);
#12435=ORIENTED_EDGE('',*,*,#12357,.F.);
#12436=CARTESIAN_POINT('',(3971.925000016,406.4,927.1));
#12437=DIRECTION('',(-0.,0.,1.));
#12438=VECTOR('',#12437,1682.75);
#12439=LINE('',#12436,#12438);
#12440=EDGE_CURVE('',#12386,#12346,#12439,.T.);
#12441=ORIENTED_EDGE('',*,*,#12440,.F.);
#12442=ORIENTED_EDGE('',*,*,#12391,.T.);
#12443=EDGE_LOOP('',(#12434,#12435,#12441,#12442));
#12444=FACE_BOUND('',#12443,.T.);
#12445=ADVANCED_FACE('',(#12444),#12428,.F.);
#12446=OVER_RIDING_STYLED_ITEM('',(#1269),#12445,#12321);
#12447=CARTESIAN_POINT('',(3971.925000016,406.4,927.1));
#12448=DIRECTION('',(0.,-1.,0.));
#12449=DIRECTION('',(1.,0.,0.));
#12450=AXIS2_PLACEMENT_3D('',#12447,#12448,#12449);
#12451=PLANE('',#12450);
#12452=ORIENTED_EDGE('',*,*,#12419,.F.);
#12453=ORIENTED_EDGE('',*,*,#12397,.T.);
#12454=ORIENTED_EDGE('',*,*,#12440,.T.);
#12455=ORIENTED_EDGE('',*,*,#12351,.T.);
#12456=EDGE_LOOP('',(#12452,#12453,#12454,#12455));
#12457=FACE_BOUND('',#12456,.T.);
#12458=ADVANCED_FACE('',(#12457),#12451,.F.);
#12459=CARTESIAN_POINT('',(3971.925000016,120.65,927.1));
#12460=DIRECTION('',(0.,-1.,0.));
#12461=DIRECTION('',(1.,0.,0.));
#12462=AXIS2_PLACEMENT_3D('',#12459,#12460,#12461);
#12463=PLANE('',#12462);
#12464=ORIENTED_EDGE('',*,*,#12412,.T.);
#12465=ORIENTED_EDGE('',*,*,#12335,.F.);
#12466=ORIENTED_EDGE('',*,*,#12433,.F.);
#12467=ORIENTED_EDGE('',*,*,#12383,.F.);
#12468=EDGE_LOOP('',(#12464,#12465,#12466,#12467));
#12469=FACE_BOUND('',#12468,.T.);
#12470=ADVANCED_FACE('',(#12469),#12463,.T.);
#12471=CLOSED_SHELL('',(#12361,#12401,#12423,#12445,#12458,#12470));
#12472=MANIFOLD_SOLID_BREP('[Panel] Left B',#12471);
#12321=STYLED_ITEM('',(#267),#12472);
#12474=CARTESIAN_POINT('',(4022.725000016,406.4,2595.5625));
#12475=DIRECTION('',(1.,0.,0.));
#12476=DIRECTION('',(0.,0.,-1.));
#12477=AXIS2_PLACEMENT_3D('',#12474,#12475,#12476);
#12478=PLANE('',#12477);
#12479=CARTESIAN_POINT('',(4022.725000016,381.,927.1));
#12480=VERTEX_POINT('',#12479);
#12481=CARTESIAN_POINT('',(4022.725000016,120.65,927.1));
#12482=VERTEX_POINT('',#12481);
#12483=CARTESIAN_POINT('',(4022.725000016,381.,927.1));
#12484=DIRECTION('',(0.,-1.,0.));
#12485=VECTOR('',#12484,260.35);
#12486=LINE('',#12483,#12485);
#12487=EDGE_CURVE('',#12480,#12482,#12486,.T.);
#12488=ORIENTED_EDGE('',*,*,#12487,.F.);
#12489=CARTESIAN_POINT('',(4022.725000016,381.,2609.85));
#12490=VERTEX_POINT('',#12489);
#12491=CARTESIAN_POINT('',(4022.725000016,381.,927.1));
#12492=DIRECTION('',(-0.,0.,1.));
#12493=VECTOR('',#12492,1682.75);
#12494=LINE('',#12491,#12493);
#12495=EDGE_CURVE('',#12480,#12490,#12494,.T.);
#12496=ORIENTED_EDGE('',*,*,#12495,.T.);
#12497=CARTESIAN_POINT('',(4022.725000016,120.65,2609.85));
#12498=VERTEX_POINT('',#12497);
#12499=CARTESIAN_POINT('',(4022.725000016,381.,2609.85));
#12500=DIRECTION('',(0.,-1.,0.));
#12501=VECTOR('',#12500,260.35);
#12502=LINE('',#12499,#12501);
#12503=EDGE_CURVE('',#12490,#12498,#12502,.T.);
#12504=ORIENTED_EDGE('',*,*,#12503,.T.);
#12505=CARTESIAN_POINT('',(4022.725000016,120.65,927.1));
#12506=DIRECTION('',(-0.,0.,1.));
#12507=VECTOR('',#12506,1682.75);
#12508=LINE('',#12505,#12507);
#12509=EDGE_CURVE('',#12482,#12498,#12508,.T.);
#12510=ORIENTED_EDGE('',*,*,#12509,.F.);
#12511=EDGE_LOOP('',(#12488,#12496,#12504,#12510));
#12512=FACE_BOUND('',#12511,.T.);
#12513=ADVANCED_FACE('',(#12512),#12478,.T.);
#12514=OVER_RIDING_STYLED_ITEM('',(#1269),#12513,#12473);
#12515=CARTESIAN_POINT('',(4017.962500016,406.4,2609.85));
#12516=DIRECTION('',(0.,0.,-1.));
#12517=DIRECTION('',(-1.,0.,0.));
#12518=AXIS2_PLACEMENT_3D('',#12515,#12516,#12517);
#12519=PLANE('',#12518);
#12520=CARTESIAN_POINT('',(4013.200000016,381.,2609.85));
#12521=VERTEX_POINT('',#12520);
#12522=CARTESIAN_POINT('',(4013.200000016,381.,2609.85));
#12523=DIRECTION('',(1.,0.,-0.));
#12524=VECTOR('',#12523,9.525);
#12525=LINE('',#12522,#12524);
#12526=EDGE_CURVE('',#12521,#12490,#12525,.T.);
#12527=ORIENTED_EDGE('',*,*,#12526,.F.);
#12528=CARTESIAN_POINT('',(4013.200000016,387.35,2609.85));
#12529=VERTEX_POINT('',#12528);
#12530=CARTESIAN_POINT('',(4013.200000016,387.35,2609.85));
#12531=DIRECTION('',(0.,-1.,0.));
#12532=VECTOR('',#12531,6.35);
#12533=LINE('',#12530,#12532);
#12534=EDGE_CURVE('',#12529,#12521,#12533,.T.);
#12535=ORIENTED_EDGE('',*,*,#12534,.F.);
#12536=CARTESIAN_POINT('',(4022.725000016,387.35,2609.85));
#12537=VERTEX_POINT('',#12536);
#12538=CARTESIAN_POINT('',(4013.200000016,387.35,2609.85));
#12539=DIRECTION('',(1.,0.,-0.));
#12540=VECTOR('',#12539,9.525);
#12541=LINE('',#12538,#12540);
#12542=EDGE_CURVE('',#12529,#12537,#12541,.T.);
#12543=ORIENTED_EDGE('',*,*,#12542,.T.);
#12544=CARTESIAN_POINT('',(4022.725000016,406.4,2609.85));
#12545=VERTEX_POINT('',#12544);
#12546=CARTESIAN_POINT('',(4022.725000016,406.4,2609.85));
#12547=DIRECTION('',(0.,-1.,0.));
#12548=VECTOR('',#12547,19.05);
#12549=LINE('',#12546,#12548);
#12550=EDGE_CURVE('',#12545,#12537,#12549,.T.);
#12551=ORIENTED_EDGE('',*,*,#12550,.F.);
#12552=CARTESIAN_POINT('',(4003.675000016,406.4,2609.85));
#12553=VERTEX_POINT('',#12552);
#12554=CARTESIAN_POINT('',(4003.675000016,406.4,2609.85));
#12555=DIRECTION('',(1.,0.,-0.));
#12556=VECTOR('',#12555,19.05);
#12557=LINE('',#12554,#12556);
#12558=EDGE_CURVE('',#12553,#12545,#12557,.T.);
#12559=ORIENTED_EDGE('',*,*,#12558,.F.);
#12560=CARTESIAN_POINT('',(4003.675000016,120.65,2609.85));
#12561=VERTEX_POINT('',#12560);
#12562=CARTESIAN_POINT('',(4003.675000016,406.4,2609.85));
#12563=DIRECTION('',(0.,-1.,0.));
#12564=VECTOR('',#12563,285.75);
#12565=LINE('',#12562,#12564);
#12566=EDGE_CURVE('',#12553,#12561,#12565,.T.);
#12567=ORIENTED_EDGE('',*,*,#12566,.T.);
#12568=CARTESIAN_POINT('',(4003.675000016,120.65,2609.85));
#12569=DIRECTION('',(1.,0.,-0.));
#12570=VECTOR('',#12569,19.05);
#12571=LINE('',#12568,#12570);
#12572=EDGE_CURVE('',#12561,#12498,#12571,.T.);
#12573=ORIENTED_EDGE('',*,*,#12572,.T.);
#12574=ORIENTED_EDGE('',*,*,#12503,.F.);
#12575=EDGE_LOOP('',(#12527,#12535,#12543,#12551,#12559,#12567,#12573,#12574));
#12576=FACE_BOUND('',#12575,.T.);
#12577=ADVANCED_FACE('',(#12576),#12519,.F.);
#12578=CARTESIAN_POINT('',(4017.962500016,406.4,927.1));
#12579=DIRECTION('',(0.,0.,1.));
#12580=DIRECTION('',(1.,0.,0.));
#12581=AXIS2_PLACEMENT_3D('',#12578,#12579,#12580);
#12582=PLANE('',#12581);
#12583=CARTESIAN_POINT('',(4013.200000016,381.,927.1));
#12584=VERTEX_POINT('',#12583);
#12585=CARTESIAN_POINT('',(4022.725000016,381.,927.1));
#12586=DIRECTION('',(-1.,0.,0.));
#12587=VECTOR('',#12586,9.525);
#12588=LINE('',#12585,#12587);
#12589=EDGE_CURVE('',#12480,#12584,#12588,.T.);
#12590=ORIENTED_EDGE('',*,*,#12589,.F.);
#12591=ORIENTED_EDGE('',*,*,#12487,.T.);
#12592=CARTESIAN_POINT('',(4003.675000016,120.65,927.1));
#12593=VERTEX_POINT('',#12592);
#12594=CARTESIAN_POINT('',(4022.725000016,120.65,927.1));
#12595=DIRECTION('',(-1.,0.,0.));
#12596=VECTOR('',#12595,19.05);
#12597=LINE('',#12594,#12596);
#12598=EDGE_CURVE('',#12482,#12593,#12597,.T.);
#12599=ORIENTED_EDGE('',*,*,#12598,.T.);
#12600=CARTESIAN_POINT('',(4003.675000016,406.4,927.1));
#12601=VERTEX_POINT('',#12600);
#12602=CARTESIAN_POINT('',(4003.675000016,406.4,927.1));
#12603=DIRECTION('',(0.,-1.,0.));
#12604=VECTOR('',#12603,285.75);
#12605=LINE('',#12602,#12604);
#12606=EDGE_CURVE('',#12601,#12593,#12605,.T.);
#12607=ORIENTED_EDGE('',*,*,#12606,.F.);
#12608=CARTESIAN_POINT('',(4022.725000016,406.4,927.1));
#12609=VERTEX_POINT('',#12608);
#12610=CARTESIAN_POINT('',(4022.725000016,406.4,927.1));
#12611=DIRECTION('',(-1.,0.,0.));
#12612=VECTOR('',#12611,19.05);
#12613=LINE('',#12610,#12612);
#12614=EDGE_CURVE('',#12609,#12601,#12613,.T.);
#12615=ORIENTED_EDGE('',*,*,#12614,.F.);
#12616=CARTESIAN_POINT('',(4022.725000016,387.35,927.1));
#12617=VERTEX_POINT('',#12616);
#12618=CARTESIAN_POINT('',(4022.725000016,406.4,927.1));
#12619=DIRECTION('',(0.,-1.,0.));
#12620=VECTOR('',#12619,19.05);
#12621=LINE('',#12618,#12620);
#12622=EDGE_CURVE('',#12609,#12617,#12621,.T.);
#12623=ORIENTED_EDGE('',*,*,#12622,.T.);
#12624=CARTESIAN_POINT('',(4013.200000016,387.35,927.1));
#12625=VERTEX_POINT('',#12624);
#12626=CARTESIAN_POINT('',(4022.725000016,387.35,927.1));
#12627=DIRECTION('',(-1.,0.,0.));
#12628=VECTOR('',#12627,9.525);
#12629=LINE('',#12626,#12628);
#12630=EDGE_CURVE('',#12617,#12625,#12629,.T.);
#12631=ORIENTED_EDGE('',*,*,#12630,.T.);
#12632=CARTESIAN_POINT('',(4013.200000016,387.35,927.1));
#12633=DIRECTION('',(0.,-1.,0.));
#12634=VECTOR('',#12633,6.35);
#12635=LINE('',#12632,#12634);
#12636=EDGE_CURVE('',#12625,#12584,#12635,.T.);
#12637=ORIENTED_EDGE('',*,*,#12636,.T.);
#12638=EDGE_LOOP('',(#12590,#12591,#12599,#12607,#12615,#12623,#12631,#12637));
#12639=FACE_BOUND('',#12638,.T.);
#12640=ADVANCED_FACE('',(#12639),#12582,.F.);
#12641=CARTESIAN_POINT('',(4022.725000016,406.4,2595.5625));
#12642=DIRECTION('',(1.,0.,0.));
#12643=DIRECTION('',(0.,0.,-1.));
#12644=AXIS2_PLACEMENT_3D('',#12641,#12642,#12643);
#12645=PLANE('',#12644);
#12646=CARTESIAN_POINT('',(4022.725000016,387.35,927.1));
#12647=DIRECTION('',(-0.,0.,1.));
#12648=VECTOR('',#12647,1682.75);
#12649=LINE('',#12646,#12648);
#12650=EDGE_CURVE('',#12617,#12537,#12649,.T.);
#12651=ORIENTED_EDGE('',*,*,#12650,.F.);
#12652=ORIENTED_EDGE('',*,*,#12622,.F.);
#12653=CARTESIAN_POINT('',(4022.725000016,406.4,927.1));
#12654=DIRECTION('',(-0.,0.,1.));
#12655=VECTOR('',#12654,1682.75);
#12656=LINE('',#12653,#12655);
#12657=EDGE_CURVE('',#12609,#12545,#12656,.T.);
#12658=ORIENTED_EDGE('',*,*,#12657,.T.);
#12659=ORIENTED_EDGE('',*,*,#12550,.T.);
#12660=EDGE_LOOP('',(#12651,#12652,#12658,#12659));
#12661=FACE_BOUND('',#12660,.T.);
#12662=ADVANCED_FACE('',(#12661),#12645,.T.);
#12663=CARTESIAN_POINT('',(4003.675000016,406.4,1768.475));
#12664=DIRECTION('',(1.,0.,0.));
#12665=DIRECTION('',(0.,0.,-1.));
#12666=AXIS2_PLACEMENT_3D('',#12663,#12664,#12665);
#12667=PLANE('',#12666);
#12668=CARTESIAN_POINT('',(4003.675000016,120.65,927.1));
#12669=DIRECTION('',(-0.,0.,1.));
#12670=VECTOR('',#12669,1682.75);
#12671=LINE('',#12668,#12670);
#12672=EDGE_CURVE('',#12593,#12561,#12671,.T.);
#12673=ORIENTED_EDGE('',*,*,#12672,.T.);
#12674=ORIENTED_EDGE('',*,*,#12566,.F.);
#12675=CARTESIAN_POINT('',(4003.675000016,406.4,927.1));
#12676=DIRECTION('',(-0.,0.,1.));
#12677=VECTOR('',#12676,1682.75);
#12678=LINE('',#12675,#12677);
#12679=EDGE_CURVE('',#12601,#12553,#12678,.T.);
#12680=ORIENTED_EDGE('',*,*,#12679,.F.);
#12681=ORIENTED_EDGE('',*,*,#12606,.T.);
#12682=EDGE_LOOP('',(#12673,#12674,#12680,#12681));
#12683=FACE_BOUND('',#12682,.T.);
#12684=ADVANCED_FACE('',(#12683),#12667,.F.);
#12685=CARTESIAN_POINT('',(4003.675000016,406.4,927.1));
#12686=DIRECTION('',(0.,-1.,0.));
#12687=DIRECTION('',(1.,0.,0.));
#12688=AXIS2_PLACEMENT_3D('',#12685,#12686,#12687);
#12689=PLANE('',#12688);
#12690=ORIENTED_EDGE('',*,*,#12657,.F.);
#12691=ORIENTED_EDGE('',*,*,#12614,.T.);
#12692=ORIENTED_EDGE('',*,*,#12679,.T.);
#12693=ORIENTED_EDGE('',*,*,#12558,.T.);
#12694=EDGE_LOOP('',(#12690,#12691,#12692,#12693));
#12695=FACE_BOUND('',#12694,.T.);
#12696=ADVANCED_FACE('',(#12695),#12689,.F.);
#12697=CARTESIAN_POINT('',(4003.675000016,120.65,927.1));
#12698=DIRECTION('',(0.,-1.,0.));
#12699=DIRECTION('',(1.,0.,0.));
#12700=AXIS2_PLACEMENT_3D('',#12697,#12698,#12699);
#12701=PLANE('',#12700);
#12702=ORIENTED_EDGE('',*,*,#12509,.T.);
#12703=ORIENTED_EDGE('',*,*,#12572,.F.);
#12704=ORIENTED_EDGE('',*,*,#12672,.F.);
#12705=ORIENTED_EDGE('',*,*,#12598,.F.);
#12706=EDGE_LOOP('',(#12702,#12703,#12704,#12705));
#12707=FACE_BOUND('',#12706,.T.);
#12708=ADVANCED_FACE('',(#12707),#12701,.T.);
#12709=CARTESIAN_POINT('',(4013.200000016,387.35,1768.475));
#12710=DIRECTION('',(-1.,0.,-0.));
#12711=DIRECTION('',(-0.,0.,1.));
#12712=AXIS2_PLACEMENT_3D('',#12709,#12710,#12711);
#12713=PLANE('',#12712);
#12714=CARTESIAN_POINT('',(4013.200000016,381.,2609.85));
#12715=DIRECTION('',(0.,0.,-1.));
#12716=VECTOR('',#12715,1682.75);
#12717=LINE('',#12714,#12716);
#12718=EDGE_CURVE('',#12521,#12584,#12717,.T.);
#12719=ORIENTED_EDGE('',*,*,#12718,.T.);
#12720=ORIENTED_EDGE('',*,*,#12636,.F.);
#12721=CARTESIAN_POINT('',(4013.200000016,387.35,2609.85));
#12722=DIRECTION('',(0.,0.,-1.));
#12723=VECTOR('',#12722,1682.75);
#12724=LINE('',#12721,#12723);
#12725=EDGE_CURVE('',#12529,#12625,#12724,.T.);
#12726=ORIENTED_EDGE('',*,*,#12725,.F.);
#12727=ORIENTED_EDGE('',*,*,#12534,.T.);
#12728=EDGE_LOOP('',(#12719,#12720,#12726,#12727));
#12729=FACE_BOUND('',#12728,.T.);
#12730=ADVANCED_FACE('',(#12729),#12713,.F.);
#12731=CARTESIAN_POINT('',(4003.675000016,387.35,927.1));
#12732=DIRECTION('',(0.,-1.,0.));
#12733=DIRECTION('',(1.,0.,0.));
#12734=AXIS2_PLACEMENT_3D('',#12731,#12732,#12733);
#12735=PLANE('',#12734);
#12736=ORIENTED_EDGE('',*,*,#12650,.T.);
#12737=ORIENTED_EDGE('',*,*,#12542,.F.);
#12738=ORIENTED_EDGE('',*,*,#12725,.T.);
#12739=ORIENTED_EDGE('',*,*,#12630,.F.);
#12740=EDGE_LOOP('',(#12736,#12737,#12738,#12739));
#12741=FACE_BOUND('',#12740,.T.);
#12742=ADVANCED_FACE('',(#12741),#12735,.T.);
#12743=CARTESIAN_POINT('',(4003.675000016,381.,927.1));
#12744=DIRECTION('',(0.,-1.,0.));
#12745=DIRECTION('',(1.,0.,0.));
#12746=AXIS2_PLACEMENT_3D('',#12743,#12744,#12745);
#12747=PLANE('',#12746);
#12748=ORIENTED_EDGE('',*,*,#12495,.F.);
#12749=ORIENTED_EDGE('',*,*,#12589,.T.);
#12750=ORIENTED_EDGE('',*,*,#12718,.F.);
#12751=ORIENTED_EDGE('',*,*,#12526,.T.);
#12752=EDGE_LOOP('',(#12748,#12749,#12750,#12751));
#12753=FACE_BOUND('',#12752,.T.);
#12754=ADVANCED_FACE('',(#12753),#12747,.F.);
#12755=CLOSED_SHELL('',(#12513,#12577,#12640,#12662,#12684,#12696,#12708,#12730,#12742,#12754));
#12756=MANIFOLD_SOLID_BREP('[Panel] Left A',#12755);
#12473=STYLED_ITEM('',(#267),#12756);
#12758=CARTESIAN_POINT('',(4845.050000016,406.4,2605.0875));
#12759=DIRECTION('',(-1.,0.,0.));
#12760=DIRECTION('',(0.,0.,1.));
#12761=AXIS2_PLACEMENT_3D('',#12758,#12759,#12760);
#12762=PLANE('',#12761);
#12763=CARTESIAN_POINT('',(4845.050000016,381.,2609.85));
#12764=VERTEX_POINT('',#12763);
#12765=CARTESIAN_POINT('',(4845.050000016,120.65,2609.85));
#12766=VERTEX_POINT('',#12765);
#12767=CARTESIAN_POINT('',(4845.050000016,381.,2609.85));
#12768=DIRECTION('',(0.,-1.,0.));
#12769=VECTOR('',#12768,260.35);
#12770=LINE('',#12767,#12769);
#12771=EDGE_CURVE('',#12764,#12766,#12770,.T.);
#12772=ORIENTED_EDGE('',*,*,#12771,.F.);
#12773=CARTESIAN_POINT('',(4845.050000016,381.,927.1));
#12774=VERTEX_POINT('',#12773);
#12775=CARTESIAN_POINT('',(4845.050000016,381.,2609.85));
#12776=DIRECTION('',(0.,0.,-1.));
#12777=VECTOR('',#12776,1682.75);
#12778=LINE('',#12775,#12777);
#12779=EDGE_CURVE('',#12764,#12774,#12778,.T.);
#12780=ORIENTED_EDGE('',*,*,#12779,.T.);
#12781=CARTESIAN_POINT('',(4845.050000016,120.65,927.1));
#12782=VERTEX_POINT('',#12781);
#12783=CARTESIAN_POINT('',(4845.050000016,381.,927.1));
#12784=DIRECTION('',(0.,-1.,0.));
#12785=VECTOR('',#12784,260.35);
#12786=LINE('',#12783,#12785);
#12787=EDGE_CURVE('',#12774,#12782,#12786,.T.);
#12788=ORIENTED_EDGE('',*,*,#12787,.T.);
#12789=CARTESIAN_POINT('',(4845.050000016,120.65,2609.85));
#12790=DIRECTION('',(0.,0.,-1.));
#12791=VECTOR('',#12790,1682.75);
#12792=LINE('',#12789,#12791);
#12793=EDGE_CURVE('',#12766,#12782,#12792,.T.);
#12794=ORIENTED_EDGE('',*,*,#12793,.F.);
#12795=EDGE_LOOP('',(#12772,#12780,#12788,#12794));
#12796=FACE_BOUND('',#12795,.T.);
#12797=ADVANCED_FACE('',(#12796),#12762,.T.);
#12798=OVER_RIDING_STYLED_ITEM('',(#1269),#12797,#12757);
#12799=CARTESIAN_POINT('',(4849.812500016,406.4,927.1));
#12800=DIRECTION('',(0.,0.,1.));
#12801=DIRECTION('',(1.,0.,0.));
#12802=AXIS2_PLACEMENT_3D('',#12799,#12800,#12801);
#12803=PLANE('',#12802);
#12804=CARTESIAN_POINT('',(4854.575000016,381.,927.1));
#12805=VERTEX_POINT('',#12804);
#12806=CARTESIAN_POINT('',(4854.575000016,381.,927.1));
#12807=DIRECTION('',(-1.,0.,0.));
#12808=VECTOR('',#12807,9.525);
#12809=LINE('',#12806,#12808);
#12810=EDGE_CURVE('',#12805,#12774,#12809,.T.);
#12811=ORIENTED_EDGE('',*,*,#12810,.F.);
#12812=CARTESIAN_POINT('',(4854.575000016,387.35,927.1));
#12813=VERTEX_POINT('',#12812);
#12814=CARTESIAN_POINT('',(4854.575000016,387.35,927.1));
#12815=DIRECTION('',(0.,-1.,0.));
#12816=VECTOR('',#12815,6.35);
#12817=LINE('',#12814,#12816);
#12818=EDGE_CURVE('',#12813,#12805,#12817,.T.);
#12819=ORIENTED_EDGE('',*,*,#12818,.F.);
#12820=CARTESIAN_POINT('',(4845.050000016,387.35,927.1));
#12821=VERTEX_POINT('',#12820);
#12822=CARTESIAN_POINT('',(4854.575000016,387.35,927.1));
#12823=DIRECTION('',(-1.,0.,0.));
#12824=VECTOR('',#12823,9.525);
#12825=LINE('',#12822,#12824);
#12826=EDGE_CURVE('',#12813,#12821,#12825,.T.);
#12827=ORIENTED_EDGE('',*,*,#12826,.T.);
#12828=CARTESIAN_POINT('',(4845.050000016,406.4,927.1));
#12829=VERTEX_POINT('',#12828);
#12830=CARTESIAN_POINT('',(4845.050000016,406.4,927.1));
#12831=DIRECTION('',(0.,-1.,0.));
#12832=VECTOR('',#12831,19.05);
#12833=LINE('',#12830,#12832);
#12834=EDGE_CURVE('',#12829,#12821,#12833,.T.);
#12835=ORIENTED_EDGE('',*,*,#12834,.F.);
#12836=CARTESIAN_POINT('',(4864.100000016,406.4,927.1));
#12837=VERTEX_POINT('',#12836);
#12838=CARTESIAN_POINT('',(4864.100000016,406.4,927.1));
#12839=DIRECTION('',(-1.,0.,0.));
#12840=VECTOR('',#12839,19.05);
#12841=LINE('',#12838,#12840);
#12842=EDGE_CURVE('',#12837,#12829,#12841,.T.);
#12843=ORIENTED_EDGE('',*,*,#12842,.F.);
#12844=CARTESIAN_POINT('',(4864.100000016,120.65,927.1));
#12845=VERTEX_POINT('',#12844);
#12846=CARTESIAN_POINT('',(4864.100000016,406.4,927.1));
#12847=DIRECTION('',(0.,-1.,0.));
#12848=VECTOR('',#12847,285.75);
#12849=LINE('',#12846,#12848);
#12850=EDGE_CURVE('',#12837,#12845,#12849,.T.);
#12851=ORIENTED_EDGE('',*,*,#12850,.T.);
#12852=CARTESIAN_POINT('',(4864.100000016,120.65,927.1));
#12853=DIRECTION('',(-1.,0.,0.));
#12854=VECTOR('',#12853,19.05);
#12855=LINE('',#12852,#12854);
#12856=EDGE_CURVE('',#12845,#12782,#12855,.T.);
#12857=ORIENTED_EDGE('',*,*,#12856,.T.);
#12858=ORIENTED_EDGE('',*,*,#12787,.F.);
#12859=EDGE_LOOP('',(#12811,#12819,#12827,#12835,#12843,#12851,#12857,#12858));
#12860=FACE_BOUND('',#12859,.T.);
#12861=ADVANCED_FACE('',(#12860),#12803,.F.);
#12862=CARTESIAN_POINT('',(4849.812500016,406.4,2609.85));
#12863=DIRECTION('',(0.,0.,-1.));
#12864=DIRECTION('',(-1.,0.,0.));
#12865=AXIS2_PLACEMENT_3D('',#12862,#12863,#12864);
#12866=PLANE('',#12865);
#12867=CARTESIAN_POINT('',(4854.575000016,381.,2609.85));
#12868=VERTEX_POINT('',#12867);
#12869=CARTESIAN_POINT('',(4845.050000016,381.,2609.85));
#12870=DIRECTION('',(1.,0.,-0.));
#12871=VECTOR('',#12870,9.525);
#12872=LINE('',#12869,#12871);
#12873=EDGE_CURVE('',#12764,#12868,#12872,.T.);
#12874=ORIENTED_EDGE('',*,*,#12873,.F.);
#12875=ORIENTED_EDGE('',*,*,#12771,.T.);
#12876=CARTESIAN_POINT('',(4864.100000016,120.65,2609.85));
#12877=VERTEX_POINT('',#12876);
#12878=CARTESIAN_POINT('',(4845.050000016,120.65,2609.85));
#12879=DIRECTION('',(1.,0.,-0.));
#12880=VECTOR('',#12879,19.05);
#12881=LINE('',#12878,#12880);
#12882=EDGE_CURVE('',#12766,#12877,#12881,.T.);
#12883=ORIENTED_EDGE('',*,*,#12882,.T.);
#12884=CARTESIAN_POINT('',(4864.100000016,406.4,2609.85));
#12885=VERTEX_POINT('',#12884);
#12886=CARTESIAN_POINT('',(4864.100000016,406.4,2609.85));
#12887=DIRECTION('',(0.,-1.,0.));
#12888=VECTOR('',#12887,285.75);
#12889=LINE('',#12886,#12888);
#12890=EDGE_CURVE('',#12885,#12877,#12889,.T.);
#12891=ORIENTED_EDGE('',*,*,#12890,.F.);
#12892=CARTESIAN_POINT('',(4845.050000016,406.4,2609.85));
#12893=VERTEX_POINT('',#12892);
#12894=CARTESIAN_POINT('',(4845.050000016,406.4,2609.85));
#12895=DIRECTION('',(1.,0.,-0.));
#12896=VECTOR('',#12895,19.05);
#12897=LINE('',#12894,#12896);
#12898=EDGE_CURVE('',#12893,#12885,#12897,.T.);
#12899=ORIENTED_EDGE('',*,*,#12898,.F.);
#12900=CARTESIAN_POINT('',(4845.050000016,387.35,2609.85));
#12901=VERTEX_POINT('',#12900);
#12902=CARTESIAN_POINT('',(4845.050000016,406.4,2609.85));
#12903=DIRECTION('',(0.,-1.,0.));
#12904=VECTOR('',#12903,19.05);
#12905=LINE('',#12902,#12904);
#12906=EDGE_CURVE('',#12893,#12901,#12905,.T.);
#12907=ORIENTED_EDGE('',*,*,#12906,.T.);
#12908=CARTESIAN_POINT('',(4854.575000016,387.35,2609.85));
#12909=VERTEX_POINT('',#12908);
#12910=CARTESIAN_POINT('',(4845.050000016,387.35,2609.85));
#12911=DIRECTION('',(1.,0.,-0.));
#12912=VECTOR('',#12911,9.525);
#12913=LINE('',#12910,#12912);
#12914=EDGE_CURVE('',#12901,#12909,#12913,.T.);
#12915=ORIENTED_EDGE('',*,*,#12914,.T.);
#12916=CARTESIAN_POINT('',(4854.575000016,387.35,2609.85));
#12917=DIRECTION('',(0.,-1.,0.));
#12918=VECTOR('',#12917,6.35);
#12919=LINE('',#12916,#12918);
#12920=EDGE_CURVE('',#12909,#12868,#12919,.T.);
#12921=ORIENTED_EDGE('',*,*,#12920,.T.);
#12922=EDGE_LOOP('',(#12874,#12875,#12883,#12891,#12899,#12907,#12915,#12921));
#12923=FACE_BOUND('',#12922,.T.);
#12924=ADVANCED_FACE('',(#12923),#12866,.F.);
#12925=CARTESIAN_POINT('',(4864.100000016,406.4,1768.475));
#12926=DIRECTION('',(1.,0.,0.));
#12927=DIRECTION('',(0.,0.,-1.));
#12928=AXIS2_PLACEMENT_3D('',#12925,#12926,#12927);
#12929=PLANE('',#12928);
#12930=CARTESIAN_POINT('',(4864.100000016,120.65,927.1));
#12931=DIRECTION('',(-0.,0.,1.));
#12932=VECTOR('',#12931,1682.75);
#12933=LINE('',#12930,#12932);
#12934=EDGE_CURVE('',#12845,#12877,#12933,.T.);
#12935=ORIENTED_EDGE('',*,*,#12934,.F.);
#12936=ORIENTED_EDGE('',*,*,#12850,.F.);
#12937=CARTESIAN_POINT('',(4864.100000016,406.4,927.1));
#12938=DIRECTION('',(-0.,0.,1.));
#12939=VECTOR('',#12938,1682.75);
#12940=LINE('',#12937,#12939);
#12941=EDGE_CURVE('',#12837,#12885,#12940,.T.);
#12942=ORIENTED_EDGE('',*,*,#12941,.T.);
#12943=ORIENTED_EDGE('',*,*,#12890,.T.);
#12944=EDGE_LOOP('',(#12935,#12936,#12942,#12943));
#12945=FACE_BOUND('',#12944,.T.);
#12946=ADVANCED_FACE('',(#12945),#12929,.T.);
#12947=CARTESIAN_POINT('',(4845.050000016,406.4,2605.0875));
#12948=DIRECTION('',(-1.,0.,0.));
#12949=DIRECTION('',(0.,0.,1.));
#12950=AXIS2_PLACEMENT_3D('',#12947,#12948,#12949);
#12951=PLANE('',#12950);
#12952=CARTESIAN_POINT('',(4845.050000016,387.35,2609.85));
#12953=DIRECTION('',(0.,0.,-1.));
#12954=VECTOR('',#12953,1682.75);
#12955=LINE('',#12952,#12954);
#12956=EDGE_CURVE('',#12901,#12821,#12955,.T.);
#12957=ORIENTED_EDGE('',*,*,#12956,.F.);
#12958=ORIENTED_EDGE('',*,*,#12906,.F.);
#12959=CARTESIAN_POINT('',(4845.050000016,406.4,2609.85));
#12960=DIRECTION('',(0.,0.,-1.));
#12961=VECTOR('',#12960,1682.75);
#12962=LINE('',#12959,#12961);
#12963=EDGE_CURVE('',#12893,#12829,#12962,.T.);
#12964=ORIENTED_EDGE('',*,*,#12963,.T.);
#12965=ORIENTED_EDGE('',*,*,#12834,.T.);
#12966=EDGE_LOOP('',(#12957,#12958,#12964,#12965));
#12967=FACE_BOUND('',#12966,.T.);
#12968=ADVANCED_FACE('',(#12967),#12951,.T.);
#12969=CARTESIAN_POINT('',(4003.675000016,406.4,927.1));
#12970=DIRECTION('',(0.,-1.,0.));
#12971=DIRECTION('',(1.,0.,0.));
#12972=AXIS2_PLACEMENT_3D('',#12969,#12970,#12971);
#12973=PLANE('',#12972);
#12974=ORIENTED_EDGE('',*,*,#12842,.T.);
#12975=ORIENTED_EDGE('',*,*,#12963,.F.);
#12976=ORIENTED_EDGE('',*,*,#12898,.T.);
#12977=ORIENTED_EDGE('',*,*,#12941,.F.);
#12978=EDGE_LOOP('',(#12974,#12975,#12976,#12977));
#12979=FACE_BOUND('',#12978,.T.);
#12980=ADVANCED_FACE('',(#12979),#12973,.F.);
#12981=CARTESIAN_POINT('',(4003.675000016,120.65,927.1));
#12982=DIRECTION('',(0.,-1.,0.));
#12983=DIRECTION('',(1.,0.,0.));
#12984=AXIS2_PLACEMENT_3D('',#12981,#12982,#12983);
#12985=PLANE('',#12984);
#12986=ORIENTED_EDGE('',*,*,#12856,.F.);
#12987=ORIENTED_EDGE('',*,*,#12934,.T.);
#12988=ORIENTED_EDGE('',*,*,#12882,.F.);
#12989=ORIENTED_EDGE('',*,*,#12793,.T.);
#12990=EDGE_LOOP('',(#12986,#12987,#12988,#12989));
#12991=FACE_BOUND('',#12990,.T.);
#12992=ADVANCED_FACE('',(#12991),#12985,.T.);
#12993=CARTESIAN_POINT('',(4854.575000016,387.35,1768.475));
#12994=DIRECTION('',(-1.,0.,-0.));
#12995=DIRECTION('',(-0.,0.,1.));
#12996=AXIS2_PLACEMENT_3D('',#12993,#12994,#12995);
#12997=PLANE('',#12996);
#12998=CARTESIAN_POINT('',(4854.575000016,381.,2609.85));
#12999=DIRECTION('',(0.,0.,-1.));
#13000=VECTOR('',#12999,1682.75);
#13001=LINE('',#12998,#13000);
#13002=EDGE_CURVE('',#12868,#12805,#13001,.T.);
#13003=ORIENTED_EDGE('',*,*,#13002,.F.);
#13004=ORIENTED_EDGE('',*,*,#12920,.F.);
#13005=CARTESIAN_POINT('',(4854.575000016,387.35,2609.85));
#13006=DIRECTION('',(0.,0.,-1.));
#13007=VECTOR('',#13006,1682.75);
#13008=LINE('',#13005,#13007);
#13009=EDGE_CURVE('',#12909,#12813,#13008,.T.);
#13010=ORIENTED_EDGE('',*,*,#13009,.T.);
#13011=ORIENTED_EDGE('',*,*,#12818,.T.);
#13012=EDGE_LOOP('',(#13003,#13004,#13010,#13011));
#13013=FACE_BOUND('',#13012,.T.);
#13014=ADVANCED_FACE('',(#13013),#12997,.T.);
#13015=CARTESIAN_POINT('',(4003.675000016,387.35,927.1));
#13016=DIRECTION('',(0.,-1.,0.));
#13017=DIRECTION('',(1.,0.,0.));
#13018=AXIS2_PLACEMENT_3D('',#13015,#13016,#13017);
#13019=PLANE('',#13018);
#13020=ORIENTED_EDGE('',*,*,#13009,.F.);
#13021=ORIENTED_EDGE('',*,*,#12914,.F.);
#13022=ORIENTED_EDGE('',*,*,#12956,.T.);
#13023=ORIENTED_EDGE('',*,*,#12826,.F.);
#13024=EDGE_LOOP('',(#13020,#13021,#13022,#13023));
#13025=FACE_BOUND('',#13024,.T.);
#13026=ADVANCED_FACE('',(#13025),#13019,.T.);
#13027=CARTESIAN_POINT('',(4003.675000016,381.,927.1));
#13028=DIRECTION('',(0.,-1.,0.));
#13029=DIRECTION('',(1.,0.,0.));
#13030=AXIS2_PLACEMENT_3D('',#13027,#13028,#13029);
#13031=PLANE('',#13030);
#13032=ORIENTED_EDGE('',*,*,#13002,.T.);
#13033=ORIENTED_EDGE('',*,*,#12810,.T.);
#13034=ORIENTED_EDGE('',*,*,#12779,.F.);
#13035=ORIENTED_EDGE('',*,*,#12873,.T.);
#13036=EDGE_LOOP('',(#13032,#13033,#13034,#13035));
#13037=FACE_BOUND('',#13036,.T.);
#13038=ADVANCED_FACE('',(#13037),#13031,.F.);
#13039=CLOSED_SHELL('',(#12797,#12861,#12924,#12946,#12968,#12980,#12992,#13014,#13026,#13038));
#13040=MANIFOLD_SOLID_BREP('[Panel] Right',#13039);
#12757=STYLED_ITEM('',(#267),#13040);
#13042=CARTESIAN_POINT('',(4854.575000016,384.175,917.575));
#13043=DIRECTION('',(-1.,-0.,0.));
#13044=DIRECTION('',(0.,-1.,0.));
#13045=AXIS2_PLACEMENT_3D('',#13042,#13043,#13044);
#13046=PLANE('',#13045);
#13047=CARTESIAN_POINT('',(4854.575000016,387.35,2600.325));
#13048=VERTEX_POINT('',#13047);
#13049=CARTESIAN_POINT('',(4854.575000016,381.,2600.325));
#13050=VERTEX_POINT('',#13049);
#13051=CARTESIAN_POINT('',(4854.575000016,387.35,2600.325));
#13052=DIRECTION('',(0.,-1.,0.));
#13053=VECTOR('',#13052,6.35);
#13054=LINE('',#13051,#13053);
#13055=EDGE_CURVE('',#13048,#13050,#13054,.T.);
#13056=ORIENTED_EDGE('',*,*,#13055,.T.);
#13057=CARTESIAN_POINT('',(4854.575000016,381.,917.575));
#13058=VERTEX_POINT('',#13057);
#13059=CARTESIAN_POINT('',(4854.575000016,381.,917.575));
#13060=DIRECTION('',(0.,0.,1.));
#13061=VECTOR('',#13060,1682.75);
#13062=LINE('',#13059,#13061);
#13063=EDGE_CURVE('',#13058,#13050,#13062,.T.);
#13064=ORIENTED_EDGE('',*,*,#13063,.F.);
#13065=CARTESIAN_POINT('',(4854.575000016,387.35,917.575));
#13066=VERTEX_POINT('',#13065);
#13067=CARTESIAN_POINT('',(4854.575000016,387.35,917.575));
#13068=DIRECTION('',(0.,-1.,0.));
#13069=VECTOR('',#13068,6.35);
#13070=LINE('',#13067,#13069);
#13071=EDGE_CURVE('',#13066,#13058,#13070,.T.);
#13072=ORIENTED_EDGE('',*,*,#13071,.F.);
#13073=CARTESIAN_POINT('',(4854.575000016,387.35,917.575));
#13074=DIRECTION('',(0.,0.,1.));
#13075=VECTOR('',#13074,1682.75);
#13076=LINE('',#13073,#13075);
#13077=EDGE_CURVE('',#13066,#13048,#13076,.T.);
#13078=ORIENTED_EDGE('',*,*,#13077,.T.);
#13079=EDGE_LOOP('',(#13056,#13064,#13072,#13078));
#13080=FACE_BOUND('',#13079,.T.);
#13081=ADVANCED_FACE('',(#13080),#13046,.F.);
#13082=CARTESIAN_POINT('',(4433.887500016,387.35,917.575));
#13083=DIRECTION('',(0.,-1.,0.));
#13084=DIRECTION('',(0.,0.,-1.));
#13085=AXIS2_PLACEMENT_3D('',#13082,#13083,#13084);
#13086=PLANE('',#13085);
#13087=CARTESIAN_POINT('',(4013.200000016,387.35,2600.325));
#13088=VERTEX_POINT('',#13087);
#13089=CARTESIAN_POINT('',(4013.200000016,387.35,2600.325));
#13090=DIRECTION('',(1.,0.,-0.));
#13091=VECTOR('',#13090,841.375);
#13092=LINE('',#13089,#13091);
#13093=EDGE_CURVE('',#13088,#13048,#13092,.T.);
#13094=ORIENTED_EDGE('',*,*,#13093,.T.);
#13095=ORIENTED_EDGE('',*,*,#13077,.F.);
#13096=CARTESIAN_POINT('',(4013.200000016,387.35,917.575));
#13097=VERTEX_POINT('',#13096);
#13098=CARTESIAN_POINT('',(4013.200000016,387.35,917.575));
#13099=DIRECTION('',(1.,0.,-0.));
#13100=VECTOR('',#13099,841.375);
#13101=LINE('',#13098,#13100);
#13102=EDGE_CURVE('',#13097,#13066,#13101,.T.);
#13103=ORIENTED_EDGE('',*,*,#13102,.F.);
#13104=CARTESIAN_POINT('',(4013.200000016,387.35,917.575));
#13105=DIRECTION('',(0.,0.,1.));
#13106=VECTOR('',#13105,1682.75);
#13107=LINE('',#13104,#13106);
#13108=EDGE_CURVE('',#13097,#13088,#13107,.T.);
#13109=ORIENTED_EDGE('',*,*,#13108,.T.);
#13110=EDGE_LOOP('',(#13094,#13095,#13103,#13109));
#13111=FACE_BOUND('',#13110,.T.);
#13112=ADVANCED_FACE('',(#13111),#13086,.F.);
#13113=CARTESIAN_POINT('',(4013.200000016,384.175,917.575));
#13114=DIRECTION('',(1.,0.,0.));
#13115=DIRECTION('',(0.,0.,-1.));
#13116=AXIS2_PLACEMENT_3D('',#13113,#13114,#13115);
#13117=PLANE('',#13116);
#13118=CARTESIAN_POINT('',(4013.200000016,381.,2600.325));
#13119=VERTEX_POINT('',#13118);
#13120=CARTESIAN_POINT('',(4013.200000016,381.,2600.325));
#13121=DIRECTION('',(0.,1.,0.));
#13122=VECTOR('',#13121,6.35);
#13123=LINE('',#13120,#13122);
#13124=EDGE_CURVE('',#13119,#13088,#13123,.T.);
#13125=ORIENTED_EDGE('',*,*,#13124,.T.);
#13126=ORIENTED_EDGE('',*,*,#13108,.F.);
#13127=CARTESIAN_POINT('',(4013.200000016,381.,917.575));
#13128=VERTEX_POINT('',#13127);
#13129=CARTESIAN_POINT('',(4013.200000016,381.,917.575));
#13130=DIRECTION('',(0.,1.,0.));
#13131=VECTOR('',#13130,6.35);
#13132=LINE('',#13129,#13131);
#13133=EDGE_CURVE('',#13128,#13097,#13132,.T.);
#13134=ORIENTED_EDGE('',*,*,#13133,.F.);
#13135=CARTESIAN_POINT('',(4013.200000016,381.,917.575));
#13136=DIRECTION('',(0.,0.,1.));
#13137=VECTOR('',#13136,1682.75);
#13138=LINE('',#13135,#13137);
#13139=EDGE_CURVE('',#13128,#13119,#13138,.T.);
#13140=ORIENTED_EDGE('',*,*,#13139,.T.);
#13141=EDGE_LOOP('',(#13125,#13126,#13134,#13140));
#13142=FACE_BOUND('',#13141,.T.);
#13143=ADVANCED_FACE('',(#13142),#13117,.F.);
#13144=CARTESIAN_POINT('',(4433.887500016,381.,917.575));
#13145=DIRECTION('',(0.,1.,0.));
#13146=DIRECTION('',(-1.,0.,0.));
#13147=AXIS2_PLACEMENT_3D('',#13144,#13145,#13146);
#13148=PLANE('',#13147);
#13149=CARTESIAN_POINT('',(4854.575000016,381.,2600.325));
#13150=DIRECTION('',(-1.,0.,0.));
#13151=VECTOR('',#13150,841.375);
#13152=LINE('',#13149,#13151);
#13153=EDGE_CURVE('',#13050,#13119,#13152,.T.);
#13154=ORIENTED_EDGE('',*,*,#13153,.T.);
#13155=ORIENTED_EDGE('',*,*,#13139,.F.);
#13156=CARTESIAN_POINT('',(4854.575000016,381.,917.575));
#13157=DIRECTION('',(-1.,0.,0.));
#13158=VECTOR('',#13157,841.375);
#13159=LINE('',#13156,#13158);
#13160=EDGE_CURVE('',#13058,#13128,#13159,.T.);
#13161=ORIENTED_EDGE('',*,*,#13160,.F.);
#13162=ORIENTED_EDGE('',*,*,#13063,.T.);
#13163=EDGE_LOOP('',(#13154,#13155,#13161,#13162));
#13164=FACE_BOUND('',#13163,.T.);
#13165=ADVANCED_FACE('',(#13164),#13148,.F.);
#13166=OVER_RIDING_STYLED_ITEM('',(#1269),#13165,#13041);
#13167=CARTESIAN_POINT('',(4003.675000016,120.65,917.575));
#13168=DIRECTION('',(0.,0.,1.));
#13169=DIRECTION('',(1.,0.,0.));
#13170=AXIS2_PLACEMENT_3D('',#13167,#13168,#13169);
#13171=PLANE('',#13170);
#13172=ORIENTED_EDGE('',*,*,#13071,.T.);
#13173=ORIENTED_EDGE('',*,*,#13160,.T.);
#13174=ORIENTED_EDGE('',*,*,#13133,.T.);
#13175=ORIENTED_EDGE('',*,*,#13102,.T.);
#13176=EDGE_LOOP('',(#13172,#13173,#13174,#13175));
#13177=FACE_BOUND('',#13176,.T.);
#13178=ADVANCED_FACE('',(#13177),#13171,.F.);
#13179=CARTESIAN_POINT('',(4003.675000016,120.65,2600.325));
#13180=DIRECTION('',(0.,0.,1.));
#13181=DIRECTION('',(1.,0.,0.));
#13182=AXIS2_PLACEMENT_3D('',#13179,#13180,#13181);
#13183=PLANE('',#13182);
#13184=ORIENTED_EDGE('',*,*,#13055,.F.);
#13185=ORIENTED_EDGE('',*,*,#13093,.F.);
#13186=ORIENTED_EDGE('',*,*,#13124,.F.);
#13187=ORIENTED_EDGE('',*,*,#13153,.F.);
#13188=EDGE_LOOP('',(#13184,#13185,#13186,#13187));
#13189=FACE_BOUND('',#13188,.T.);
#13190=ADVANCED_FACE('',(#13189),#13183,.T.);
#13191=CLOSED_SHELL('',(#13081,#13112,#13143,#13165,#13178,#13190));
#13192=MANIFOLD_SOLID_BREP('[Panel] Back',#13191);
#13041=STYLED_ITEM('',(#267),#13192);
#13194=CARTESIAN_POINT('',(4433.887500016,406.4,2489.2));
#13195=DIRECTION('',(-0.,0.,1.));
#13196=DIRECTION('',(1.,0.,0.));
#13197=AXIS2_PLACEMENT_3D('',#13194,#13195,#13196);
#13198=PLANE('',#13197);
#13199=CARTESIAN_POINT('',(4845.050000016,387.35,2489.2));
#13200=VERTEX_POINT('',#13199);
#13201=CARTESIAN_POINT('',(4022.725000016,387.35,2489.2));
#13202=VERTEX_POINT('',#13201);
#13203=CARTESIAN_POINT('',(4845.050000016,387.35,2489.2));
#13204=DIRECTION('',(-1.,0.,-0.));
#13205=VECTOR('',#13204,822.325);
#13206=LINE('',#13203,#13205);
#13207=EDGE_CURVE('',#13200,#13202,#13206,.T.);
#13208=ORIENTED_EDGE('',*,*,#13207,.T.);
#13209=CARTESIAN_POINT('',(4022.725000016,406.4,2489.2));
#13210=VERTEX_POINT('',#13209);
#13211=CARTESIAN_POINT('',(4022.725000016,406.4,2489.2));
#13212=DIRECTION('',(0.,-1.,0.));
#13213=VECTOR('',#13212,19.05);
#13214=LINE('',#13211,#13213);
#13215=EDGE_CURVE('',#13210,#13202,#13214,.T.);
#13216=ORIENTED_EDGE('',*,*,#13215,.F.);
#13217=CARTESIAN_POINT('',(4845.050000016,406.4,2489.2));
#13218=VERTEX_POINT('',#13217);
#13219=CARTESIAN_POINT('',(4845.050000016,406.4,2489.2));
#13220=DIRECTION('',(-1.,0.,-0.));
#13221=VECTOR('',#13220,822.325);
#13222=LINE('',#13219,#13221);
#13223=EDGE_CURVE('',#13218,#13210,#13222,.T.);
#13224=ORIENTED_EDGE('',*,*,#13223,.F.);
#13225=CARTESIAN_POINT('',(4845.050000016,406.4,2489.2));
#13226=DIRECTION('',(0.,-1.,0.));
#13227=VECTOR('',#13226,19.05);
#13228=LINE('',#13225,#13227);
#13229=EDGE_CURVE('',#13218,#13200,#13228,.T.);
#13230=ORIENTED_EDGE('',*,*,#13229,.T.);
#13231=EDGE_LOOP('',(#13208,#13216,#13224,#13230));
#13232=FACE_BOUND('',#13231,.T.);
#13233=ADVANCED_FACE('',(#13232),#13198,.F.);
#13234=CARTESIAN_POINT('',(4845.050000016,406.4,2540.));
#13235=DIRECTION('',(-1.,0.,0.));
#13236=DIRECTION('',(0.,0.,1.));
#13237=AXIS2_PLACEMENT_3D('',#13234,#13235,#13236);
#13238=PLANE('',#13237);
#13239=CARTESIAN_POINT('',(4845.050000016,387.35,2590.8));
#13240=VERTEX_POINT('',#13239);
#13241=CARTESIAN_POINT('',(4845.050000016,387.35,2590.8));
#13242=DIRECTION('',(0.,0.,-1.));
#13243=VECTOR('',#13242,101.6);
#13244=LINE('',#13241,#13243);
#13245=EDGE_CURVE('',#13240,#13200,#13244,.T.);
#13246=ORIENTED_EDGE('',*,*,#13245,.T.);
#13247=ORIENTED_EDGE('',*,*,#13229,.F.);
#13248=CARTESIAN_POINT('',(4845.050000016,406.4,2590.8));
#13249=VERTEX_POINT('',#13248);
#13250=CARTESIAN_POINT('',(4845.050000016,406.4,2590.8));
#13251=DIRECTION('',(0.,0.,-1.));
#13252=VECTOR('',#13251,101.6);
#13253=LINE('',#13250,#13252);
#13254=EDGE_CURVE('',#13249,#13218,#13253,.T.);
#13255=ORIENTED_EDGE('',*,*,#13254,.F.);
#13256=CARTESIAN_POINT('',(4845.050000016,406.4,2590.8));
#13257=DIRECTION('',(0.,-1.,0.));
#13258=VECTOR('',#13257,19.05);
#13259=LINE('',#13256,#13258);
#13260=EDGE_CURVE('',#13249,#13240,#13259,.T.);
#13261=ORIENTED_EDGE('',*,*,#13260,.T.);
#13262=EDGE_LOOP('',(#13246,#13247,#13255,#13261));
#13263=FACE_BOUND('',#13262,.T.);
#13264=ADVANCED_FACE('',(#13263),#13238,.F.);
#13265=CARTESIAN_POINT('',(4433.887500016,406.4,2590.8));
#13266=DIRECTION('',(0.,0.,-1.));
#13267=DIRECTION('',(-1.,0.,-0.));
#13268=AXIS2_PLACEMENT_3D('',#13265,#13266,#13267);
#13269=PLANE('',#13268);
#13270=CARTESIAN_POINT('',(4022.725000016,387.35,2590.8));
#13271=VERTEX_POINT('',#13270);
#13272=CARTESIAN_POINT('',(4022.725000016,387.35,2590.8));
#13273=DIRECTION('',(1.,0.,0.));
#13274=VECTOR('',#13273,822.325);
#13275=LINE('',#13272,#13274);
#13276=EDGE_CURVE('',#13271,#13240,#13275,.T.);
#13277=ORIENTED_EDGE('',*,*,#13276,.T.);
#13278=ORIENTED_EDGE('',*,*,#13260,.F.);
#13279=CARTESIAN_POINT('',(4022.725000016,406.4,2590.8));
#13280=VERTEX_POINT('',#13279);
#13281=CARTESIAN_POINT('',(4022.725000016,406.4,2590.8));
#13282=DIRECTION('',(1.,0.,0.));
#13283=VECTOR('',#13282,822.325);
#13284=LINE('',#13281,#13283);
#13285=EDGE_CURVE('',#13280,#13249,#13284,.T.);
#13286=ORIENTED_EDGE('',*,*,#13285,.F.);
#13287=CARTESIAN_POINT('',(4022.725000016,406.4,2590.8));
#13288=DIRECTION('',(0.,-1.,0.));
#13289=VECTOR('',#13288,19.05);
#13290=LINE('',#13287,#13289);
#13291=EDGE_CURVE('',#13280,#13271,#13290,.T.);
#13292=ORIENTED_EDGE('',*,*,#13291,.T.);
#13293=EDGE_LOOP('',(#13277,#13278,#13286,#13292));
#13294=FACE_BOUND('',#13293,.T.);
#13295=ADVANCED_FACE('',(#13294),#13269,.F.);
#13296=CARTESIAN_POINT('',(4022.725000016,406.4,2540.));
#13297=DIRECTION('',(1.,0.,0.));
#13298=DIRECTION('',(0.,0.,-1.));
#13299=AXIS2_PLACEMENT_3D('',#13296,#13297,#13298);
#13300=PLANE('',#13299);
#13301=CARTESIAN_POINT('',(4022.725000016,387.35,2489.2));
#13302=DIRECTION('',(-0.,0.,1.));
#13303=VECTOR('',#13302,101.6);
#13304=LINE('',#13301,#13303);
#13305=EDGE_CURVE('',#13202,#13271,#13304,.T.);
#13306=ORIENTED_EDGE('',*,*,#13305,.T.);
#13307=ORIENTED_EDGE('',*,*,#13291,.F.);
#13308=CARTESIAN_POINT('',(4022.725000016,406.4,2489.2));
#13309=DIRECTION('',(-0.,0.,1.));
#13310=VECTOR('',#13309,101.6);
#13311=LINE('',#13308,#13310);
#13312=EDGE_CURVE('',#13210,#13280,#13311,.T.);
#13313=ORIENTED_EDGE('',*,*,#13312,.F.);
#13314=ORIENTED_EDGE('',*,*,#13215,.T.);
#13315=EDGE_LOOP('',(#13306,#13307,#13313,#13314));
#13316=FACE_BOUND('',#13315,.T.);
#13317=ADVANCED_FACE('',(#13316),#13300,.F.);
#13318=CARTESIAN_POINT('',(4003.675000016,406.4,927.1));
#13319=DIRECTION('',(0.,-1.,0.));
#13320=DIRECTION('',(1.,0.,0.));
#13321=AXIS2_PLACEMENT_3D('',#13318,#13319,#13320);
#13322=PLANE('',#13321);
#13323=ORIENTED_EDGE('',*,*,#13223,.T.);
#13324=ORIENTED_EDGE('',*,*,#13312,.T.);
#13325=ORIENTED_EDGE('',*,*,#13285,.T.);
#13326=ORIENTED_EDGE('',*,*,#13254,.T.);
#13327=EDGE_LOOP('',(#13323,#13324,#13325,#13326));
#13328=FACE_BOUND('',#13327,.T.);
#13329=ADVANCED_FACE('',(#13328),#13322,.F.);
#13330=CARTESIAN_POINT('',(4003.675000016,387.35,927.1));
#13331=DIRECTION('',(0.,-1.,0.));
#13332=DIRECTION('',(1.,0.,0.));
#13333=AXIS2_PLACEMENT_3D('',#13330,#13331,#13332);
#13334=PLANE('',#13333);
#13335=ORIENTED_EDGE('',*,*,#13207,.F.);
#13336=ORIENTED_EDGE('',*,*,#13245,.F.);
#13337=ORIENTED_EDGE('',*,*,#13276,.F.);
#13338=ORIENTED_EDGE('',*,*,#13305,.F.);
#13339=EDGE_LOOP('',(#13335,#13336,#13337,#13338));
#13340=FACE_BOUND('',#13339,.T.);
#13341=ADVANCED_FACE('',(#13340),#13334,.T.);
#13342=CLOSED_SHELL('',(#13233,#13264,#13295,#13317,#13329,#13341));
#13343=MANIFOLD_SOLID_BREP('[Nailer] Top',#13342);
#13193=STYLED_ITEM('',(#267),#13343);
#13345=CARTESIAN_POINT('',(4845.050000016,406.4,996.95));
#13346=DIRECTION('',(-1.,0.,-0.));
#13347=DIRECTION('',(-0.,0.,1.));
#13348=AXIS2_PLACEMENT_3D('',#13345,#13346,#13347);
#13349=PLANE('',#13348);
#13350=CARTESIAN_POINT('',(4845.050000016,387.35,1047.75));
#13351=VERTEX_POINT('',#13350);
#13352=CARTESIAN_POINT('',(4845.050000016,387.35,946.15));
#13353=VERTEX_POINT('',#13352);
#13354=CARTESIAN_POINT('',(4845.050000016,387.35,1047.75));
#13355=DIRECTION('',(0.,0.,-1.));
#13356=VECTOR('',#13355,101.6);
#13357=LINE('',#13354,#13356);
#13358=EDGE_CURVE('',#13351,#13353,#13357,.T.);
#13359=ORIENTED_EDGE('',*,*,#13358,.T.);
#13360=CARTESIAN_POINT('',(4845.050000016,406.4,946.15));
#13361=VERTEX_POINT('',#13360);
#13362=CARTESIAN_POINT('',(4845.050000016,406.4,946.15));
#13363=DIRECTION('',(0.,-1.,0.));
#13364=VECTOR('',#13363,19.05);
#13365=LINE('',#13362,#13364);
#13366=EDGE_CURVE('',#13361,#13353,#13365,.T.);
#13367=ORIENTED_EDGE('',*,*,#13366,.F.);
#13368=CARTESIAN_POINT('',(4845.050000016,406.4,1047.75));
#13369=VERTEX_POINT('',#13368);
#13370=CARTESIAN_POINT('',(4845.050000016,406.4,1047.75));
#13371=DIRECTION('',(0.,0.,-1.));
#13372=VECTOR('',#13371,101.6);
#13373=LINE('',#13370,#13372);
#13374=EDGE_CURVE('',#13369,#13361,#13373,.T.);
#13375=ORIENTED_EDGE('',*,*,#13374,.F.);
#13376=CARTESIAN_POINT('',(4845.050000016,406.4,1047.75));
#13377=DIRECTION('',(0.,-1.,0.));
#13378=VECTOR('',#13377,19.05);
#13379=LINE('',#13376,#13378);
#13380=EDGE_CURVE('',#13369,#13351,#13379,.T.);
#13381=ORIENTED_EDGE('',*,*,#13380,.T.);
#13382=EDGE_LOOP('',(#13359,#13367,#13375,#13381));
#13383=FACE_BOUND('',#13382,.T.);
#13384=ADVANCED_FACE('',(#13383),#13349,.F.);
#13385=CARTESIAN_POINT('',(4433.887500016,406.4,1047.75));
#13386=DIRECTION('',(-0.,0.,1.));
#13387=DIRECTION('',(1.,0.,0.));
#13388=AXIS2_PLACEMENT_3D('',#13385,#13386,#13387);
#13389=PLANE('',#13388);
#13390=CARTESIAN_POINT('',(4022.725000016,387.35,1047.75));
#13391=VERTEX_POINT('',#13390);
#13392=CARTESIAN_POINT('',(4845.050000016,387.35,1047.75));
#13393=DIRECTION('',(-1.,0.,-0.));
#13394=VECTOR('',#13393,822.325);
#13395=LINE('',#13392,#13394);
#13396=EDGE_CURVE('',#13351,#13391,#13395,.T.);
#13397=ORIENTED_EDGE('',*,*,#13396,.F.);
#13398=ORIENTED_EDGE('',*,*,#13380,.F.);
#13399=CARTESIAN_POINT('',(4022.725000016,406.4,1047.75));
#13400=VERTEX_POINT('',#13399);
#13401=CARTESIAN_POINT('',(4845.050000016,406.4,1047.75));
#13402=DIRECTION('',(-1.,0.,-0.));
#13403=VECTOR('',#13402,822.325);
#13404=LINE('',#13401,#13403);
#13405=EDGE_CURVE('',#13369,#13400,#13404,.T.);
#13406=ORIENTED_EDGE('',*,*,#13405,.T.);
#13407=CARTESIAN_POINT('',(4022.725000016,406.4,1047.75));
#13408=DIRECTION('',(0.,-1.,0.));
#13409=VECTOR('',#13408,19.05);
#13410=LINE('',#13407,#13409);
#13411=EDGE_CURVE('',#13400,#13391,#13410,.T.);
#13412=ORIENTED_EDGE('',*,*,#13411,.T.);
#13413=EDGE_LOOP('',(#13397,#13398,#13406,#13412));
#13414=FACE_BOUND('',#13413,.T.);
#13415=ADVANCED_FACE('',(#13414),#13389,.T.);
#13416=CARTESIAN_POINT('',(4022.725000016,406.4,996.95));
#13417=DIRECTION('',(1.,0.,0.));
#13418=DIRECTION('',(0.,0.,-1.));
#13419=AXIS2_PLACEMENT_3D('',#13416,#13417,#13418);
#13420=PLANE('',#13419);
#13421=CARTESIAN_POINT('',(4022.725000016,387.35,946.15));
#13422=VERTEX_POINT('',#13421);
#13423=CARTESIAN_POINT('',(4022.725000016,387.35,946.15));
#13424=DIRECTION('',(-0.,0.,1.));
#13425=VECTOR('',#13424,101.6);
#13426=LINE('',#13423,#13425);
#13427=EDGE_CURVE('',#13422,#13391,#13426,.T.);
#13428=ORIENTED_EDGE('',*,*,#13427,.T.);
#13429=ORIENTED_EDGE('',*,*,#13411,.F.);
#13430=CARTESIAN_POINT('',(4022.725000016,406.4,946.15));
#13431=VERTEX_POINT('',#13430);
#13432=CARTESIAN_POINT('',(4022.725000016,406.4,946.15));
#13433=DIRECTION('',(-0.,0.,1.));
#13434=VECTOR('',#13433,101.6);
#13435=LINE('',#13432,#13434);
#13436=EDGE_CURVE('',#13431,#13400,#13435,.T.);
#13437=ORIENTED_EDGE('',*,*,#13436,.F.);
#13438=CARTESIAN_POINT('',(4022.725000016,406.4,946.15));
#13439=DIRECTION('',(0.,-1.,0.));
#13440=VECTOR('',#13439,19.05);
#13441=LINE('',#13438,#13440);
#13442=EDGE_CURVE('',#13431,#13422,#13441,.T.);
#13443=ORIENTED_EDGE('',*,*,#13442,.T.);
#13444=EDGE_LOOP('',(#13428,#13429,#13437,#13443));
#13445=FACE_BOUND('',#13444,.T.);
#13446=ADVANCED_FACE('',(#13445),#13420,.F.);
#13447=CARTESIAN_POINT('',(4433.887500016,406.4,946.15));
#13448=DIRECTION('',(0.,0.,-1.));
#13449=DIRECTION('',(-1.,0.,-0.));
#13450=AXIS2_PLACEMENT_3D('',#13447,#13448,#13449);
#13451=PLANE('',#13450);
#13452=CARTESIAN_POINT('',(4022.725000016,387.35,946.15));
#13453=DIRECTION('',(1.,0.,0.));
#13454=VECTOR('',#13453,822.325);
#13455=LINE('',#13452,#13454);
#13456=EDGE_CURVE('',#13422,#13353,#13455,.T.);
#13457=ORIENTED_EDGE('',*,*,#13456,.F.);
#13458=ORIENTED_EDGE('',*,*,#13442,.F.);
#13459=CARTESIAN_POINT('',(4022.725000016,406.4,946.15));
#13460=DIRECTION('',(1.,0.,0.));
#13461=VECTOR('',#13460,822.325);
#13462=LINE('',#13459,#13461);
#13463=EDGE_CURVE('',#13431,#13361,#13462,.T.);
#13464=ORIENTED_EDGE('',*,*,#13463,.T.);
#13465=ORIENTED_EDGE('',*,*,#13366,.T.);
#13466=EDGE_LOOP('',(#13457,#13458,#13464,#13465));
#13467=FACE_BOUND('',#13466,.T.);
#13468=ADVANCED_FACE('',(#13467),#13451,.T.);
#13469=CARTESIAN_POINT('',(4003.675000016,406.4,927.1));
#13470=DIRECTION('',(0.,-1.,0.));
#13471=DIRECTION('',(1.,0.,0.));
#13472=AXIS2_PLACEMENT_3D('',#13469,#13470,#13471);
#13473=PLANE('',#13472);
#13474=ORIENTED_EDGE('',*,*,#13374,.T.);
#13475=ORIENTED_EDGE('',*,*,#13463,.F.);
#13476=ORIENTED_EDGE('',*,*,#13436,.T.);
#13477=ORIENTED_EDGE('',*,*,#13405,.F.);
#13478=EDGE_LOOP('',(#13474,#13475,#13476,#13477));
#13479=FACE_BOUND('',#13478,.T.);
#13480=ADVANCED_FACE('',(#13479),#13473,.F.);
#13481=CARTESIAN_POINT('',(4003.675000016,387.35,927.1));
#13482=DIRECTION('',(0.,-1.,0.));
#13483=DIRECTION('',(1.,0.,0.));
#13484=AXIS2_PLACEMENT_3D('',#13481,#13482,#13483);
#13485=PLANE('',#13484);
#13486=ORIENTED_EDGE('',*,*,#13358,.F.);
#13487=ORIENTED_EDGE('',*,*,#13396,.T.);
#13488=ORIENTED_EDGE('',*,*,#13427,.F.);
#13489=ORIENTED_EDGE('',*,*,#13456,.T.);
#13490=EDGE_LOOP('',(#13486,#13487,#13488,#13489));
#13491=FACE_BOUND('',#13490,.T.);
#13492=ADVANCED_FACE('',(#13491),#13485,.T.);
#13493=CLOSED_SHELL('',(#13384,#13415,#13446,#13468,#13480,#13492));
#13494=MANIFOLD_SOLID_BREP('[Nailer] Bottom',#13493);
#13344=STYLED_ITEM('',(#267),#13494);
#12018=SHAPE_REPRESENTATION('Upper Left',(#15),#12016);
#12019=ADVANCED_BREP_SHAPE_REPRESENTATION('Upper Left',(#12320,#12472,#12756,#13040,#13192,#13343,#13494),#12016);
#13502=SHAPE_REPRESENTATION_RELATIONSHIP('','',#12018,#12019);
#13503=CARTESIAN_POINT('',(0.,0.,0.));
#13504=DIRECTION('',(0.,0.,1.));
#13505=DIRECTION('',(1.,0.,0.));
#13506=AXIS2_PLACEMENT_3D('',#13503,#13504,#13505);
#13508=MAPPED_ITEM('',#13507,#13506);
#13507=REPRESENTATION_MAP(#13506,#12018);
#12026=PRODUCT('Upper Left','Upper Left','',(#1877));
#13509=PRODUCT_RELATED_PRODUCT_CATEGORY('part','',(#12026));
#13510=PRODUCT_DEFINITION_FORMATION_WITH_SPECIFIED_SOURCE('','',#12026,.NOT_KNOWN.);
#12027=PRODUCT_DEFINITION('design','',#13510,#1878);
#12025=PRODUCT_DEFINITION_SHAPE('','',#12027);
#13511=SHAPE_DEFINITION_REPRESENTATION(#12025,#12018);
#12017=DRAUGHTING_MODEL('',(#13508),#12016);
#13512=(NAMED_UNIT(*)PLANE_ANGLE_UNIT()SI_UNIT($,.RADIAN.));
#13513=PLANE_ANGLE_MEASURE_WITH_UNIT(PLANE_ANGLE_MEASURE(0.0174532925),#13512);
#13514=(CONVERSION_BASED_UNIT('DEGREE',#13513)NAMED_UNIT(#13515)PLANE_ANGLE_UNIT());
#13515=DIMENSIONAL_EXPONENTS(0.,0.,0.,0.,0.,0.,0.);
#13516=(NAMED_UNIT(*)SI_UNIT($,.STERADIAN.)SOLID_ANGLE_UNIT());
#13517=(LENGTH_UNIT()NAMED_UNIT(*)SI_UNIT(.MILLI.,.METRE.));
#13518=UNCERTAINTY_MEASURE_WITH_UNIT(LENGTH_MEASURE(1.000000E-05),#13517,'DISTANCE_ACCURACY_VALUE','Maximum Tolerance applied to model');
#13519=(GEOMETRIC_REPRESENTATION_CONTEXT(3)GLOBAL_UNCERTAINTY_ASSIGNED_CONTEXT((#13518))GLOBAL_UNIT_ASSIGNED_CONTEXT((#13517,#13514,#13516))REPRESENTATION_CONTEXT('','Upper Right'));
#13531=CARTESIAN_POINT('',(0.,0.,0.));
#13532=DIRECTION('',(0.,0.,1.));
#13533=DIRECTION('',(1.,0.,-0.));
#13534=AXIS2_PLACEMENT_3D('',#13531,#13532,#13533);
#13535=ITEM_DEFINED_TRANSFORMATION('','',#13534,#15);
#13536=(REPRESENTATION_RELATIONSHIP('','',#13521,#11990)REPRESENTATION_RELATIONSHIP_WITH_TRANSFORMATION(#13535)SHAPE_REPRESENTATION_RELATIONSHIP());
#13537=NEXT_ASSEMBLY_USAGE_OCCURRENCE('Upper Right_15','Upper Right','Upper Right',#11999,#13530,$);
#13538=PRODUCT_DEFINITION_SHAPE('','',#13537);
#13539=CONTEXT_DEPENDENT_SHAPE_REPRESENTATION(#13536,#13538);
#13541=CARTESIAN_POINT('',(5307.012500016,406.4,2590.8));
#13542=DIRECTION('',(0.,0.,-1.));
#13543=DIRECTION('',(-1.,0.,-0.));
#13544=AXIS2_PLACEMENT_3D('',#13541,#13542,#13543);
#13545=PLANE('',#13544);
#13546=CARTESIAN_POINT('',(4895.850000016,381.,2590.8));
#13547=VERTEX_POINT('',#13546);
#13548=CARTESIAN_POINT('',(4895.850000016,120.65,2590.8));
#13549=VERTEX_POINT('',#13548);
#13550=CARTESIAN_POINT('',(4895.850000016,381.,2590.8));
#13551=DIRECTION('',(0.,-1.,0.));
#13552=VECTOR('',#13551,260.35);
#13553=LINE('',#13550,#13552);
#13554=EDGE_CURVE('',#13547,#13549,#13553,.T.);
#13555=ORIENTED_EDGE('',*,*,#13554,.F.);
#13556=CARTESIAN_POINT('',(5718.175000016,381.,2590.8));
#13557=VERTEX_POINT('',#13556);
#13558=CARTESIAN_POINT('',(4895.850000016,381.,2590.8));
#13559=DIRECTION('',(1.,0.,0.));
#13560=VECTOR('',#13559,822.325);
#13561=LINE('',#13558,#13560);
#13562=EDGE_CURVE('',#13547,#13557,#13561,.T.);
#13563=ORIENTED_EDGE('',*,*,#13562,.T.);
#13564=CARTESIAN_POINT('',(5718.175000016,120.65,2590.8));
#13565=VERTEX_POINT('',#13564);
#13566=CARTESIAN_POINT('',(5718.175000016,381.,2590.8));
#13567=DIRECTION('',(0.,-1.,0.));
#13568=VECTOR('',#13567,260.35);
#13569=LINE('',#13566,#13568);
#13570=EDGE_CURVE('',#13557,#13565,#13569,.T.);
#13571=ORIENTED_EDGE('',*,*,#13570,.T.);
#13572=CARTESIAN_POINT('',(4895.850000016,120.65,2590.8));
#13573=DIRECTION('',(1.,0.,0.));
#13574=VECTOR('',#13573,822.325);
#13575=LINE('',#13572,#13574);
#13576=EDGE_CURVE('',#13549,#13565,#13575,.T.);
#13577=ORIENTED_EDGE('',*,*,#13576,.F.);
#13578=EDGE_LOOP('',(#13555,#13563,#13571,#13577));
#13579=FACE_BOUND('',#13578,.T.);
#13580=ADVANCED_FACE('',(#13579),#13545,.T.);
#13581=OVER_RIDING_STYLED_ITEM('',(#1269),#13580,#13540);
#13582=CARTESIAN_POINT('',(4895.850000016,406.4,2605.0875));
#13583=DIRECTION('',(1.,0.,-0.));
#13584=DIRECTION('',(-0.,0.,-1.));
#13585=AXIS2_PLACEMENT_3D('',#13582,#13583,#13584);
#13586=PLANE('',#13585);
#13587=CARTESIAN_POINT('',(4895.850000016,381.,2600.325));
#13588=VERTEX_POINT('',#13587);
#13589=CARTESIAN_POINT('',(4895.850000016,381.,2590.8));
#13590=DIRECTION('',(-0.,0.,1.));
#13591=VECTOR('',#13590,9.525);
#13592=LINE('',#13589,#13591);
#13593=EDGE_CURVE('',#13547,#13588,#13592,.T.);
#13594=ORIENTED_EDGE('',*,*,#13593,.F.);
#13595=ORIENTED_EDGE('',*,*,#13554,.T.);
#13596=CARTESIAN_POINT('',(4895.850000016,120.65,2609.85));
#13597=VERTEX_POINT('',#13596);
#13598=CARTESIAN_POINT('',(4895.850000016,120.65,2590.8));
#13599=DIRECTION('',(0.,0.,1.));
#13600=VECTOR('',#13599,19.05);
#13601=LINE('',#13598,#13600);
#13602=EDGE_CURVE('',#13549,#13597,#13601,.T.);
#13603=ORIENTED_EDGE('',*,*,#13602,.T.);
#13604=CARTESIAN_POINT('',(4895.850000016,406.4,2609.85));
#13605=VERTEX_POINT('',#13604);
#13606=CARTESIAN_POINT('',(4895.850000016,406.4,2609.85));
#13607=DIRECTION('',(0.,-1.,0.));
#13608=VECTOR('',#13607,285.75);
#13609=LINE('',#13606,#13608);
#13610=EDGE_CURVE('',#13605,#13597,#13609,.T.);
#13611=ORIENTED_EDGE('',*,*,#13610,.F.);
#13612=CARTESIAN_POINT('',(4895.850000016,406.4,2590.8));
#13613=VERTEX_POINT('',#13612);
#13614=CARTESIAN_POINT('',(4895.850000016,406.4,2590.8));
#13615=DIRECTION('',(0.,0.,1.));
#13616=VECTOR('',#13615,19.05);
#13617=LINE('',#13614,#13616);
#13618=EDGE_CURVE('',#13613,#13605,#13617,.T.);
#13619=ORIENTED_EDGE('',*,*,#13618,.F.);
#13620=CARTESIAN_POINT('',(4895.850000016,387.35,2590.8));
#13621=VERTEX_POINT('',#13620);
#13622=CARTESIAN_POINT('',(4895.850000016,406.4,2590.8));
#13623=DIRECTION('',(0.,-1.,0.));
#13624=VECTOR('',#13623,19.05);
#13625=LINE('',#13622,#13624);
#13626=EDGE_CURVE('',#13613,#13621,#13625,.T.);
#13627=ORIENTED_EDGE('',*,*,#13626,.T.);
#13628=CARTESIAN_POINT('',(4895.850000016,387.35,2600.325));
#13629=VERTEX_POINT('',#13628);
#13630=CARTESIAN_POINT('',(4895.850000016,387.35,2590.8));
#13631=DIRECTION('',(-0.,0.,1.));
#13632=VECTOR('',#13631,9.525);
#13633=LINE('',#13630,#13632);
#13634=EDGE_CURVE('',#13621,#13629,#13633,.T.);
#13635=ORIENTED_EDGE('',*,*,#13634,.T.);
#13636=CARTESIAN_POINT('',(4895.850000016,387.35,2600.325));
#13637=DIRECTION('',(0.,-1.,0.));
#13638=VECTOR('',#13637,6.35);
#13639=LINE('',#13636,#13638);
#13640=EDGE_CURVE('',#13629,#13588,#13639,.T.);
#13641=ORIENTED_EDGE('',*,*,#13640,.T.);
#13642=EDGE_LOOP('',(#13594,#13595,#13603,#13611,#13619,#13627,#13635,#13641));
#13643=FACE_BOUND('',#13642,.T.);
#13644=ADVANCED_FACE('',(#13643),#13586,.F.);
#13645=CARTESIAN_POINT('',(5718.175000016,406.4,2605.0875));
#13646=DIRECTION('',(-1.,0.,0.));
#13647=DIRECTION('',(0.,0.,1.));
#13648=AXIS2_PLACEMENT_3D('',#13645,#13646,#13647);
#13649=PLANE('',#13648);
#13650=ORIENTED_EDGE('',*,*,#13570,.F.);
#13651=CARTESIAN_POINT('',(5718.175000016,381.,2600.325));
#13652=VERTEX_POINT('',#13651);
#13653=CARTESIAN_POINT('',(5718.175000016,381.,2590.8));
#13654=DIRECTION('',(0.,0.,1.));
#13655=VECTOR('',#13654,9.525);
#13656=LINE('',#13653,#13655);
#13657=EDGE_CURVE('',#13557,#13652,#13656,.T.);
#13658=ORIENTED_EDGE('',*,*,#13657,.T.);
#13659=CARTESIAN_POINT('',(5718.175000016,387.35,2600.325));
#13660=VERTEX_POINT('',#13659);
#13661=CARTESIAN_POINT('',(5718.175000016,387.35,2600.325));
#13662=DIRECTION('',(0.,-1.,0.));
#13663=VECTOR('',#13662,6.35);
#13664=LINE('',#13661,#13663);
#13665=EDGE_CURVE('',#13660,#13652,#13664,.T.);
#13666=ORIENTED_EDGE('',*,*,#13665,.F.);
#13667=CARTESIAN_POINT('',(5718.175000016,387.35,2590.8));
#13668=VERTEX_POINT('',#13667);
#13669=CARTESIAN_POINT('',(5718.175000016,387.35,2590.8));
#13670=DIRECTION('',(0.,0.,1.));
#13671=VECTOR('',#13670,9.525);
#13672=LINE('',#13669,#13671);
#13673=EDGE_CURVE('',#13668,#13660,#13672,.T.);
#13674=ORIENTED_EDGE('',*,*,#13673,.F.);
#13675=CARTESIAN_POINT('',(5718.175000016,406.4,2590.8));
#13676=VERTEX_POINT('',#13675);
#13677=CARTESIAN_POINT('',(5718.175000016,406.4,2590.8));
#13678=DIRECTION('',(0.,-1.,0.));
#13679=VECTOR('',#13678,19.05);
#13680=LINE('',#13677,#13679);
#13681=EDGE_CURVE('',#13676,#13668,#13680,.T.);
#13682=ORIENTED_EDGE('',*,*,#13681,.F.);
#13683=CARTESIAN_POINT('',(5718.175000016,406.4,2609.85));
#13684=VERTEX_POINT('',#13683);
#13685=CARTESIAN_POINT('',(5718.175000016,406.4,2609.85));
#13686=DIRECTION('',(0.,0.,-1.));
#13687=VECTOR('',#13686,19.05);
#13688=LINE('',#13685,#13687);
#13689=EDGE_CURVE('',#13684,#13676,#13688,.T.);
#13690=ORIENTED_EDGE('',*,*,#13689,.F.);
#13691=CARTESIAN_POINT('',(5718.175000016,120.65,2609.85));
#13692=VERTEX_POINT('',#13691);
#13693=CARTESIAN_POINT('',(5718.175000016,406.4,2609.85));
#13694=DIRECTION('',(0.,-1.,0.));
#13695=VECTOR('',#13694,285.75);
#13696=LINE('',#13693,#13695);
#13697=EDGE_CURVE('',#13684,#13692,#13696,.T.);
#13698=ORIENTED_EDGE('',*,*,#13697,.T.);
#13699=CARTESIAN_POINT('',(5718.175000016,120.65,2609.85));
#13700=DIRECTION('',(0.,0.,-1.));
#13701=VECTOR('',#13700,19.05);
#13702=LINE('',#13699,#13701);
#13703=EDGE_CURVE('',#13692,#13565,#13702,.T.);
#13704=ORIENTED_EDGE('',*,*,#13703,.T.);
#13705=EDGE_LOOP('',(#13650,#13658,#13666,#13674,#13682,#13690,#13698,#13704));
#13706=FACE_BOUND('',#13705,.T.);
#13707=ADVANCED_FACE('',(#13706),#13649,.F.);
#13708=CARTESIAN_POINT('',(5307.012500016,406.4,2609.85));
#13709=DIRECTION('',(0.,0.,-1.));
#13710=DIRECTION('',(-1.,0.,-0.));
#13711=AXIS2_PLACEMENT_3D('',#13708,#13709,#13710);
#13712=PLANE('',#13711);
#13713=CARTESIAN_POINT('',(4895.850000016,120.65,2609.85));
#13714=DIRECTION('',(1.,0.,0.));
#13715=VECTOR('',#13714,822.325);
#13716=LINE('',#13713,#13715);
#13717=EDGE_CURVE('',#13597,#13692,#13716,.T.);
#13718=ORIENTED_EDGE('',*,*,#13717,.T.);
#13719=ORIENTED_EDGE('',*,*,#13697,.F.);
#13720=CARTESIAN_POINT('',(4895.850000016,406.4,2609.85));
#13721=DIRECTION('',(1.,0.,0.));
#13722=VECTOR('',#13721,822.325);
#13723=LINE('',#13720,#13722);
#13724=EDGE_CURVE('',#13605,#13684,#13723,.T.);
#13725=ORIENTED_EDGE('',*,*,#13724,.F.);
#13726=ORIENTED_EDGE('',*,*,#13610,.T.);
#13727=EDGE_LOOP('',(#13718,#13719,#13725,#13726));
#13728=FACE_BOUND('',#13727,.T.);
#13729=ADVANCED_FACE('',(#13728),#13712,.F.);
#13730=CARTESIAN_POINT('',(5307.012500016,406.4,2590.8));
#13731=DIRECTION('',(0.,0.,-1.));
#13732=DIRECTION('',(-1.,0.,-0.));
#13733=AXIS2_PLACEMENT_3D('',#13730,#13731,#13732);
#13734=PLANE('',#13733);
#13735=CARTESIAN_POINT('',(4895.850000016,387.35,2590.8));
#13736=DIRECTION('',(1.,0.,0.));
#13737=VECTOR('',#13736,822.325);
#13738=LINE('',#13735,#13737);
#13739=EDGE_CURVE('',#13621,#13668,#13738,.T.);
#13740=ORIENTED_EDGE('',*,*,#13739,.F.);
#13741=ORIENTED_EDGE('',*,*,#13626,.F.);
#13742=CARTESIAN_POINT('',(4895.850000016,406.4,2590.8));
#13743=DIRECTION('',(1.,0.,0.));
#13744=VECTOR('',#13743,822.325);
#13745=LINE('',#13742,#13744);
#13746=EDGE_CURVE('',#13613,#13676,#13745,.T.);
#13747=ORIENTED_EDGE('',*,*,#13746,.T.);
#13748=ORIENTED_EDGE('',*,*,#13681,.T.);
#13749=EDGE_LOOP('',(#13740,#13741,#13747,#13748));
#13750=FACE_BOUND('',#13749,.T.);
#13751=ADVANCED_FACE('',(#13750),#13734,.T.);
#13752=CARTESIAN_POINT('',(4876.800000016,406.4,927.1));
#13753=DIRECTION('',(0.,-1.,0.));
#13754=DIRECTION('',(1.,0.,0.));
#13755=AXIS2_PLACEMENT_3D('',#13752,#13753,#13754);
#13756=PLANE('',#13755);
#13757=ORIENTED_EDGE('',*,*,#13689,.T.);
#13758=ORIENTED_EDGE('',*,*,#13746,.F.);
#13759=ORIENTED_EDGE('',*,*,#13618,.T.);
#13760=ORIENTED_EDGE('',*,*,#13724,.T.);
#13761=EDGE_LOOP('',(#13757,#13758,#13759,#13760));
#13762=FACE_BOUND('',#13761,.T.);
#13763=ADVANCED_FACE('',(#13762),#13756,.F.);
#13764=CARTESIAN_POINT('',(4876.800000016,120.65,927.1));
#13765=DIRECTION('',(0.,-1.,0.));
#13766=DIRECTION('',(1.,0.,0.));
#13767=AXIS2_PLACEMENT_3D('',#13764,#13765,#13766);
#13768=PLANE('',#13767);
#13769=ORIENTED_EDGE('',*,*,#13703,.F.);
#13770=ORIENTED_EDGE('',*,*,#13717,.F.);
#13771=ORIENTED_EDGE('',*,*,#13602,.F.);
#13772=ORIENTED_EDGE('',*,*,#13576,.T.);
#13773=EDGE_LOOP('',(#13769,#13770,#13771,#13772));
#13774=FACE_BOUND('',#13773,.T.);
#13775=ADVANCED_FACE('',(#13774),#13768,.T.);
#13776=CARTESIAN_POINT('',(5307.012500016,387.35,2600.325));
#13777=DIRECTION('',(-0.,0.,1.));
#13778=DIRECTION('',(1.,0.,0.));
#13779=AXIS2_PLACEMENT_3D('',#13776,#13777,#13778);
#13780=PLANE('',#13779);
#13781=CARTESIAN_POINT('',(5718.175000016,381.,2600.325));
#13782=DIRECTION('',(-1.,0.,-0.));
#13783=VECTOR('',#13782,822.325);
#13784=LINE('',#13781,#13783);
#13785=EDGE_CURVE('',#13652,#13588,#13784,.T.);
#13786=ORIENTED_EDGE('',*,*,#13785,.T.);
#13787=ORIENTED_EDGE('',*,*,#13640,.F.);
#13788=CARTESIAN_POINT('',(5718.175000016,387.35,2600.325));
#13789=DIRECTION('',(-1.,0.,-0.));
#13790=VECTOR('',#13789,822.325);
#13791=LINE('',#13788,#13790);
#13792=EDGE_CURVE('',#13660,#13629,#13791,.T.);
#13793=ORIENTED_EDGE('',*,*,#13792,.F.);
#13794=ORIENTED_EDGE('',*,*,#13665,.T.);
#13795=EDGE_LOOP('',(#13786,#13787,#13793,#13794));
#13796=FACE_BOUND('',#13795,.T.);
#13797=ADVANCED_FACE('',(#13796),#13780,.F.);
#13798=CARTESIAN_POINT('',(4876.800000016,387.35,927.1));
#13799=DIRECTION('',(0.,-1.,0.));
#13800=DIRECTION('',(1.,0.,0.));
#13801=AXIS2_PLACEMENT_3D('',#13798,#13799,#13800);
#13802=PLANE('',#13801);
#13803=ORIENTED_EDGE('',*,*,#13673,.T.);
#13804=ORIENTED_EDGE('',*,*,#13792,.T.);
#13805=ORIENTED_EDGE('',*,*,#13634,.F.);
#13806=ORIENTED_EDGE('',*,*,#13739,.T.);
#13807=EDGE_LOOP('',(#13803,#13804,#13805,#13806));
#13808=FACE_BOUND('',#13807,.T.);
#13809=ADVANCED_FACE('',(#13808),#13802,.T.);
#13810=CARTESIAN_POINT('',(4876.800000016,381.,927.1));
#13811=DIRECTION('',(0.,-1.,0.));
#13812=DIRECTION('',(1.,0.,0.));
#13813=AXIS2_PLACEMENT_3D('',#13810,#13811,#13812);
#13814=PLANE('',#13813);
#13815=ORIENTED_EDGE('',*,*,#13657,.F.);
#13816=ORIENTED_EDGE('',*,*,#13562,.F.);
#13817=ORIENTED_EDGE('',*,*,#13593,.T.);
#13818=ORIENTED_EDGE('',*,*,#13785,.F.);
#13819=EDGE_LOOP('',(#13815,#13816,#13817,#13818));
#13820=FACE_BOUND('',#13819,.T.);
#13821=ADVANCED_FACE('',(#13820),#13814,.F.);
#13822=CLOSED_SHELL('',(#13580,#13644,#13707,#13729,#13751,#13763,#13775,#13797,#13809,#13821));
#13823=MANIFOLD_SOLID_BREP('[Panel] Top',#13822);
#13540=STYLED_ITEM('',(#267),#13823);
#13825=CARTESIAN_POINT('',(4895.850000016,406.4,2595.5625));
#13826=DIRECTION('',(1.,0.,0.));
#13827=DIRECTION('',(0.,0.,-1.));
#13828=AXIS2_PLACEMENT_3D('',#13825,#13826,#13827);
#13829=PLANE('',#13828);
#13830=CARTESIAN_POINT('',(4895.850000016,381.,927.1));
#13831=VERTEX_POINT('',#13830);
#13832=CARTESIAN_POINT('',(4895.850000016,120.65,927.1));
#13833=VERTEX_POINT('',#13832);
#13834=CARTESIAN_POINT('',(4895.850000016,381.,927.1));
#13835=DIRECTION('',(0.,-1.,0.));
#13836=VECTOR('',#13835,260.35);
#13837=LINE('',#13834,#13836);
#13838=EDGE_CURVE('',#13831,#13833,#13837,.T.);
#13839=ORIENTED_EDGE('',*,*,#13838,.F.);
#13840=CARTESIAN_POINT('',(4895.850000016,381.,2609.85));
#13841=VERTEX_POINT('',#13840);
#13842=CARTESIAN_POINT('',(4895.850000016,381.,927.1));
#13843=DIRECTION('',(-0.,0.,1.));
#13844=VECTOR('',#13843,1682.75);
#13845=LINE('',#13842,#13844);
#13846=EDGE_CURVE('',#13831,#13841,#13845,.T.);
#13847=ORIENTED_EDGE('',*,*,#13846,.T.);
#13848=CARTESIAN_POINT('',(4895.850000016,120.65,2609.85));
#13849=VERTEX_POINT('',#13848);
#13850=CARTESIAN_POINT('',(4895.850000016,381.,2609.85));
#13851=DIRECTION('',(0.,-1.,0.));
#13852=VECTOR('',#13851,260.35);
#13853=LINE('',#13850,#13852);
#13854=EDGE_CURVE('',#13841,#13849,#13853,.T.);
#13855=ORIENTED_EDGE('',*,*,#13854,.T.);
#13856=CARTESIAN_POINT('',(4895.850000016,120.65,927.1));
#13857=DIRECTION('',(-0.,0.,1.));
#13858=VECTOR('',#13857,1682.75);
#13859=LINE('',#13856,#13858);
#13860=EDGE_CURVE('',#13833,#13849,#13859,.T.);
#13861=ORIENTED_EDGE('',*,*,#13860,.F.);
#13862=EDGE_LOOP('',(#13839,#13847,#13855,#13861));
#13863=FACE_BOUND('',#13862,.T.);
#13864=ADVANCED_FACE('',(#13863),#13829,.T.);
#13865=OVER_RIDING_STYLED_ITEM('',(#1269),#13864,#13824);
#13866=CARTESIAN_POINT('',(4891.087500016,406.4,2609.85));
#13867=DIRECTION('',(0.,0.,-1.));
#13868=DIRECTION('',(-1.,0.,0.));
#13869=AXIS2_PLACEMENT_3D('',#13866,#13867,#13868);
#13870=PLANE('',#13869);
#13871=CARTESIAN_POINT('',(4886.325000016,381.,2609.85));
#13872=VERTEX_POINT('',#13871);
#13873=CARTESIAN_POINT('',(4886.325000016,381.,2609.85));
#13874=DIRECTION('',(1.,0.,-0.));
#13875=VECTOR('',#13874,9.525);
#13876=LINE('',#13873,#13875);
#13877=EDGE_CURVE('',#13872,#13841,#13876,.T.);
#13878=ORIENTED_EDGE('',*,*,#13877,.F.);
#13879=CARTESIAN_POINT('',(4886.325000016,387.35,2609.85));
#13880=VERTEX_POINT('',#13879);
#13881=CARTESIAN_POINT('',(4886.325000016,387.35,2609.85));
#13882=DIRECTION('',(0.,-1.,0.));
#13883=VECTOR('',#13882,6.35);
#13884=LINE('',#13881,#13883);
#13885=EDGE_CURVE('',#13880,#13872,#13884,.T.);
#13886=ORIENTED_EDGE('',*,*,#13885,.F.);
#13887=CARTESIAN_POINT('',(4895.850000016,387.35,2609.85));
#13888=VERTEX_POINT('',#13887);
#13889=CARTESIAN_POINT('',(4886.325000016,387.35,2609.85));
#13890=DIRECTION('',(1.,0.,-0.));
#13891=VECTOR('',#13890,9.525);
#13892=LINE('',#13889,#13891);
#13893=EDGE_CURVE('',#13880,#13888,#13892,.T.);
#13894=ORIENTED_EDGE('',*,*,#13893,.T.);
#13895=CARTESIAN_POINT('',(4895.850000016,406.4,2609.85));
#13896=VERTEX_POINT('',#13895);
#13897=CARTESIAN_POINT('',(4895.850000016,406.4,2609.85));
#13898=DIRECTION('',(0.,-1.,0.));
#13899=VECTOR('',#13898,19.05);
#13900=LINE('',#13897,#13899);
#13901=EDGE_CURVE('',#13896,#13888,#13900,.T.);
#13902=ORIENTED_EDGE('',*,*,#13901,.F.);
#13903=CARTESIAN_POINT('',(4876.800000016,406.4,2609.85));
#13904=VERTEX_POINT('',#13903);
#13905=CARTESIAN_POINT('',(4876.800000016,406.4,2609.85));
#13906=DIRECTION('',(1.,0.,-0.));
#13907=VECTOR('',#13906,19.05);
#13908=LINE('',#13905,#13907);
#13909=EDGE_CURVE('',#13904,#13896,#13908,.T.);
#13910=ORIENTED_EDGE('',*,*,#13909,.F.);
#13911=CARTESIAN_POINT('',(4876.800000016,120.65,2609.85));
#13912=VERTEX_POINT('',#13911);
#13913=CARTESIAN_POINT('',(4876.800000016,406.4,2609.85));
#13914=DIRECTION('',(0.,-1.,0.));
#13915=VECTOR('',#13914,285.75);
#13916=LINE('',#13913,#13915);
#13917=EDGE_CURVE('',#13904,#13912,#13916,.T.);
#13918=ORIENTED_EDGE('',*,*,#13917,.T.);
#13919=CARTESIAN_POINT('',(4876.800000016,120.65,2609.85));
#13920=DIRECTION('',(1.,0.,-0.));
#13921=VECTOR('',#13920,19.05);
#13922=LINE('',#13919,#13921);
#13923=EDGE_CURVE('',#13912,#13849,#13922,.T.);
#13924=ORIENTED_EDGE('',*,*,#13923,.T.);
#13925=ORIENTED_EDGE('',*,*,#13854,.F.);
#13926=EDGE_LOOP('',(#13878,#13886,#13894,#13902,#13910,#13918,#13924,#13925));
#13927=FACE_BOUND('',#13926,.T.);
#13928=ADVANCED_FACE('',(#13927),#13870,.F.);
#13929=CARTESIAN_POINT('',(4891.087500016,406.4,927.1));
#13930=DIRECTION('',(0.,0.,1.));
#13931=DIRECTION('',(1.,0.,0.));
#13932=AXIS2_PLACEMENT_3D('',#13929,#13930,#13931);
#13933=PLANE('',#13932);
#13934=CARTESIAN_POINT('',(4886.325000016,381.,927.1));
#13935=VERTEX_POINT('',#13934);
#13936=CARTESIAN_POINT('',(4895.850000016,381.,927.1));
#13937=DIRECTION('',(-1.,0.,0.));
#13938=VECTOR('',#13937,9.525);
#13939=LINE('',#13936,#13938);
#13940=EDGE_CURVE('',#13831,#13935,#13939,.T.);
#13941=ORIENTED_EDGE('',*,*,#13940,.F.);
#13942=ORIENTED_EDGE('',*,*,#13838,.T.);
#13943=CARTESIAN_POINT('',(4876.800000016,120.65,927.1));
#13944=VERTEX_POINT('',#13943);
#13945=CARTESIAN_POINT('',(4895.850000016,120.65,927.1));
#13946=DIRECTION('',(-1.,0.,0.));
#13947=VECTOR('',#13946,19.05);
#13948=LINE('',#13945,#13947);
#13949=EDGE_CURVE('',#13833,#13944,#13948,.T.);
#13950=ORIENTED_EDGE('',*,*,#13949,.T.);
#13951=CARTESIAN_POINT('',(4876.800000016,406.4,927.1));
#13952=VERTEX_POINT('',#13951);
#13953=CARTESIAN_POINT('',(4876.800000016,406.4,927.1));
#13954=DIRECTION('',(0.,-1.,0.));
#13955=VECTOR('',#13954,285.75);
#13956=LINE('',#13953,#13955);
#13957=EDGE_CURVE('',#13952,#13944,#13956,.T.);
#13958=ORIENTED_EDGE('',*,*,#13957,.F.);
#13959=CARTESIAN_POINT('',(4895.850000016,406.4,927.1));
#13960=VERTEX_POINT('',#13959);
#13961=CARTESIAN_POINT('',(4895.850000016,406.4,927.1));
#13962=DIRECTION('',(-1.,0.,0.));
#13963=VECTOR('',#13962,19.05);
#13964=LINE('',#13961,#13963);
#13965=EDGE_CURVE('',#13960,#13952,#13964,.T.);
#13966=ORIENTED_EDGE('',*,*,#13965,.F.);
#13967=CARTESIAN_POINT('',(4895.850000016,387.35,927.1));
#13968=VERTEX_POINT('',#13967);
#13969=CARTESIAN_POINT('',(4895.850000016,406.4,927.1));
#13970=DIRECTION('',(0.,-1.,0.));
#13971=VECTOR('',#13970,19.05);
#13972=LINE('',#13969,#13971);
#13973=EDGE_CURVE('',#13960,#13968,#13972,.T.);
#13974=ORIENTED_EDGE('',*,*,#13973,.T.);
#13975=CARTESIAN_POINT('',(4886.325000016,387.35,927.1));
#13976=VERTEX_POINT('',#13975);
#13977=CARTESIAN_POINT('',(4895.850000016,387.35,927.1));
#13978=DIRECTION('',(-1.,0.,0.));
#13979=VECTOR('',#13978,9.525);
#13980=LINE('',#13977,#13979);
#13981=EDGE_CURVE('',#13968,#13976,#13980,.T.);
#13982=ORIENTED_EDGE('',*,*,#13981,.T.);
#13983=CARTESIAN_POINT('',(4886.325000016,387.35,927.1));
#13984=DIRECTION('',(0.,-1.,0.));
#13985=VECTOR('',#13984,6.35);
#13986=LINE('',#13983,#13985);
#13987=EDGE_CURVE('',#13976,#13935,#13986,.T.);
#13988=ORIENTED_EDGE('',*,*,#13987,.T.);
#13989=EDGE_LOOP('',(#13941,#13942,#13950,#13958,#13966,#13974,#13982,#13988));
#13990=FACE_BOUND('',#13989,.T.);
#13991=ADVANCED_FACE('',(#13990),#13933,.F.);
#13992=CARTESIAN_POINT('',(4895.850000016,406.4,2595.5625));
#13993=DIRECTION('',(1.,0.,0.));
#13994=DIRECTION('',(0.,0.,-1.));
#13995=AXIS2_PLACEMENT_3D('',#13992,#13993,#13994);
#13996=PLANE('',#13995);
#13997=CARTESIAN_POINT('',(4895.850000016,387.35,927.1));
#13998=DIRECTION('',(-0.,0.,1.));
#13999=VECTOR('',#13998,1682.75);
#14000=LINE('',#13997,#13999);
#14001=EDGE_CURVE('',#13968,#13888,#14000,.T.);
#14002=ORIENTED_EDGE('',*,*,#14001,.F.);
#14003=ORIENTED_EDGE('',*,*,#13973,.F.);
#14004=CARTESIAN_POINT('',(4895.850000016,406.4,927.1));
#14005=DIRECTION('',(-0.,0.,1.));
#14006=VECTOR('',#14005,1682.75);
#14007=LINE('',#14004,#14006);
#14008=EDGE_CURVE('',#13960,#13896,#14007,.T.);
#14009=ORIENTED_EDGE('',*,*,#14008,.T.);
#14010=ORIENTED_EDGE('',*,*,#13901,.T.);
#14011=EDGE_LOOP('',(#14002,#14003,#14009,#14010));
#14012=FACE_BOUND('',#14011,.T.);
#14013=ADVANCED_FACE('',(#14012),#13996,.T.);
#14014=CARTESIAN_POINT('',(4876.800000016,406.4,1768.475));
#14015=DIRECTION('',(1.,0.,0.));
#14016=DIRECTION('',(0.,0.,-1.));
#14017=AXIS2_PLACEMENT_3D('',#14014,#14015,#14016);
#14018=PLANE('',#14017);
#14019=CARTESIAN_POINT('',(4876.800000016,120.65,927.1));
#14020=DIRECTION('',(-0.,0.,1.));
#14021=VECTOR('',#14020,1682.75);
#14022=LINE('',#14019,#14021);
#14023=EDGE_CURVE('',#13944,#13912,#14022,.T.);
#14024=ORIENTED_EDGE('',*,*,#14023,.T.);
#14025=ORIENTED_EDGE('',*,*,#13917,.F.);
#14026=CARTESIAN_POINT('',(4876.800000016,406.4,927.1));
#14027=DIRECTION('',(-0.,0.,1.));
#14028=VECTOR('',#14027,1682.75);
#14029=LINE('',#14026,#14028);
#14030=EDGE_CURVE('',#13952,#13904,#14029,.T.);
#14031=ORIENTED_EDGE('',*,*,#14030,.F.);
#14032=ORIENTED_EDGE('',*,*,#13957,.T.);
#14033=EDGE_LOOP('',(#14024,#14025,#14031,#14032));
#14034=FACE_BOUND('',#14033,.T.);
#14035=ADVANCED_FACE('',(#14034),#14018,.F.);
#14036=CARTESIAN_POINT('',(4876.800000016,406.4,927.1));
#14037=DIRECTION('',(0.,-1.,0.));
#14038=DIRECTION('',(1.,0.,0.));
#14039=AXIS2_PLACEMENT_3D('',#14036,#14037,#14038);
#14040=PLANE('',#14039);
#14041=ORIENTED_EDGE('',*,*,#14008,.F.);
#14042=ORIENTED_EDGE('',*,*,#13965,.T.);
#14043=ORIENTED_EDGE('',*,*,#14030,.T.);
#14044=ORIENTED_EDGE('',*,*,#13909,.T.);
#14045=EDGE_LOOP('',(#14041,#14042,#14043,#14044));
#14046=FACE_BOUND('',#14045,.T.);
#14047=ADVANCED_FACE('',(#14046),#14040,.F.);
#14048=CARTESIAN_POINT('',(4876.800000016,120.65,927.1));
#14049=DIRECTION('',(0.,-1.,0.));
#14050=DIRECTION('',(1.,0.,0.));
#14051=AXIS2_PLACEMENT_3D('',#14048,#14049,#14050);
#14052=PLANE('',#14051);
#14053=ORIENTED_EDGE('',*,*,#13860,.T.);
#14054=ORIENTED_EDGE('',*,*,#13923,.F.);
#14055=ORIENTED_EDGE('',*,*,#14023,.F.);
#14056=ORIENTED_EDGE('',*,*,#13949,.F.);
#14057=EDGE_LOOP('',(#14053,#14054,#14055,#14056));
#14058=FACE_BOUND('',#14057,.T.);
#14059=ADVANCED_FACE('',(#14058),#14052,.T.);
#14060=CARTESIAN_POINT('',(4886.325000016,387.35,1768.475));
#14061=DIRECTION('',(-1.,0.,-0.));
#14062=DIRECTION('',(-0.,0.,1.));
#14063=AXIS2_PLACEMENT_3D('',#14060,#14061,#14062);
#14064=PLANE('',#14063);
#14065=CARTESIAN_POINT('',(4886.325000016,381.,2609.85));
#14066=DIRECTION('',(0.,0.,-1.));
#14067=VECTOR('',#14066,1682.75);
#14068=LINE('',#14065,#14067);
#14069=EDGE_CURVE('',#13872,#13935,#14068,.T.);
#14070=ORIENTED_EDGE('',*,*,#14069,.T.);
#14071=ORIENTED_EDGE('',*,*,#13987,.F.);
#14072=CARTESIAN_POINT('',(4886.325000016,387.35,2609.85));
#14073=DIRECTION('',(0.,0.,-1.));
#14074=VECTOR('',#14073,1682.75);
#14075=LINE('',#14072,#14074);
#14076=EDGE_CURVE('',#13880,#13976,#14075,.T.);
#14077=ORIENTED_EDGE('',*,*,#14076,.F.);
#14078=ORIENTED_EDGE('',*,*,#13885,.T.);
#14079=EDGE_LOOP('',(#14070,#14071,#14077,#14078));
#14080=FACE_BOUND('',#14079,.T.);
#14081=ADVANCED_FACE('',(#14080),#14064,.F.);
#14082=CARTESIAN_POINT('',(4876.800000016,387.35,927.1));
#14083=DIRECTION('',(0.,-1.,0.));
#14084=DIRECTION('',(1.,0.,0.));
#14085=AXIS2_PLACEMENT_3D('',#14082,#14083,#14084);
#14086=PLANE('',#14085);
#14087=ORIENTED_EDGE('',*,*,#14001,.T.);
#14088=ORIENTED_EDGE('',*,*,#13893,.F.);
#14089=ORIENTED_EDGE('',*,*,#14076,.T.);
#14090=ORIENTED_EDGE('',*,*,#13981,.F.);
#14091=EDGE_LOOP('',(#14087,#14088,#14089,#14090));
#14092=FACE_BOUND('',#14091,.T.);
#14093=ADVANCED_FACE('',(#14092),#14086,.T.);
#14094=CARTESIAN_POINT('',(4876.800000016,381.,927.1));
#14095=DIRECTION('',(0.,-1.,0.));
#14096=DIRECTION('',(1.,0.,0.));
#14097=AXIS2_PLACEMENT_3D('',#14094,#14095,#14096);
#14098=PLANE('',#14097);
#14099=ORIENTED_EDGE('',*,*,#13846,.F.);
#14100=ORIENTED_EDGE('',*,*,#13940,.T.);
#14101=ORIENTED_EDGE('',*,*,#14069,.F.);
#14102=ORIENTED_EDGE('',*,*,#13877,.T.);
#14103=EDGE_LOOP('',(#14099,#14100,#14101,#14102));
#14104=FACE_BOUND('',#14103,.T.);
#14105=ADVANCED_FACE('',(#14104),#14098,.F.);
#14106=CLOSED_SHELL('',(#13864,#13928,#13991,#14013,#14035,#14047,#14059,#14081,#14093,#14105));
#14107=MANIFOLD_SOLID_BREP('[Panel] Left',#14106);
#13824=STYLED_ITEM('',(#267),#14107);
#14109=CARTESIAN_POINT('',(5718.175000016,406.4,2605.0875));
#14110=DIRECTION('',(-1.,0.,0.));
#14111=DIRECTION('',(0.,0.,1.));
#14112=AXIS2_PLACEMENT_3D('',#14109,#14110,#14111);
#14113=PLANE('',#14112);
#14114=CARTESIAN_POINT('',(5718.175000016,381.,2609.85));
#14115=VERTEX_POINT('',#14114);
#14116=CARTESIAN_POINT('',(5718.175000016,120.65,2609.85));
#14117=VERTEX_POINT('',#14116);
#14118=CARTESIAN_POINT('',(5718.175000016,381.,2609.85));
#14119=DIRECTION('',(0.,-1.,0.));
#14120=VECTOR('',#14119,260.35);
#14121=LINE('',#14118,#14120);
#14122=EDGE_CURVE('',#14115,#14117,#14121,.T.);
#14123=ORIENTED_EDGE('',*,*,#14122,.F.);
#14124=CARTESIAN_POINT('',(5718.175000016,381.,927.1));
#14125=VERTEX_POINT('',#14124);
#14126=CARTESIAN_POINT('',(5718.175000016,381.,2609.85));
#14127=DIRECTION('',(0.,0.,-1.));
#14128=VECTOR('',#14127,1682.75);
#14129=LINE('',#14126,#14128);
#14130=EDGE_CURVE('',#14115,#14125,#14129,.T.);
#14131=ORIENTED_EDGE('',*,*,#14130,.T.);
#14132=CARTESIAN_POINT('',(5718.175000016,120.65,927.1));
#14133=VERTEX_POINT('',#14132);
#14134=CARTESIAN_POINT('',(5718.175000016,381.,927.1));
#14135=DIRECTION('',(0.,-1.,0.));
#14136=VECTOR('',#14135,260.35);
#14137=LINE('',#14134,#14136);
#14138=EDGE_CURVE('',#14125,#14133,#14137,.T.);
#14139=ORIENTED_EDGE('',*,*,#14138,.T.);
#14140=CARTESIAN_POINT('',(5718.175000016,120.65,2609.85));
#14141=DIRECTION('',(0.,0.,-1.));
#14142=VECTOR('',#14141,1682.75);
#14143=LINE('',#14140,#14142);
#14144=EDGE_CURVE('',#14117,#14133,#14143,.T.);
#14145=ORIENTED_EDGE('',*,*,#14144,.F.);
#14146=EDGE_LOOP('',(#14123,#14131,#14139,#14145));
#14147=FACE_BOUND('',#14146,.T.);
#14148=ADVANCED_FACE('',(#14147),#14113,.T.);
#14149=OVER_RIDING_STYLED_ITEM('',(#1269),#14148,#14108);
#14150=CARTESIAN_POINT('',(5722.937500016,406.4,927.1));
#14151=DIRECTION('',(0.,0.,1.));
#14152=DIRECTION('',(1.,0.,0.));
#14153=AXIS2_PLACEMENT_3D('',#14150,#14151,#14152);
#14154=PLANE('',#14153);
#14155=CARTESIAN_POINT('',(5727.700000016,381.,927.1));
#14156=VERTEX_POINT('',#14155);
#14157=CARTESIAN_POINT('',(5727.700000016,381.,927.1));
#14158=DIRECTION('',(-1.,0.,0.));
#14159=VECTOR('',#14158,9.525);
#14160=LINE('',#14157,#14159);
#14161=EDGE_CURVE('',#14156,#14125,#14160,.T.);
#14162=ORIENTED_EDGE('',*,*,#14161,.F.);
#14163=CARTESIAN_POINT('',(5727.700000016,387.35,927.1));
#14164=VERTEX_POINT('',#14163);
#14165=CARTESIAN_POINT('',(5727.700000016,387.35,927.1));
#14166=DIRECTION('',(0.,-1.,0.));
#14167=VECTOR('',#14166,6.35);
#14168=LINE('',#14165,#14167);
#14169=EDGE_CURVE('',#14164,#14156,#14168,.T.);
#14170=ORIENTED_EDGE('',*,*,#14169,.F.);
#14171=CARTESIAN_POINT('',(5718.175000016,387.35,927.1));
#14172=VERTEX_POINT('',#14171);
#14173=CARTESIAN_POINT('',(5727.700000016,387.35,927.1));
#14174=DIRECTION('',(-1.,0.,0.));
#14175=VECTOR('',#14174,9.525);
#14176=LINE('',#14173,#14175);
#14177=EDGE_CURVE('',#14164,#14172,#14176,.T.);
#14178=ORIENTED_EDGE('',*,*,#14177,.T.);
#14179=CARTESIAN_POINT('',(5718.175000016,406.4,927.1));
#14180=VERTEX_POINT('',#14179);
#14181=CARTESIAN_POINT('',(5718.175000016,406.4,927.1));
#14182=DIRECTION('',(0.,-1.,0.));
#14183=VECTOR('',#14182,19.05);
#14184=LINE('',#14181,#14183);
#14185=EDGE_CURVE('',#14180,#14172,#14184,.T.);
#14186=ORIENTED_EDGE('',*,*,#14185,.F.);
#14187=CARTESIAN_POINT('',(5737.225000016,406.4,927.1));
#14188=VERTEX_POINT('',#14187);
#14189=CARTESIAN_POINT('',(5737.225000016,406.4,927.1));
#14190=DIRECTION('',(-1.,0.,0.));
#14191=VECTOR('',#14190,19.05);
#14192=LINE('',#14189,#14191);
#14193=EDGE_CURVE('',#14188,#14180,#14192,.T.);
#14194=ORIENTED_EDGE('',*,*,#14193,.F.);
#14195=CARTESIAN_POINT('',(5737.225000016,120.65,927.1));
#14196=VERTEX_POINT('',#14195);
#14197=CARTESIAN_POINT('',(5737.225000016,406.4,927.1));
#14198=DIRECTION('',(0.,-1.,0.));
#14199=VECTOR('',#14198,285.75);
#14200=LINE('',#14197,#14199);
#14201=EDGE_CURVE('',#14188,#14196,#14200,.T.);
#14202=ORIENTED_EDGE('',*,*,#14201,.T.);
#14203=CARTESIAN_POINT('',(5737.225000016,120.65,927.1));
#14204=DIRECTION('',(-1.,0.,0.));
#14205=VECTOR('',#14204,19.05);
#14206=LINE('',#14203,#14205);
#14207=EDGE_CURVE('',#14196,#14133,#14206,.T.);
#14208=ORIENTED_EDGE('',*,*,#14207,.T.);
#14209=ORIENTED_EDGE('',*,*,#14138,.F.);
#14210=EDGE_LOOP('',(#14162,#14170,#14178,#14186,#14194,#14202,#14208,#14209));
#14211=FACE_BOUND('',#14210,.T.);
#14212=ADVANCED_FACE('',(#14211),#14154,.F.);
#14213=CARTESIAN_POINT('',(5722.937500016,406.4,2609.85));
#14214=DIRECTION('',(0.,0.,-1.));
#14215=DIRECTION('',(-1.,0.,0.));
#14216=AXIS2_PLACEMENT_3D('',#14213,#14214,#14215);
#14217=PLANE('',#14216);
#14218=CARTESIAN_POINT('',(5727.700000016,381.,2609.85));
#14219=VERTEX_POINT('',#14218);
#14220=CARTESIAN_POINT('',(5718.175000016,381.,2609.85));
#14221=DIRECTION('',(1.,0.,-0.));
#14222=VECTOR('',#14221,9.525);
#14223=LINE('',#14220,#14222);
#14224=EDGE_CURVE('',#14115,#14219,#14223,.T.);
#14225=ORIENTED_EDGE('',*,*,#14224,.F.);
#14226=ORIENTED_EDGE('',*,*,#14122,.T.);
#14227=CARTESIAN_POINT('',(5737.225000016,120.65,2609.85));
#14228=VERTEX_POINT('',#14227);
#14229=CARTESIAN_POINT('',(5718.175000016,120.65,2609.85));
#14230=DIRECTION('',(1.,0.,-0.));
#14231=VECTOR('',#14230,19.05);
#14232=LINE('',#14229,#14231);
#14233=EDGE_CURVE('',#14117,#14228,#14232,.T.);
#14234=ORIENTED_EDGE('',*,*,#14233,.T.);
#14235=CARTESIAN_POINT('',(5737.225000016,406.4,2609.85));
#14236=VERTEX_POINT('',#14235);
#14237=CARTESIAN_POINT('',(5737.225000016,406.4,2609.85));
#14238=DIRECTION('',(0.,-1.,0.));
#14239=VECTOR('',#14238,285.75);
#14240=LINE('',#14237,#14239);
#14241=EDGE_CURVE('',#14236,#14228,#14240,.T.);
#14242=ORIENTED_EDGE('',*,*,#14241,.F.);
#14243=CARTESIAN_POINT('',(5718.175000016,406.4,2609.85));
#14244=VERTEX_POINT('',#14243);
#14245=CARTESIAN_POINT('',(5718.175000016,406.4,2609.85));
#14246=DIRECTION('',(1.,0.,-0.));
#14247=VECTOR('',#14246,19.05);
#14248=LINE('',#14245,#14247);
#14249=EDGE_CURVE('',#14244,#14236,#14248,.T.);
#14250=ORIENTED_EDGE('',*,*,#14249,.F.);
#14251=CARTESIAN_POINT('',(5718.175000016,387.35,2609.85));
#14252=VERTEX_POINT('',#14251);
#14253=CARTESIAN_POINT('',(5718.175000016,406.4,2609.85));
#14254=DIRECTION('',(0.,-1.,0.));
#14255=VECTOR('',#14254,19.05);
#14256=LINE('',#14253,#14255);
#14257=EDGE_CURVE('',#14244,#14252,#14256,.T.);
#14258=ORIENTED_EDGE('',*,*,#14257,.T.);
#14259=CARTESIAN_POINT('',(5727.700000016,387.35,2609.85));
#14260=VERTEX_POINT('',#14259);
#14261=CARTESIAN_POINT('',(5718.175000016,387.35,2609.85));
#14262=DIRECTION('',(1.,0.,-0.));
#14263=VECTOR('',#14262,9.525);
#14264=LINE('',#14261,#14263);
#14265=EDGE_CURVE('',#14252,#14260,#14264,.T.);
#14266=ORIENTED_EDGE('',*,*,#14265,.T.);
#14267=CARTESIAN_POINT('',(5727.700000016,387.35,2609.85));
#14268=DIRECTION('',(0.,-1.,0.));
#14269=VECTOR('',#14268,6.35);
#14270=LINE('',#14267,#14269);
#14271=EDGE_CURVE('',#14260,#14219,#14270,.T.);
#14272=ORIENTED_EDGE('',*,*,#14271,.T.);
#14273=EDGE_LOOP('',(#14225,#14226,#14234,#14242,#14250,#14258,#14266,#14272));
#14274=FACE_BOUND('',#14273,.T.);
#14275=ADVANCED_FACE('',(#14274),#14217,.F.);
#14276=CARTESIAN_POINT('',(5737.225000016,406.4,1768.475));
#14277=DIRECTION('',(1.,0.,0.));
#14278=DIRECTION('',(0.,0.,-1.));
#14279=AXIS2_PLACEMENT_3D('',#14276,#14277,#14278);
#14280=PLANE('',#14279);
#14281=CARTESIAN_POINT('',(5737.225000016,120.65,927.1));
#14282=DIRECTION('',(-0.,0.,1.));
#14283=VECTOR('',#14282,1682.75);
#14284=LINE('',#14281,#14283);
#14285=EDGE_CURVE('',#14196,#14228,#14284,.T.);
#14286=ORIENTED_EDGE('',*,*,#14285,.F.);
#14287=ORIENTED_EDGE('',*,*,#14201,.F.);
#14288=CARTESIAN_POINT('',(5737.225000016,406.4,927.1));
#14289=DIRECTION('',(-0.,0.,1.));
#14290=VECTOR('',#14289,1682.75);
#14291=LINE('',#14288,#14290);
#14292=EDGE_CURVE('',#14188,#14236,#14291,.T.);
#14293=ORIENTED_EDGE('',*,*,#14292,.T.);
#14294=ORIENTED_EDGE('',*,*,#14241,.T.);
#14295=EDGE_LOOP('',(#14286,#14287,#14293,#14294));
#14296=FACE_BOUND('',#14295,.T.);
#14297=ADVANCED_FACE('',(#14296),#14280,.T.);
#14298=CARTESIAN_POINT('',(5718.175000016,406.4,2605.0875));
#14299=DIRECTION('',(-1.,0.,0.));
#14300=DIRECTION('',(0.,0.,1.));
#14301=AXIS2_PLACEMENT_3D('',#14298,#14299,#14300);
#14302=PLANE('',#14301);
#14303=CARTESIAN_POINT('',(5718.175000016,387.35,2609.85));
#14304=DIRECTION('',(0.,0.,-1.));
#14305=VECTOR('',#14304,1682.75);
#14306=LINE('',#14303,#14305);
#14307=EDGE_CURVE('',#14252,#14172,#14306,.T.);
#14308=ORIENTED_EDGE('',*,*,#14307,.F.);
#14309=ORIENTED_EDGE('',*,*,#14257,.F.);
#14310=CARTESIAN_POINT('',(5718.175000016,406.4,2609.85));
#14311=DIRECTION('',(0.,0.,-1.));
#14312=VECTOR('',#14311,1682.75);
#14313=LINE('',#14310,#14312);
#14314=EDGE_CURVE('',#14244,#14180,#14313,.T.);
#14315=ORIENTED_EDGE('',*,*,#14314,.T.);
#14316=ORIENTED_EDGE('',*,*,#14185,.T.);
#14317=EDGE_LOOP('',(#14308,#14309,#14315,#14316));
#14318=FACE_BOUND('',#14317,.T.);
#14319=ADVANCED_FACE('',(#14318),#14302,.T.);
#14320=CARTESIAN_POINT('',(4876.800000016,406.4,927.1));
#14321=DIRECTION('',(0.,-1.,0.));
#14322=DIRECTION('',(1.,0.,0.));
#14323=AXIS2_PLACEMENT_3D('',#14320,#14321,#14322);
#14324=PLANE('',#14323);
#14325=ORIENTED_EDGE('',*,*,#14193,.T.);
#14326=ORIENTED_EDGE('',*,*,#14314,.F.);
#14327=ORIENTED_EDGE('',*,*,#14249,.T.);
#14328=ORIENTED_EDGE('',*,*,#14292,.F.);
#14329=EDGE_LOOP('',(#14325,#14326,#14327,#14328));
#14330=FACE_BOUND('',#14329,.T.);
#14331=ADVANCED_FACE('',(#14330),#14324,.F.);
#14332=CARTESIAN_POINT('',(4876.800000016,120.65,927.1));
#14333=DIRECTION('',(0.,-1.,0.));
#14334=DIRECTION('',(1.,0.,0.));
#14335=AXIS2_PLACEMENT_3D('',#14332,#14333,#14334);
#14336=PLANE('',#14335);
#14337=ORIENTED_EDGE('',*,*,#14207,.F.);
#14338=ORIENTED_EDGE('',*,*,#14285,.T.);
#14339=ORIENTED_EDGE('',*,*,#14233,.F.);
#14340=ORIENTED_EDGE('',*,*,#14144,.T.);
#14341=EDGE_LOOP('',(#14337,#14338,#14339,#14340));
#14342=FACE_BOUND('',#14341,.T.);
#14343=ADVANCED_FACE('',(#14342),#14336,.T.);
#14344=CARTESIAN_POINT('',(5727.700000016,387.35,1768.475));
#14345=DIRECTION('',(-1.,0.,-0.));
#14346=DIRECTION('',(-0.,0.,1.));
#14347=AXIS2_PLACEMENT_3D('',#14344,#14345,#14346);
#14348=PLANE('',#14347);
#14349=CARTESIAN_POINT('',(5727.700000016,381.,2609.85));
#14350=DIRECTION('',(0.,0.,-1.));
#14351=VECTOR('',#14350,1682.75);
#14352=LINE('',#14349,#14351);
#14353=EDGE_CURVE('',#14219,#14156,#14352,.T.);
#14354=ORIENTED_EDGE('',*,*,#14353,.F.);
#14355=ORIENTED_EDGE('',*,*,#14271,.F.);
#14356=CARTESIAN_POINT('',(5727.700000016,387.35,2609.85));
#14357=DIRECTION('',(0.,0.,-1.));
#14358=VECTOR('',#14357,1682.75);
#14359=LINE('',#14356,#14358);
#14360=EDGE_CURVE('',#14260,#14164,#14359,.T.);
#14361=ORIENTED_EDGE('',*,*,#14360,.T.);
#14362=ORIENTED_EDGE('',*,*,#14169,.T.);
#14363=EDGE_LOOP('',(#14354,#14355,#14361,#14362));
#14364=FACE_BOUND('',#14363,.T.);
#14365=ADVANCED_FACE('',(#14364),#14348,.T.);
#14366=CARTESIAN_POINT('',(4876.800000016,387.35,927.1));
#14367=DIRECTION('',(0.,-1.,0.));
#14368=DIRECTION('',(1.,0.,0.));
#14369=AXIS2_PLACEMENT_3D('',#14366,#14367,#14368);
#14370=PLANE('',#14369);
#14371=ORIENTED_EDGE('',*,*,#14360,.F.);
#14372=ORIENTED_EDGE('',*,*,#14265,.F.);
#14373=ORIENTED_EDGE('',*,*,#14307,.T.);
#14374=ORIENTED_EDGE('',*,*,#14177,.F.);
#14375=EDGE_LOOP('',(#14371,#14372,#14373,#14374));
#14376=FACE_BOUND('',#14375,.T.);
#14377=ADVANCED_FACE('',(#14376),#14370,.T.);
#14378=CARTESIAN_POINT('',(4876.800000016,381.,927.1));
#14379=DIRECTION('',(0.,-1.,0.));
#14380=DIRECTION('',(1.,0.,0.));
#14381=AXIS2_PLACEMENT_3D('',#14378,#14379,#14380);
#14382=PLANE('',#14381);
#14383=ORIENTED_EDGE('',*,*,#14353,.T.);
#14384=ORIENTED_EDGE('',*,*,#14161,.T.);
#14385=ORIENTED_EDGE('',*,*,#14130,.F.);
#14386=ORIENTED_EDGE('',*,*,#14224,.T.);
#14387=EDGE_LOOP('',(#14383,#14384,#14385,#14386));
#14388=FACE_BOUND('',#14387,.T.);
#14389=ADVANCED_FACE('',(#14388),#14382,.F.);
#14390=CLOSED_SHELL('',(#14148,#14212,#14275,#14297,#14319,#14331,#14343,#14365,#14377,#14389));
#14391=MANIFOLD_SOLID_BREP('[Panel] Right',#14390);
#14108=STYLED_ITEM('',(#267),#14391);
#14393=CARTESIAN_POINT('',(5727.700000016,384.175,917.575));
#14394=DIRECTION('',(-1.,-0.,0.));
#14395=DIRECTION('',(0.,-1.,0.));
#14396=AXIS2_PLACEMENT_3D('',#14393,#14394,#14395);
#14397=PLANE('',#14396);
#14398=CARTESIAN_POINT('',(5727.700000016,387.35,2600.325));
#14399=VERTEX_POINT('',#14398);
#14400=CARTESIAN_POINT('',(5727.700000016,381.,2600.325));
#14401=VERTEX_POINT('',#14400);
#14402=CARTESIAN_POINT('',(5727.700000016,387.35,2600.325));
#14403=DIRECTION('',(0.,-1.,0.));
#14404=VECTOR('',#14403,6.35);
#14405=LINE('',#14402,#14404);
#14406=EDGE_CURVE('',#14399,#14401,#14405,.T.);
#14407=ORIENTED_EDGE('',*,*,#14406,.T.);
#14408=CARTESIAN_POINT('',(5727.700000016,381.,917.575));
#14409=VERTEX_POINT('',#14408);
#14410=CARTESIAN_POINT('',(5727.700000016,381.,917.575));
#14411=DIRECTION('',(0.,0.,1.));
#14412=VECTOR('',#14411,1682.75);
#14413=LINE('',#14410,#14412);
#14414=EDGE_CURVE('',#14409,#14401,#14413,.T.);
#14415=ORIENTED_EDGE('',*,*,#14414,.F.);
#14416=CARTESIAN_POINT('',(5727.700000016,387.35,917.575));
#14417=VERTEX_POINT('',#14416);
#14418=CARTESIAN_POINT('',(5727.700000016,387.35,917.575));
#14419=DIRECTION('',(0.,-1.,0.));
#14420=VECTOR('',#14419,6.35);
#14421=LINE('',#14418,#14420);
#14422=EDGE_CURVE('',#14417,#14409,#14421,.T.);
#14423=ORIENTED_EDGE('',*,*,#14422,.F.);
#14424=CARTESIAN_POINT('',(5727.700000016,387.35,917.575));
#14425=DIRECTION('',(0.,0.,1.));
#14426=VECTOR('',#14425,1682.75);
#14427=LINE('',#14424,#14426);
#14428=EDGE_CURVE('',#14417,#14399,#14427,.T.);
#14429=ORIENTED_EDGE('',*,*,#14428,.T.);
#14430=EDGE_LOOP('',(#14407,#14415,#14423,#14429));
#14431=FACE_BOUND('',#14430,.T.);
#14432=ADVANCED_FACE('',(#14431),#14397,.F.);
#14433=CARTESIAN_POINT('',(5307.012500016,387.35,917.575));
#14434=DIRECTION('',(0.,-1.,0.));
#14435=DIRECTION('',(0.,0.,-1.));
#14436=AXIS2_PLACEMENT_3D('',#14433,#14434,#14435);
#14437=PLANE('',#14436);
#14438=CARTESIAN_POINT('',(4886.325000016,387.35,2600.325));
#14439=VERTEX_POINT('',#14438);
#14440=CARTESIAN_POINT('',(4886.325000016,387.35,2600.325));
#14441=DIRECTION('',(1.,0.,-0.));
#14442=VECTOR('',#14441,841.375);
#14443=LINE('',#14440,#14442);
#14444=EDGE_CURVE('',#14439,#14399,#14443,.T.);
#14445=ORIENTED_EDGE('',*,*,#14444,.T.);
#14446=ORIENTED_EDGE('',*,*,#14428,.F.);
#14447=CARTESIAN_POINT('',(4886.325000016,387.35,917.575));
#14448=VERTEX_POINT('',#14447);
#14449=CARTESIAN_POINT('',(4886.325000016,387.35,917.575));
#14450=DIRECTION('',(1.,0.,-0.));
#14451=VECTOR('',#14450,841.375);
#14452=LINE('',#14449,#14451);
#14453=EDGE_CURVE('',#14448,#14417,#14452,.T.);
#14454=ORIENTED_EDGE('',*,*,#14453,.F.);
#14455=CARTESIAN_POINT('',(4886.325000016,387.35,917.575));
#14456=DIRECTION('',(0.,0.,1.));
#14457=VECTOR('',#14456,1682.75);
#14458=LINE('',#14455,#14457);
#14459=EDGE_CURVE('',#14448,#14439,#14458,.T.);
#14460=ORIENTED_EDGE('',*,*,#14459,.T.);
#14461=EDGE_LOOP('',(#14445,#14446,#14454,#14460));
#14462=FACE_BOUND('',#14461,.T.);
#14463=ADVANCED_FACE('',(#14462),#14437,.F.);
#14464=CARTESIAN_POINT('',(4886.325000016,384.175,917.575));
#14465=DIRECTION('',(1.,0.,0.));
#14466=DIRECTION('',(0.,0.,-1.));
#14467=AXIS2_PLACEMENT_3D('',#14464,#14465,#14466);
#14468=PLANE('',#14467);
#14469=CARTESIAN_POINT('',(4886.325000016,381.,2600.325));
#14470=VERTEX_POINT('',#14469);
#14471=CARTESIAN_POINT('',(4886.325000016,381.,2600.325));
#14472=DIRECTION('',(0.,1.,0.));
#14473=VECTOR('',#14472,6.35);
#14474=LINE('',#14471,#14473);
#14475=EDGE_CURVE('',#14470,#14439,#14474,.T.);
#14476=ORIENTED_EDGE('',*,*,#14475,.T.);
#14477=ORIENTED_EDGE('',*,*,#14459,.F.);
#14478=CARTESIAN_POINT('',(4886.325000016,381.,917.575));
#14479=VERTEX_POINT('',#14478);
#14480=CARTESIAN_POINT('',(4886.325000016,381.,917.575));
#14481=DIRECTION('',(0.,1.,0.));
#14482=VECTOR('',#14481,6.35);
#14483=LINE('',#14480,#14482);
#14484=EDGE_CURVE('',#14479,#14448,#14483,.T.);
#14485=ORIENTED_EDGE('',*,*,#14484,.F.);
#14486=CARTESIAN_POINT('',(4886.325000016,381.,917.575));
#14487=DIRECTION('',(0.,0.,1.));
#14488=VECTOR('',#14487,1682.75);
#14489=LINE('',#14486,#14488);
#14490=EDGE_CURVE('',#14479,#14470,#14489,.T.);
#14491=ORIENTED_EDGE('',*,*,#14490,.T.);
#14492=EDGE_LOOP('',(#14476,#14477,#14485,#14491));
#14493=FACE_BOUND('',#14492,.T.);
#14494=ADVANCED_FACE('',(#14493),#14468,.F.);
#14495=CARTESIAN_POINT('',(5307.012500016,381.,917.575));
#14496=DIRECTION('',(0.,1.,0.));
#14497=DIRECTION('',(-1.,0.,0.));
#14498=AXIS2_PLACEMENT_3D('',#14495,#14496,#14497);
#14499=PLANE('',#14498);
#14500=CARTESIAN_POINT('',(5727.700000016,381.,2600.325));
#14501=DIRECTION('',(-1.,0.,0.));
#14502=VECTOR('',#14501,841.375);
#14503=LINE('',#14500,#14502);
#14504=EDGE_CURVE('',#14401,#14470,#14503,.T.);
#14505=ORIENTED_EDGE('',*,*,#14504,.T.);
#14506=ORIENTED_EDGE('',*,*,#14490,.F.);
#14507=CARTESIAN_POINT('',(5727.700000016,381.,917.575));
#14508=DIRECTION('',(-1.,0.,0.));
#14509=VECTOR('',#14508,841.375);
#14510=LINE('',#14507,#14509);
#14511=EDGE_CURVE('',#14409,#14479,#14510,.T.);
#14512=ORIENTED_EDGE('',*,*,#14511,.F.);
#14513=ORIENTED_EDGE('',*,*,#14414,.T.);
#14514=EDGE_LOOP('',(#14505,#14506,#14512,#14513));
#14515=FACE_BOUND('',#14514,.T.);
#14516=ADVANCED_FACE('',(#14515),#14499,.F.);
#14517=OVER_RIDING_STYLED_ITEM('',(#1269),#14516,#14392);
#14518=CARTESIAN_POINT('',(4876.800000016,120.65,917.575));
#14519=DIRECTION('',(0.,0.,1.));
#14520=DIRECTION('',(1.,0.,0.));
#14521=AXIS2_PLACEMENT_3D('',#14518,#14519,#14520);
#14522=PLANE('',#14521);
#14523=ORIENTED_EDGE('',*,*,#14422,.T.);
#14524=ORIENTED_EDGE('',*,*,#14511,.T.);
#14525=ORIENTED_EDGE('',*,*,#14484,.T.);
#14526=ORIENTED_EDGE('',*,*,#14453,.T.);
#14527=EDGE_LOOP('',(#14523,#14524,#14525,#14526));
#14528=FACE_BOUND('',#14527,.T.);
#14529=ADVANCED_FACE('',(#14528),#14522,.F.);
#14530=CARTESIAN_POINT('',(4876.800000016,120.65,2600.325));
#14531=DIRECTION('',(0.,0.,1.));
#14532=DIRECTION('',(1.,0.,0.));
#14533=AXIS2_PLACEMENT_3D('',#14530,#14531,#14532);
#14534=PLANE('',#14533);
#14535=ORIENTED_EDGE('',*,*,#14406,.F.);
#14536=ORIENTED_EDGE('',*,*,#14444,.F.);
#14537=ORIENTED_EDGE('',*,*,#14475,.F.);
#14538=ORIENTED_EDGE('',*,*,#14504,.F.);
#14539=EDGE_LOOP('',(#14535,#14536,#14537,#14538));
#14540=FACE_BOUND('',#14539,.T.);
#14541=ADVANCED_FACE('',(#14540),#14534,.T.);
#14542=CLOSED_SHELL('',(#14432,#14463,#14494,#14516,#14529,#14541));
#14543=MANIFOLD_SOLID_BREP('[Panel] Back',#14542);
#14392=STYLED_ITEM('',(#267),#14543);
#14545=CARTESIAN_POINT('',(5307.012500016,406.4,2489.2));
#14546=DIRECTION('',(-0.,0.,1.));
#14547=DIRECTION('',(1.,0.,0.));
#14548=AXIS2_PLACEMENT_3D('',#14545,#14546,#14547);
#14549=PLANE('',#14548);
#14550=CARTESIAN_POINT('',(5718.175000016,387.35,2489.2));
#14551=VERTEX_POINT('',#14550);
#14552=CARTESIAN_POINT('',(4895.850000016,387.35,2489.2));
#14553=VERTEX_POINT('',#14552);
#14554=CARTESIAN_POINT('',(5718.175000016,387.35,2489.2));
#14555=DIRECTION('',(-1.,0.,-0.));
#14556=VECTOR('',#14555,822.325);
#14557=LINE('',#14554,#14556);
#14558=EDGE_CURVE('',#14551,#14553,#14557,.T.);
#14559=ORIENTED_EDGE('',*,*,#14558,.T.);
#14560=CARTESIAN_POINT('',(4895.850000016,406.4,2489.2));
#14561=VERTEX_POINT('',#14560);
#14562=CARTESIAN_POINT('',(4895.850000016,406.4,2489.2));
#14563=DIRECTION('',(0.,-1.,0.));
#14564=VECTOR('',#14563,19.05);
#14565=LINE('',#14562,#14564);
#14566=EDGE_CURVE('',#14561,#14553,#14565,.T.);
#14567=ORIENTED_EDGE('',*,*,#14566,.F.);
#14568=CARTESIAN_POINT('',(5718.175000016,406.4,2489.2));
#14569=VERTEX_POINT('',#14568);
#14570=CARTESIAN_POINT('',(5718.175000016,406.4,2489.2));
#14571=DIRECTION('',(-1.,0.,-0.));
#14572=VECTOR('',#14571,822.325);
#14573=LINE('',#14570,#14572);
#14574=EDGE_CURVE('',#14569,#14561,#14573,.T.);
#14575=ORIENTED_EDGE('',*,*,#14574,.F.);
#14576=CARTESIAN_POINT('',(5718.175000016,406.4,2489.2));
#14577=DIRECTION('',(0.,-1.,0.));
#14578=VECTOR('',#14577,19.05);
#14579=LINE('',#14576,#14578);
#14580=EDGE_CURVE('',#14569,#14551,#14579,.T.);
#14581=ORIENTED_EDGE('',*,*,#14580,.T.);
#14582=EDGE_LOOP('',(#14559,#14567,#14575,#14581));
#14583=FACE_BOUND('',#14582,.T.);
#14584=ADVANCED_FACE('',(#14583),#14549,.F.);
#14585=CARTESIAN_POINT('',(5718.175000016,406.4,2540.));
#14586=DIRECTION('',(-1.,0.,0.));
#14587=DIRECTION('',(0.,0.,1.));
#14588=AXIS2_PLACEMENT_3D('',#14585,#14586,#14587);
#14589=PLANE('',#14588);
#14590=CARTESIAN_POINT('',(5718.175000016,387.35,2590.8));
#14591=VERTEX_POINT('',#14590);
#14592=CARTESIAN_POINT('',(5718.175000016,387.35,2590.8));
#14593=DIRECTION('',(0.,0.,-1.));
#14594=VECTOR('',#14593,101.6);
#14595=LINE('',#14592,#14594);
#14596=EDGE_CURVE('',#14591,#14551,#14595,.T.);
#14597=ORIENTED_EDGE('',*,*,#14596,.T.);
#14598=ORIENTED_EDGE('',*,*,#14580,.F.);
#14599=CARTESIAN_POINT('',(5718.175000016,406.4,2590.8));
#14600=VERTEX_POINT('',#14599);
#14601=CARTESIAN_POINT('',(5718.175000016,406.4,2590.8));
#14602=DIRECTION('',(0.,0.,-1.));
#14603=VECTOR('',#14602,101.6);
#14604=LINE('',#14601,#14603);
#14605=EDGE_CURVE('',#14600,#14569,#14604,.T.);
#14606=ORIENTED_EDGE('',*,*,#14605,.F.);
#14607=CARTESIAN_POINT('',(5718.175000016,406.4,2590.8));
#14608=DIRECTION('',(0.,-1.,0.));
#14609=VECTOR('',#14608,19.05);
#14610=LINE('',#14607,#14609);
#14611=EDGE_CURVE('',#14600,#14591,#14610,.T.);
#14612=ORIENTED_EDGE('',*,*,#14611,.T.);
#14613=EDGE_LOOP('',(#14597,#14598,#14606,#14612));
#14614=FACE_BOUND('',#14613,.T.);
#14615=ADVANCED_FACE('',(#14614),#14589,.F.);
#14616=CARTESIAN_POINT('',(5307.012500016,406.4,2590.8));
#14617=DIRECTION('',(0.,0.,-1.));
#14618=DIRECTION('',(-1.,0.,-0.));
#14619=AXIS2_PLACEMENT_3D('',#14616,#14617,#14618);
#14620=PLANE('',#14619);
#14621=CARTESIAN_POINT('',(4895.850000016,387.35,2590.8));
#14622=VERTEX_POINT('',#14621);
#14623=CARTESIAN_POINT('',(4895.850000016,387.35,2590.8));
#14624=DIRECTION('',(1.,0.,0.));
#14625=VECTOR('',#14624,822.325);
#14626=LINE('',#14623,#14625);
#14627=EDGE_CURVE('',#14622,#14591,#14626,.T.);
#14628=ORIENTED_EDGE('',*,*,#14627,.T.);
#14629=ORIENTED_EDGE('',*,*,#14611,.F.);
#14630=CARTESIAN_POINT('',(4895.850000016,406.4,2590.8));
#14631=VERTEX_POINT('',#14630);
#14632=CARTESIAN_POINT('',(4895.850000016,406.4,2590.8));
#14633=DIRECTION('',(1.,0.,0.));
#14634=VECTOR('',#14633,822.325);
#14635=LINE('',#14632,#14634);
#14636=EDGE_CURVE('',#14631,#14600,#14635,.T.);
#14637=ORIENTED_EDGE('',*,*,#14636,.F.);
#14638=CARTESIAN_POINT('',(4895.850000016,406.4,2590.8));
#14639=DIRECTION('',(0.,-1.,0.));
#14640=VECTOR('',#14639,19.05);
#14641=LINE('',#14638,#14640);
#14642=EDGE_CURVE('',#14631,#14622,#14641,.T.);
#14643=ORIENTED_EDGE('',*,*,#14642,.T.);
#14644=EDGE_LOOP('',(#14628,#14629,#14637,#14643));
#14645=FACE_BOUND('',#14644,.T.);
#14646=ADVANCED_FACE('',(#14645),#14620,.F.);
#14647=CARTESIAN_POINT('',(4895.850000016,406.4,2540.));
#14648=DIRECTION('',(1.,0.,0.));
#14649=DIRECTION('',(0.,0.,-1.));
#14650=AXIS2_PLACEMENT_3D('',#14647,#14648,#14649);
#14651=PLANE('',#14650);
#14652=CARTESIAN_POINT('',(4895.850000016,387.35,2489.2));
#14653=DIRECTION('',(-0.,0.,1.));
#14654=VECTOR('',#14653,101.6);
#14655=LINE('',#14652,#14654);
#14656=EDGE_CURVE('',#14553,#14622,#14655,.T.);
#14657=ORIENTED_EDGE('',*,*,#14656,.T.);
#14658=ORIENTED_EDGE('',*,*,#14642,.F.);
#14659=CARTESIAN_POINT('',(4895.850000016,406.4,2489.2));
#14660=DIRECTION('',(-0.,0.,1.));
#14661=VECTOR('',#14660,101.6);
#14662=LINE('',#14659,#14661);
#14663=EDGE_CURVE('',#14561,#14631,#14662,.T.);
#14664=ORIENTED_EDGE('',*,*,#14663,.F.);
#14665=ORIENTED_EDGE('',*,*,#14566,.T.);
#14666=EDGE_LOOP('',(#14657,#14658,#14664,#14665));
#14667=FACE_BOUND('',#14666,.T.);
#14668=ADVANCED_FACE('',(#14667),#14651,.F.);
#14669=CARTESIAN_POINT('',(4876.800000016,406.4,927.1));
#14670=DIRECTION('',(0.,-1.,0.));
#14671=DIRECTION('',(1.,0.,0.));
#14672=AXIS2_PLACEMENT_3D('',#14669,#14670,#14671);
#14673=PLANE('',#14672);
#14674=ORIENTED_EDGE('',*,*,#14574,.T.);
#14675=ORIENTED_EDGE('',*,*,#14663,.T.);
#14676=ORIENTED_EDGE('',*,*,#14636,.T.);
#14677=ORIENTED_EDGE('',*,*,#14605,.T.);
#14678=EDGE_LOOP('',(#14674,#14675,#14676,#14677));
#14679=FACE_BOUND('',#14678,.T.);
#14680=ADVANCED_FACE('',(#14679),#14673,.F.);
#14681=CARTESIAN_POINT('',(4876.800000016,387.35,927.1));
#14682=DIRECTION('',(0.,-1.,0.));
#14683=DIRECTION('',(1.,0.,0.));
#14684=AXIS2_PLACEMENT_3D('',#14681,#14682,#14683);
#14685=PLANE('',#14684);
#14686=ORIENTED_EDGE('',*,*,#14558,.F.);
#14687=ORIENTED_EDGE('',*,*,#14596,.F.);
#14688=ORIENTED_EDGE('',*,*,#14627,.F.);
#14689=ORIENTED_EDGE('',*,*,#14656,.F.);
#14690=EDGE_LOOP('',(#14686,#14687,#14688,#14689));
#14691=FACE_BOUND('',#14690,.T.);
#14692=ADVANCED_FACE('',(#14691),#14685,.T.);
#14693=CLOSED_SHELL('',(#14584,#14615,#14646,#14668,#14680,#14692));
#14694=MANIFOLD_SOLID_BREP('[Nailer] Top',#14693);
#14544=STYLED_ITEM('',(#267),#14694);
#14696=CARTESIAN_POINT('',(5718.175000016,406.4,996.95));
#14697=DIRECTION('',(-1.,0.,-0.));
#14698=DIRECTION('',(-0.,0.,1.));
#14699=AXIS2_PLACEMENT_3D('',#14696,#14697,#14698);
#14700=PLANE('',#14699);
#14701=CARTESIAN_POINT('',(5718.175000016,387.35,1047.75));
#14702=VERTEX_POINT('',#14701);
#14703=CARTESIAN_POINT('',(5718.175000016,387.35,946.15));
#14704=VERTEX_POINT('',#14703);
#14705=CARTESIAN_POINT('',(5718.175000016,387.35,1047.75));
#14706=DIRECTION('',(0.,0.,-1.));
#14707=VECTOR('',#14706,101.6);
#14708=LINE('',#14705,#14707);
#14709=EDGE_CURVE('',#14702,#14704,#14708,.T.);
#14710=ORIENTED_EDGE('',*,*,#14709,.T.);
#14711=CARTESIAN_POINT('',(5718.175000016,406.4,946.15));
#14712=VERTEX_POINT('',#14711);
#14713=CARTESIAN_POINT('',(5718.175000016,406.4,946.15));
#14714=DIRECTION('',(0.,-1.,0.));
#14715=VECTOR('',#14714,19.05);
#14716=LINE('',#14713,#14715);
#14717=EDGE_CURVE('',#14712,#14704,#14716,.T.);
#14718=ORIENTED_EDGE('',*,*,#14717,.F.);
#14719=CARTESIAN_POINT('',(5718.175000016,406.4,1047.75));
#14720=VERTEX_POINT('',#14719);
#14721=CARTESIAN_POINT('',(5718.175000016,406.4,1047.75));
#14722=DIRECTION('',(0.,0.,-1.));
#14723=VECTOR('',#14722,101.6);
#14724=LINE('',#14721,#14723);
#14725=EDGE_CURVE('',#14720,#14712,#14724,.T.);
#14726=ORIENTED_EDGE('',*,*,#14725,.F.);
#14727=CARTESIAN_POINT('',(5718.175000016,406.4,1047.75));
#14728=DIRECTION('',(0.,-1.,0.));
#14729=VECTOR('',#14728,19.05);
#14730=LINE('',#14727,#14729);
#14731=EDGE_CURVE('',#14720,#14702,#14730,.T.);
#14732=ORIENTED_EDGE('',*,*,#14731,.T.);
#14733=EDGE_LOOP('',(#14710,#14718,#14726,#14732));
#14734=FACE_BOUND('',#14733,.T.);
#14735=ADVANCED_FACE('',(#14734),#14700,.F.);
#14736=CARTESIAN_POINT('',(5307.012500016,406.4,1047.75));
#14737=DIRECTION('',(-0.,0.,1.));
#14738=DIRECTION('',(1.,0.,0.));
#14739=AXIS2_PLACEMENT_3D('',#14736,#14737,#14738);
#14740=PLANE('',#14739);
#14741=CARTESIAN_POINT('',(4895.850000016,387.35,1047.75));
#14742=VERTEX_POINT('',#14741);
#14743=CARTESIAN_POINT('',(5718.175000016,387.35,1047.75));
#14744=DIRECTION('',(-1.,0.,-0.));
#14745=VECTOR('',#14744,822.325);
#14746=LINE('',#14743,#14745);
#14747=EDGE_CURVE('',#14702,#14742,#14746,.T.);
#14748=ORIENTED_EDGE('',*,*,#14747,.F.);
#14749=ORIENTED_EDGE('',*,*,#14731,.F.);
#14750=CARTESIAN_POINT('',(4895.850000016,406.4,1047.75));
#14751=VERTEX_POINT('',#14750);
#14752=CARTESIAN_POINT('',(5718.175000016,406.4,1047.75));
#14753=DIRECTION('',(-1.,0.,-0.));
#14754=VECTOR('',#14753,822.325);
#14755=LINE('',#14752,#14754);
#14756=EDGE_CURVE('',#14720,#14751,#14755,.T.);
#14757=ORIENTED_EDGE('',*,*,#14756,.T.);
#14758=CARTESIAN_POINT('',(4895.850000016,406.4,1047.75));
#14759=DIRECTION('',(0.,-1.,0.));
#14760=VECTOR('',#14759,19.05);
#14761=LINE('',#14758,#14760);
#14762=EDGE_CURVE('',#14751,#14742,#14761,.T.);
#14763=ORIENTED_EDGE('',*,*,#14762,.T.);
#14764=EDGE_LOOP('',(#14748,#14749,#14757,#14763));
#14765=FACE_BOUND('',#14764,.T.);
#14766=ADVANCED_FACE('',(#14765),#14740,.T.);
#14767=CARTESIAN_POINT('',(4895.850000016,406.4,996.95));
#14768=DIRECTION('',(1.,0.,0.));
#14769=DIRECTION('',(0.,0.,-1.));
#14770=AXIS2_PLACEMENT_3D('',#14767,#14768,#14769);
#14771=PLANE('',#14770);
#14772=CARTESIAN_POINT('',(4895.850000016,387.35,946.15));
#14773=VERTEX_POINT('',#14772);
#14774=CARTESIAN_POINT('',(4895.850000016,387.35,946.15));
#14775=DIRECTION('',(-0.,0.,1.));
#14776=VECTOR('',#14775,101.6);
#14777=LINE('',#14774,#14776);
#14778=EDGE_CURVE('',#14773,#14742,#14777,.T.);
#14779=ORIENTED_EDGE('',*,*,#14778,.T.);
#14780=ORIENTED_EDGE('',*,*,#14762,.F.);
#14781=CARTESIAN_POINT('',(4895.850000016,406.4,946.15));
#14782=VERTEX_POINT('',#14781);
#14783=CARTESIAN_POINT('',(4895.850000016,406.4,946.15));
#14784=DIRECTION('',(-0.,0.,1.));
#14785=VECTOR('',#14784,101.6);
#14786=LINE('',#14783,#14785);
#14787=EDGE_CURVE('',#14782,#14751,#14786,.T.);
#14788=ORIENTED_EDGE('',*,*,#14787,.F.);
#14789=CARTESIAN_POINT('',(4895.850000016,406.4,946.15));
#14790=DIRECTION('',(0.,-1.,0.));
#14791=VECTOR('',#14790,19.05);
#14792=LINE('',#14789,#14791);
#14793=EDGE_CURVE('',#14782,#14773,#14792,.T.);
#14794=ORIENTED_EDGE('',*,*,#14793,.T.);
#14795=EDGE_LOOP('',(#14779,#14780,#14788,#14794));
#14796=FACE_BOUND('',#14795,.T.);
#14797=ADVANCED_FACE('',(#14796),#14771,.F.);
#14798=CARTESIAN_POINT('',(5307.012500016,406.4,946.15));
#14799=DIRECTION('',(0.,0.,-1.));
#14800=DIRECTION('',(-1.,0.,-0.));
#14801=AXIS2_PLACEMENT_3D('',#14798,#14799,#14800);
#14802=PLANE('',#14801);
#14803=CARTESIAN_POINT('',(4895.850000016,387.35,946.15));
#14804=DIRECTION('',(1.,0.,0.));
#14805=VECTOR('',#14804,822.325);
#14806=LINE('',#14803,#14805);
#14807=EDGE_CURVE('',#14773,#14704,#14806,.T.);
#14808=ORIENTED_EDGE('',*,*,#14807,.F.);
#14809=ORIENTED_EDGE('',*,*,#14793,.F.);
#14810=CARTESIAN_POINT('',(4895.850000016,406.4,946.15));
#14811=DIRECTION('',(1.,0.,0.));
#14812=VECTOR('',#14811,822.325);
#14813=LINE('',#14810,#14812);
#14814=EDGE_CURVE('',#14782,#14712,#14813,.T.);
#14815=ORIENTED_EDGE('',*,*,#14814,.T.);
#14816=ORIENTED_EDGE('',*,*,#14717,.T.);
#14817=EDGE_LOOP('',(#14808,#14809,#14815,#14816));
#14818=FACE_BOUND('',#14817,.T.);
#14819=ADVANCED_FACE('',(#14818),#14802,.T.);
#14820=CARTESIAN_POINT('',(4876.800000016,406.4,927.1));
#14821=DIRECTION('',(0.,-1.,0.));
#14822=DIRECTION('',(1.,0.,0.));
#14823=AXIS2_PLACEMENT_3D('',#14820,#14821,#14822);
#14824=PLANE('',#14823);
#14825=ORIENTED_EDGE('',*,*,#14725,.T.);
#14826=ORIENTED_EDGE('',*,*,#14814,.F.);
#14827=ORIENTED_EDGE('',*,*,#14787,.T.);
#14828=ORIENTED_EDGE('',*,*,#14756,.F.);
#14829=EDGE_LOOP('',(#14825,#14826,#14827,#14828));
#14830=FACE_BOUND('',#14829,.T.);
#14831=ADVANCED_FACE('',(#14830),#14824,.F.);
#14832=CARTESIAN_POINT('',(4876.800000016,387.35,927.1));
#14833=DIRECTION('',(0.,-1.,0.));
#14834=DIRECTION('',(1.,0.,0.));
#14835=AXIS2_PLACEMENT_3D('',#14832,#14833,#14834);
#14836=PLANE('',#14835);
#14837=ORIENTED_EDGE('',*,*,#14709,.F.);
#14838=ORIENTED_EDGE('',*,*,#14747,.T.);
#14839=ORIENTED_EDGE('',*,*,#14778,.F.);
#14840=ORIENTED_EDGE('',*,*,#14807,.T.);
#14841=EDGE_LOOP('',(#14837,#14838,#14839,#14840));
#14842=FACE_BOUND('',#14841,.T.);
#14843=ADVANCED_FACE('',(#14842),#14836,.T.);
#14844=CLOSED_SHELL('',(#14735,#14766,#14797,#14819,#14831,#14843));
#14845=MANIFOLD_SOLID_BREP('[Nailer] Bottom',#14844);
#14695=STYLED_ITEM('',(#267),#14845);
#13521=SHAPE_REPRESENTATION('Upper Right',(#15),#13519);
#13522=ADVANCED_BREP_SHAPE_REPRESENTATION('Upper Right',(#13823,#14107,#14391,#14543,#14694,#14845),#13519);
#14853=SHAPE_REPRESENTATION_RELATIONSHIP('','',#13521,#13522);
#14854=CARTESIAN_POINT('',(0.,0.,0.));
#14855=DIRECTION('',(0.,0.,1.));
#14856=DIRECTION('',(1.,0.,0.));
#14857=AXIS2_PLACEMENT_3D('',#14854,#14855,#14856);
#14859=MAPPED_ITEM('',#14858,#14857);
#14858=REPRESENTATION_MAP(#14857,#13521);
#13529=PRODUCT('Upper Right','Upper Right','',(#1877));
#14860=PRODUCT_RELATED_PRODUCT_CATEGORY('part','',(#13529));
#14861=PRODUCT_DEFINITION_FORMATION_WITH_SPECIFIED_SOURCE('','',#13529,.NOT_KNOWN.);
#13530=PRODUCT_DEFINITION('design','',#14861,#1878);
#13528=PRODUCT_DEFINITION_SHAPE('','',#13530);
#14862=SHAPE_DEFINITION_REPRESENTATION(#13528,#13521);
#13520=DRAUGHTING_MODEL('',(#14859),#13519);
#14863=(NAMED_UNIT(*)PLANE_ANGLE_UNIT()SI_UNIT($,.RADIAN.));
#14864=PLANE_ANGLE_MEASURE_WITH_UNIT(PLANE_ANGLE_MEASURE(0.0174532925),#14863);
#14865=(CONVERSION_BASED_UNIT('DEGREE',#14864)NAMED_UNIT(#14866)PLANE_ANGLE_UNIT());
#14866=DIMENSIONAL_EXPONENTS(0.,0.,0.,0.,0.,0.,0.);
#14867=(NAMED_UNIT(*)SI_UNIT($,.STERADIAN.)SOLID_ANGLE_UNIT());
#14868=(LENGTH_UNIT()NAMED_UNIT(*)SI_UNIT(.MILLI.,.METRE.));
#14869=UNCERTAINTY_MEASURE_WITH_UNIT(LENGTH_MEASURE(1.000000E-05),#14868,'DISTANCE_ACCURACY_VALUE','Maximum Tolerance applied to model');
#14870=(GEOMETRIC_REPRESENTATION_CONTEXT(3)GLOBAL_UNCERTAINTY_ASSIGNED_CONTEXT((#14869))GLOBAL_UNIT_ASSIGNED_CONTEXT((#14868,#14865,#14867))REPRESENTATION_CONTEXT('','Bottom Left'));
#14882=CARTESIAN_POINT('',(0.,0.,0.));
#14883=DIRECTION('',(0.,0.,1.));
#14884=DIRECTION('',(1.,0.,-0.));
#14885=AXIS2_PLACEMENT_3D('',#14882,#14883,#14884);
#14886=ITEM_DEFINED_TRANSFORMATION('','',#14885,#15);
#14887=(REPRESENTATION_RELATIONSHIP('','',#14872,#11990)REPRESENTATION_RELATIONSHIP_WITH_TRANSFORMATION(#14886)SHAPE_REPRESENTATION_RELATIONSHIP());
#14888=NEXT_ASSEMBLY_USAGE_OCCURRENCE('Bottom Left_16','Bottom Left','Bottom Left',#11999,#14881,$);
#14889=PRODUCT_DEFINITION_SHAPE('','',#14888);
#14890=CONTEXT_DEPENDENT_SHAPE_REPRESENTATION(#14887,#14889);
#14892=CARTESIAN_POINT('',(4433.8875,406.4,241.3));
#14893=DIRECTION('',(0.,0.,-1.));
#14894=DIRECTION('',(-1.,0.,-0.));
#14895=AXIS2_PLACEMENT_3D('',#14892,#14893,#14894);
#14896=PLANE('',#14895);
#14897=CARTESIAN_POINT('',(4022.725,387.35,241.3));
#14898=VERTEX_POINT('',#14897);
#14899=CARTESIAN_POINT('',(4845.05,387.35,241.3));
#14900=VERTEX_POINT('',#14899);
#14901=CARTESIAN_POINT('',(4022.725,387.35,241.3));
#14902=DIRECTION('',(1.,0.,0.));
#14903=VECTOR('',#14902,822.325);
#14904=LINE('',#14901,#14903);
#14905=EDGE_CURVE('',#14898,#14900,#14904,.T.);
#14906=ORIENTED_EDGE('',*,*,#14905,.T.);
#14907=CARTESIAN_POINT('',(4845.05,406.4,241.3));
#14908=VERTEX_POINT('',#14907);
#14909=CARTESIAN_POINT('',(4845.05,406.4,241.3));
#14910=DIRECTION('',(0.,-1.,0.));
#14911=VECTOR('',#14910,19.05);
#14912=LINE('',#14909,#14911);
#14913=EDGE_CURVE('',#14908,#14900,#14912,.T.);
#14914=ORIENTED_EDGE('',*,*,#14913,.F.);
#14915=CARTESIAN_POINT('',(4022.725,406.4,241.3));
#14916=VERTEX_POINT('',#14915);
#14917=CARTESIAN_POINT('',(4022.725,406.4,241.3));
#14918=DIRECTION('',(1.,0.,0.));
#14919=VECTOR('',#14918,822.325);
#14920=LINE('',#14917,#14919);
#14921=EDGE_CURVE('',#14916,#14908,#14920,.T.);
#14922=ORIENTED_EDGE('',*,*,#14921,.F.);
#14923=CARTESIAN_POINT('',(4022.725,406.4,241.3));
#14924=DIRECTION('',(0.,-1.,0.));
#14925=VECTOR('',#14924,19.05);
#14926=LINE('',#14923,#14925);
#14927=EDGE_CURVE('',#14916,#14898,#14926,.T.);
#14928=ORIENTED_EDGE('',*,*,#14927,.T.);
#14929=EDGE_LOOP('',(#14906,#14914,#14922,#14928));
#14930=FACE_BOUND('',#14929,.T.);
#14931=ADVANCED_FACE('',(#14930),#14896,.F.);
#14932=CARTESIAN_POINT('',(4022.725,406.4,190.5));
#14933=DIRECTION('',(1.,0.,-0.));
#14934=DIRECTION('',(-0.,0.,-1.));
#14935=AXIS2_PLACEMENT_3D('',#14932,#14933,#14934);
#14936=PLANE('',#14935);
#14937=CARTESIAN_POINT('',(4022.725,387.35,139.7));
#14938=VERTEX_POINT('',#14937);
#14939=CARTESIAN_POINT('',(4022.725,387.35,139.7));
#14940=DIRECTION('',(0.,0.,1.));
#14941=VECTOR('',#14940,101.6);
#14942=LINE('',#14939,#14941);
#14943=EDGE_CURVE('',#14938,#14898,#14942,.T.);
#14944=ORIENTED_EDGE('',*,*,#14943,.T.);
#14945=ORIENTED_EDGE('',*,*,#14927,.F.);
#14946=CARTESIAN_POINT('',(4022.725,406.4,139.7));
#14947=VERTEX_POINT('',#14946);
#14948=CARTESIAN_POINT('',(4022.725,406.4,139.7));
#14949=DIRECTION('',(0.,0.,1.));
#14950=VECTOR('',#14949,101.6);
#14951=LINE('',#14948,#14950);
#14952=EDGE_CURVE('',#14947,#14916,#14951,.T.);
#14953=ORIENTED_EDGE('',*,*,#14952,.F.);
#14954=CARTESIAN_POINT('',(4022.725,406.4,139.7));
#14955=DIRECTION('',(0.,-1.,0.));
#14956=VECTOR('',#14955,19.05);
#14957=LINE('',#14954,#14956);
#14958=EDGE_CURVE('',#14947,#14938,#14957,.T.);
#14959=ORIENTED_EDGE('',*,*,#14958,.T.);
#14960=EDGE_LOOP('',(#14944,#14945,#14953,#14959));
#14961=FACE_BOUND('',#14960,.T.);
#14962=ADVANCED_FACE('',(#14961),#14936,.F.);
#14963=CARTESIAN_POINT('',(4433.8875,406.4,139.7));
#14964=DIRECTION('',(-0.,0.,1.));
#14965=DIRECTION('',(1.,0.,0.));
#14966=AXIS2_PLACEMENT_3D('',#14963,#14964,#14965);
#14967=PLANE('',#14966);
#14968=CARTESIAN_POINT('',(4845.05,387.35,139.7));
#14969=VERTEX_POINT('',#14968);
#14970=CARTESIAN_POINT('',(4845.05,387.35,139.7));
#14971=DIRECTION('',(-1.,0.,-0.));
#14972=VECTOR('',#14971,822.325);
#14973=LINE('',#14970,#14972);
#14974=EDGE_CURVE('',#14969,#14938,#14973,.T.);
#14975=ORIENTED_EDGE('',*,*,#14974,.T.);
#14976=ORIENTED_EDGE('',*,*,#14958,.F.);
#14977=CARTESIAN_POINT('',(4845.05,406.4,139.7));
#14978=VERTEX_POINT('',#14977);
#14979=CARTESIAN_POINT('',(4845.05,406.4,139.7));
#14980=DIRECTION('',(-1.,0.,-0.));
#14981=VECTOR('',#14980,822.325);
#14982=LINE('',#14979,#14981);
#14983=EDGE_CURVE('',#14978,#14947,#14982,.T.);
#14984=ORIENTED_EDGE('',*,*,#14983,.F.);
#14985=CARTESIAN_POINT('',(4845.05,406.4,139.7));
#14986=DIRECTION('',(0.,-1.,0.));
#14987=VECTOR('',#14986,19.05);
#14988=LINE('',#14985,#14987);
#14989=EDGE_CURVE('',#14978,#14969,#14988,.T.);
#14990=ORIENTED_EDGE('',*,*,#14989,.T.);
#14991=EDGE_LOOP('',(#14975,#14976,#14984,#14990));
#14992=FACE_BOUND('',#14991,.T.);
#14993=ADVANCED_FACE('',(#14992),#14967,.F.);
#14994=CARTESIAN_POINT('',(4845.05,406.4,190.5));
#14995=DIRECTION('',(-1.,0.,0.));
#14996=DIRECTION('',(0.,0.,1.));
#14997=AXIS2_PLACEMENT_3D('',#14994,#14995,#14996);
#14998=PLANE('',#14997);
#14999=CARTESIAN_POINT('',(4845.05,387.35,241.3));
#15000=DIRECTION('',(0.,0.,-1.));
#15001=VECTOR('',#15000,101.6);
#15002=LINE('',#14999,#15001);
#15003=EDGE_CURVE('',#14900,#14969,#15002,.T.);
#15004=ORIENTED_EDGE('',*,*,#15003,.T.);
#15005=ORIENTED_EDGE('',*,*,#14989,.F.);
#15006=CARTESIAN_POINT('',(4845.05,406.4,241.3));
#15007=DIRECTION('',(0.,0.,-1.));
#15008=VECTOR('',#15007,101.6);
#15009=LINE('',#15006,#15008);
#15010=EDGE_CURVE('',#14908,#14978,#15009,.T.);
#15011=ORIENTED_EDGE('',*,*,#15010,.F.);
#15012=ORIENTED_EDGE('',*,*,#14913,.T.);
#15013=EDGE_LOOP('',(#15004,#15005,#15011,#15012));
#15014=FACE_BOUND('',#15013,.T.);
#15015=ADVANCED_FACE('',(#15014),#14998,.F.);
#15016=CARTESIAN_POINT('',(4003.675,406.4,120.65));
#15017=DIRECTION('',(0.,-1.,0.));
#15018=DIRECTION('',(1.,0.,0.));
#15019=AXIS2_PLACEMENT_3D('',#15016,#15017,#15018);
#15020=PLANE('',#15019);
#15021=ORIENTED_EDGE('',*,*,#14921,.T.);
#15022=ORIENTED_EDGE('',*,*,#15010,.T.);
#15023=ORIENTED_EDGE('',*,*,#14983,.T.);
#15024=ORIENTED_EDGE('',*,*,#14952,.T.);
#15025=EDGE_LOOP('',(#15021,#15022,#15023,#15024));
#15026=FACE_BOUND('',#15025,.T.);
#15027=ADVANCED_FACE('',(#15026),#15020,.F.);
#15028=CARTESIAN_POINT('',(4003.675,387.35,120.65));
#15029=DIRECTION('',(0.,-1.,0.));
#15030=DIRECTION('',(1.,0.,0.));
#15031=AXIS2_PLACEMENT_3D('',#15028,#15029,#15030);
#15032=PLANE('',#15031);
#15033=ORIENTED_EDGE('',*,*,#14905,.F.);
#15034=ORIENTED_EDGE('',*,*,#14943,.F.);
#15035=ORIENTED_EDGE('',*,*,#14974,.F.);
#15036=ORIENTED_EDGE('',*,*,#15003,.F.);
#15037=EDGE_LOOP('',(#15033,#15034,#15035,#15036));
#15038=FACE_BOUND('',#15037,.T.);
#15039=ADVANCED_FACE('',(#15038),#15032,.T.);
#15040=CLOSED_SHELL('',(#14931,#14962,#14993,#15015,#15027,#15039));
#15041=MANIFOLD_SOLID_BREP('[Nailer] Bottom',#15040);
#14891=STYLED_ITEM('',(#267),#15041);
#15043=CARTESIAN_POINT('',(4022.725,406.4,806.45));
#15044=DIRECTION('',(1.,0.,-0.));
#15045=DIRECTION('',(-0.,0.,-1.));
#15046=AXIS2_PLACEMENT_3D('',#15043,#15044,#15045);
#15047=PLANE('',#15046);
#15048=CARTESIAN_POINT('',(4022.725,387.35,755.65));
#15049=VERTEX_POINT('',#15048);
#15050=CARTESIAN_POINT('',(4022.725,387.35,857.25));
#15051=VERTEX_POINT('',#15050);
#15052=CARTESIAN_POINT('',(4022.725,387.35,755.65));
#15053=DIRECTION('',(0.,0.,1.));
#15054=VECTOR('',#15053,101.6);
#15055=LINE('',#15052,#15054);
#15056=EDGE_CURVE('',#15049,#15051,#15055,.T.);
#15057=ORIENTED_EDGE('',*,*,#15056,.T.);
#15058=CARTESIAN_POINT('',(4022.725,406.4,857.25));
#15059=VERTEX_POINT('',#15058);
#15060=CARTESIAN_POINT('',(4022.725,406.4,857.25));
#15061=DIRECTION('',(0.,-1.,0.));
#15062=VECTOR('',#15061,19.05);
#15063=LINE('',#15060,#15062);
#15064=EDGE_CURVE('',#15059,#15051,#15063,.T.);
#15065=ORIENTED_EDGE('',*,*,#15064,.F.);
#15066=CARTESIAN_POINT('',(4022.725,406.4,755.65));
#15067=VERTEX_POINT('',#15066);
#15068=CARTESIAN_POINT('',(4022.725,406.4,755.65));
#15069=DIRECTION('',(0.,0.,1.));
#15070=VECTOR('',#15069,101.6);
#15071=LINE('',#15068,#15070);
#15072=EDGE_CURVE('',#15067,#15059,#15071,.T.);
#15073=ORIENTED_EDGE('',*,*,#15072,.F.);
#15074=CARTESIAN_POINT('',(4022.725,406.4,755.65));
#15075=DIRECTION('',(0.,-1.,0.));
#15076=VECTOR('',#15075,19.05);
#15077=LINE('',#15074,#15076);
#15078=EDGE_CURVE('',#15067,#15049,#15077,.T.);
#15079=ORIENTED_EDGE('',*,*,#15078,.T.);
#15080=EDGE_LOOP('',(#15057,#15065,#15073,#15079));
#15081=FACE_BOUND('',#15080,.T.);
#15082=ADVANCED_FACE('',(#15081),#15047,.F.);
#15083=CARTESIAN_POINT('',(4433.8875,406.4,755.65));
#15084=DIRECTION('',(0.,0.,-1.));
#15085=DIRECTION('',(-1.,0.,-0.));
#15086=AXIS2_PLACEMENT_3D('',#15083,#15084,#15085);
#15087=PLANE('',#15086);
#15088=CARTESIAN_POINT('',(4845.05,387.35,755.65));
#15089=VERTEX_POINT('',#15088);
#15090=CARTESIAN_POINT('',(4022.725,387.35,755.65));
#15091=DIRECTION('',(1.,0.,0.));
#15092=VECTOR('',#15091,822.325);
#15093=LINE('',#15090,#15092);
#15094=EDGE_CURVE('',#15049,#15089,#15093,.T.);
#15095=ORIENTED_EDGE('',*,*,#15094,.F.);
#15096=ORIENTED_EDGE('',*,*,#15078,.F.);
#15097=CARTESIAN_POINT('',(4845.05,406.4,755.65));
#15098=VERTEX_POINT('',#15097);
#15099=CARTESIAN_POINT('',(4022.725,406.4,755.65));
#15100=DIRECTION('',(1.,0.,0.));
#15101=VECTOR('',#15100,822.325);
#15102=LINE('',#15099,#15101);
#15103=EDGE_CURVE('',#15067,#15098,#15102,.T.);
#15104=ORIENTED_EDGE('',*,*,#15103,.T.);
#15105=CARTESIAN_POINT('',(4845.05,406.4,755.65));
#15106=DIRECTION('',(0.,-1.,0.));
#15107=VECTOR('',#15106,19.05);
#15108=LINE('',#15105,#15107);
#15109=EDGE_CURVE('',#15098,#15089,#15108,.T.);
#15110=ORIENTED_EDGE('',*,*,#15109,.T.);
#15111=EDGE_LOOP('',(#15095,#15096,#15104,#15110));
#15112=FACE_BOUND('',#15111,.T.);
#15113=ADVANCED_FACE('',(#15112),#15087,.T.);
#15114=CARTESIAN_POINT('',(4845.05,406.4,806.45));
#15115=DIRECTION('',(-1.,0.,0.));
#15116=DIRECTION('',(0.,0.,1.));
#15117=AXIS2_PLACEMENT_3D('',#15114,#15115,#15116);
#15118=PLANE('',#15117);
#15119=CARTESIAN_POINT('',(4845.05,387.35,857.25));
#15120=VERTEX_POINT('',#15119);
#15121=CARTESIAN_POINT('',(4845.05,387.35,857.25));
#15122=DIRECTION('',(0.,0.,-1.));
#15123=VECTOR('',#15122,101.6);
#15124=LINE('',#15121,#15123);
#15125=EDGE_CURVE('',#15120,#15089,#15124,.T.);
#15126=ORIENTED_EDGE('',*,*,#15125,.T.);
#15127=ORIENTED_EDGE('',*,*,#15109,.F.);
#15128=CARTESIAN_POINT('',(4845.05,406.4,857.25));
#15129=VERTEX_POINT('',#15128);
#15130=CARTESIAN_POINT('',(4845.05,406.4,857.25));
#15131=DIRECTION('',(0.,0.,-1.));
#15132=VECTOR('',#15131,101.6);
#15133=LINE('',#15130,#15132);
#15134=EDGE_CURVE('',#15129,#15098,#15133,.T.);
#15135=ORIENTED_EDGE('',*,*,#15134,.F.);
#15136=CARTESIAN_POINT('',(4845.05,406.4,857.25));
#15137=DIRECTION('',(0.,-1.,0.));
#15138=VECTOR('',#15137,19.05);
#15139=LINE('',#15136,#15138);
#15140=EDGE_CURVE('',#15129,#15120,#15139,.T.);
#15141=ORIENTED_EDGE('',*,*,#15140,.T.);
#15142=EDGE_LOOP('',(#15126,#15127,#15135,#15141));
#15143=FACE_BOUND('',#15142,.T.);
#15144=ADVANCED_FACE('',(#15143),#15118,.F.);
#15145=CARTESIAN_POINT('',(4433.8875,406.4,857.25));
#15146=DIRECTION('',(0.,0.,-1.));
#15147=DIRECTION('',(-1.,0.,0.));
#15148=AXIS2_PLACEMENT_3D('',#15145,#15146,#15147);
#15149=PLANE('',#15148);
#15150=CARTESIAN_POINT('',(4022.725,387.35,857.25));
#15151=DIRECTION('',(1.,0.,-0.));
#15152=VECTOR('',#15151,822.325);
#15153=LINE('',#15150,#15152);
#15154=EDGE_CURVE('',#15051,#15120,#15153,.T.);
#15155=ORIENTED_EDGE('',*,*,#15154,.T.);
#15156=ORIENTED_EDGE('',*,*,#15140,.F.);
#15157=CARTESIAN_POINT('',(4022.725,406.4,857.25));
#15158=DIRECTION('',(1.,0.,-0.));
#15159=VECTOR('',#15158,822.325);
#15160=LINE('',#15157,#15159);
#15161=EDGE_CURVE('',#15059,#15129,#15160,.T.);
#15162=ORIENTED_EDGE('',*,*,#15161,.F.);
#15163=ORIENTED_EDGE('',*,*,#15064,.T.);
#15164=EDGE_LOOP('',(#15155,#15156,#15162,#15163));
#15165=FACE_BOUND('',#15164,.T.);
#15166=ADVANCED_FACE('',(#15165),#15149,.F.);
#15167=CARTESIAN_POINT('',(4003.675,406.4,120.65));
#15168=DIRECTION('',(0.,-1.,0.));
#15169=DIRECTION('',(1.,0.,0.));
#15170=AXIS2_PLACEMENT_3D('',#15167,#15168,#15169);
#15171=PLANE('',#15170);
#15172=ORIENTED_EDGE('',*,*,#15072,.T.);
#15173=ORIENTED_EDGE('',*,*,#15161,.T.);
#15174=ORIENTED_EDGE('',*,*,#15134,.T.);
#15175=ORIENTED_EDGE('',*,*,#15103,.F.);
#15176=EDGE_LOOP('',(#15172,#15173,#15174,#15175));
#15177=FACE_BOUND('',#15176,.T.);
#15178=ADVANCED_FACE('',(#15177),#15171,.F.);
#15179=CARTESIAN_POINT('',(4003.675,387.35,120.65));
#15180=DIRECTION('',(0.,-1.,0.));
#15181=DIRECTION('',(1.,0.,0.));
#15182=AXIS2_PLACEMENT_3D('',#15179,#15180,#15181);
#15183=PLANE('',#15182);
#15184=ORIENTED_EDGE('',*,*,#15056,.F.);
#15185=ORIENTED_EDGE('',*,*,#15094,.T.);
#15186=ORIENTED_EDGE('',*,*,#15125,.F.);
#15187=ORIENTED_EDGE('',*,*,#15154,.F.);
#15188=EDGE_LOOP('',(#15184,#15185,#15186,#15187));
#15189=FACE_BOUND('',#15188,.T.);
#15190=ADVANCED_FACE('',(#15189),#15183,.T.);
#15191=CLOSED_SHELL('',(#15082,#15113,#15144,#15166,#15178,#15190));
#15192=MANIFOLD_SOLID_BREP('[Nailer] Top',#15191);
#15042=STYLED_ITEM('',(#267),#15192);
#15194=CARTESIAN_POINT('',(4845.05,120.65,862.0125));
#15195=DIRECTION('',(1.,0.,0.));
#15196=DIRECTION('',(0.,0.,-1.));
#15197=AXIS2_PLACEMENT_3D('',#15194,#15195,#15196);
#15198=PLANE('',#15197);
#15199=CARTESIAN_POINT('',(4845.05,19.05,857.25));
#15200=VERTEX_POINT('',#15199);
#15201=CARTESIAN_POINT('',(4845.05,19.05,876.3));
#15202=VERTEX_POINT('',#15201);
#15203=CARTESIAN_POINT('',(4845.05,19.05,857.25));
#15204=DIRECTION('',(0.,0.,1.));
#15205=VECTOR('',#15204,19.05);
#15206=LINE('',#15203,#15205);
#15207=EDGE_CURVE('',#15200,#15202,#15206,.T.);
#15208=ORIENTED_EDGE('',*,*,#15207,.F.);
#15209=CARTESIAN_POINT('',(4845.05,120.65,857.25));
#15210=VERTEX_POINT('',#15209);
#15211=CARTESIAN_POINT('',(4845.05,120.65,857.25));
#15212=DIRECTION('',(0.,-1.,0.));
#15213=VECTOR('',#15212,101.6);
#15214=LINE('',#15211,#15213);
#15215=EDGE_CURVE('',#15210,#15200,#15214,.T.);
#15216=ORIENTED_EDGE('',*,*,#15215,.F.);
#15217=CARTESIAN_POINT('',(4845.05,120.65,876.3));
#15218=VERTEX_POINT('',#15217);
#15219=CARTESIAN_POINT('',(4845.05,120.65,857.25));
#15220=DIRECTION('',(0.,0.,1.));
#15221=VECTOR('',#15220,19.05);
#15222=LINE('',#15219,#15221);
#15223=EDGE_CURVE('',#15210,#15218,#15222,.T.);
#15224=ORIENTED_EDGE('',*,*,#15223,.T.);
#15225=CARTESIAN_POINT('',(4845.05,120.65,876.3));
#15226=DIRECTION('',(0.,-1.,0.));
#15227=VECTOR('',#15226,101.6);
#15228=LINE('',#15225,#15227);
#15229=EDGE_CURVE('',#15218,#15202,#15228,.T.);
#15230=ORIENTED_EDGE('',*,*,#15229,.T.);
#15231=EDGE_LOOP('',(#15208,#15216,#15224,#15230));
#15232=FACE_BOUND('',#15231,.T.);
#15233=ADVANCED_FACE('',(#15232),#15198,.T.);
#15234=CARTESIAN_POINT('',(4433.8875,120.65,876.3));
#15235=DIRECTION('',(0.,0.,-1.));
#15236=DIRECTION('',(-1.,0.,0.));
#15237=AXIS2_PLACEMENT_3D('',#15234,#15235,#15236);
#15238=PLANE('',#15237);
#15239=CARTESIAN_POINT('',(4022.725,19.05,876.3));
#15240=VERTEX_POINT('',#15239);
#15241=CARTESIAN_POINT('',(4022.725,19.05,876.3));
#15242=DIRECTION('',(1.,0.,-0.));
#15243=VECTOR('',#15242,822.325);
#15244=LINE('',#15241,#15243);
#15245=EDGE_CURVE('',#15240,#15202,#15244,.T.);
#15246=ORIENTED_EDGE('',*,*,#15245,.T.);
#15247=ORIENTED_EDGE('',*,*,#15229,.F.);
#15248=CARTESIAN_POINT('',(4022.725,120.65,876.3));
#15249=VERTEX_POINT('',#15248);
#15250=CARTESIAN_POINT('',(4022.725,120.65,876.3));
#15251=DIRECTION('',(1.,0.,-0.));
#15252=VECTOR('',#15251,822.325);
#15253=LINE('',#15250,#15252);
#15254=EDGE_CURVE('',#15249,#15218,#15253,.T.);
#15255=ORIENTED_EDGE('',*,*,#15254,.F.);
#15256=CARTESIAN_POINT('',(4022.725,120.65,876.3));
#15257=DIRECTION('',(0.,-1.,0.));
#15258=VECTOR('',#15257,101.6);
#15259=LINE('',#15256,#15258);
#15260=EDGE_CURVE('',#15249,#15240,#15259,.T.);
#15261=ORIENTED_EDGE('',*,*,#15260,.T.);
#15262=EDGE_LOOP('',(#15246,#15247,#15255,#15261));
#15263=FACE_BOUND('',#15262,.T.);
#15264=ADVANCED_FACE('',(#15263),#15238,.F.);
#15265=CARTESIAN_POINT('',(4022.725,120.65,862.0125));
#15266=DIRECTION('',(1.,0.,0.));
#15267=DIRECTION('',(0.,0.,-1.));
#15268=AXIS2_PLACEMENT_3D('',#15265,#15266,#15267);
#15269=PLANE('',#15268);
#15270=CARTESIAN_POINT('',(4022.725,19.05,857.25));
#15271=VERTEX_POINT('',#15270);
#15272=CARTESIAN_POINT('',(4022.725,19.05,857.25));
#15273=DIRECTION('',(0.,0.,1.));
#15274=VECTOR('',#15273,19.05);
#15275=LINE('',#15272,#15274);
#15276=EDGE_CURVE('',#15271,#15240,#15275,.T.);
#15277=ORIENTED_EDGE('',*,*,#15276,.T.);
#15278=ORIENTED_EDGE('',*,*,#15260,.F.);
#15279=CARTESIAN_POINT('',(4022.725,120.65,857.25));
#15280=VERTEX_POINT('',#15279);
#15281=CARTESIAN_POINT('',(4022.725,120.65,857.25));
#15282=DIRECTION('',(0.,0.,1.));
#15283=VECTOR('',#15282,19.05);
#15284=LINE('',#15281,#15283);
#15285=EDGE_CURVE('',#15280,#15249,#15284,.T.);
#15286=ORIENTED_EDGE('',*,*,#15285,.F.);
#15287=CARTESIAN_POINT('',(4022.725,120.65,857.25));
#15288=DIRECTION('',(0.,-1.,0.));
#15289=VECTOR('',#15288,101.6);
#15290=LINE('',#15287,#15289);
#15291=EDGE_CURVE('',#15280,#15271,#15290,.T.);
#15292=ORIENTED_EDGE('',*,*,#15291,.T.);
#15293=EDGE_LOOP('',(#15277,#15278,#15286,#15292));
#15294=FACE_BOUND('',#15293,.T.);
#15295=ADVANCED_FACE('',(#15294),#15269,.F.);
#15296=CARTESIAN_POINT('',(4433.8875,120.65,857.25));
#15297=DIRECTION('',(0.,0.,-1.));
#15298=DIRECTION('',(-1.,0.,0.));
#15299=AXIS2_PLACEMENT_3D('',#15296,#15297,#15298);
#15300=PLANE('',#15299);
#15301=CARTESIAN_POINT('',(4022.725,19.05,857.25));
#15302=DIRECTION('',(1.,0.,-0.));
#15303=VECTOR('',#15302,822.325);
#15304=LINE('',#15301,#15303);
#15305=EDGE_CURVE('',#15271,#15200,#15304,.T.);
#15306=ORIENTED_EDGE('',*,*,#15305,.F.);
#15307=ORIENTED_EDGE('',*,*,#15291,.F.);
#15308=CARTESIAN_POINT('',(4022.725,120.65,857.25));
#15309=DIRECTION('',(1.,0.,-0.));
#15310=VECTOR('',#15309,822.325);
#15311=LINE('',#15308,#15310);
#15312=EDGE_CURVE('',#15280,#15210,#15311,.T.);
#15313=ORIENTED_EDGE('',*,*,#15312,.T.);
#15314=ORIENTED_EDGE('',*,*,#15215,.T.);
#15315=EDGE_LOOP('',(#15306,#15307,#15313,#15314));
#15316=FACE_BOUND('',#15315,.T.);
#15317=ADVANCED_FACE('',(#15316),#15300,.T.);
#15318=CARTESIAN_POINT('',(4003.675,120.65,120.65));
#15319=DIRECTION('',(0.,-1.,0.));
#15320=DIRECTION('',(1.,0.,0.));
#15321=AXIS2_PLACEMENT_3D('',#15318,#15319,#15320);
#15322=PLANE('',#15321);
#15323=ORIENTED_EDGE('',*,*,#15223,.F.);
#15324=ORIENTED_EDGE('',*,*,#15312,.F.);
#15325=ORIENTED_EDGE('',*,*,#15285,.T.);
#15326=ORIENTED_EDGE('',*,*,#15254,.T.);
#15327=EDGE_LOOP('',(#15323,#15324,#15325,#15326));
#15328=FACE_BOUND('',#15327,.T.);
#15329=ADVANCED_FACE('',(#15328),#15322,.F.);
#15330=CARTESIAN_POINT('',(4003.675,19.05,120.65));
#15331=DIRECTION('',(0.,-1.,0.));
#15332=DIRECTION('',(1.,0.,0.));
#15333=AXIS2_PLACEMENT_3D('',#15330,#15331,#15332);
#15334=PLANE('',#15333);
#15335=ORIENTED_EDGE('',*,*,#15207,.T.);
#15336=ORIENTED_EDGE('',*,*,#15245,.F.);
#15337=ORIENTED_EDGE('',*,*,#15276,.F.);
#15338=ORIENTED_EDGE('',*,*,#15305,.T.);
#15339=EDGE_LOOP('',(#15335,#15336,#15337,#15338));
#15340=FACE_BOUND('',#15339,.T.);
#15341=ADVANCED_FACE('',(#15340),#15334,.T.);
#15342=CLOSED_SHELL('',(#15233,#15264,#15295,#15317,#15329,#15341));
#15343=MANIFOLD_SOLID_BREP('[Stretcher] Front',#15342);
#15193=STYLED_ITEM('',(#267),#15343);
#15345=CARTESIAN_POINT('',(4433.8875,304.8,857.25));
#15346=DIRECTION('',(0.,0.,1.));
#15347=DIRECTION('',(1.,0.,0.));
#15348=AXIS2_PLACEMENT_3D('',#15345,#15346,#15347);
#15349=PLANE('',#15348);
#15350=CARTESIAN_POINT('',(4022.725,387.35,857.25));
#15351=VERTEX_POINT('',#15350);
#15352=CARTESIAN_POINT('',(4845.05,387.35,857.25));
#15353=VERTEX_POINT('',#15352);
#15354=CARTESIAN_POINT('',(4022.725,387.35,857.25));
#15355=DIRECTION('',(1.,0.,-0.));
#15356=VECTOR('',#15355,822.325);
#15357=LINE('',#15354,#15356);
#15358=EDGE_CURVE('',#15351,#15353,#15357,.T.);
#15359=ORIENTED_EDGE('',*,*,#15358,.F.);
#15360=CARTESIAN_POINT('',(4022.725,406.4,857.25));
#15361=VERTEX_POINT('',#15360);
#15362=CARTESIAN_POINT('',(4022.725,387.35,857.25));
#15363=DIRECTION('',(0.,1.,0.));
#15364=VECTOR('',#15363,19.05);
#15365=LINE('',#15362,#15364);
#15366=EDGE_CURVE('',#15351,#15361,#15365,.T.);
#15367=ORIENTED_EDGE('',*,*,#15366,.T.);
#15368=CARTESIAN_POINT('',(4845.05,406.4,857.25));
#15369=VERTEX_POINT('',#15368);
#15370=CARTESIAN_POINT('',(4022.725,406.4,857.25));
#15371=DIRECTION('',(1.,0.,-0.));
#15372=VECTOR('',#15371,822.325);
#15373=LINE('',#15370,#15372);
#15374=EDGE_CURVE('',#15361,#15369,#15373,.T.);
#15375=ORIENTED_EDGE('',*,*,#15374,.T.);
#15376=CARTESIAN_POINT('',(4845.05,387.35,857.25));
#15377=DIRECTION('',(0.,1.,0.));
#15378=VECTOR('',#15377,19.05);
#15379=LINE('',#15376,#15378);
#15380=EDGE_CURVE('',#15353,#15369,#15379,.T.);
#15381=ORIENTED_EDGE('',*,*,#15380,.F.);
#15382=EDGE_LOOP('',(#15359,#15367,#15375,#15381));
#15383=FACE_BOUND('',#15382,.T.);
#15384=ADVANCED_FACE('',(#15383),#15349,.F.);
#15385=CARTESIAN_POINT('',(4845.05,304.8,862.0125));
#15386=DIRECTION('',(-1.,0.,0.));
#15387=DIRECTION('',(0.,0.,1.));
#15388=AXIS2_PLACEMENT_3D('',#15385,#15386,#15387);
#15389=PLANE('',#15388);
#15390=CARTESIAN_POINT('',(4845.05,304.8,857.25));
#15391=VERTEX_POINT('',#15390);
#15392=CARTESIAN_POINT('',(4845.05,381.,857.25));
#15393=VERTEX_POINT('',#15392);
#15394=CARTESIAN_POINT('',(4845.05,304.8,857.25));
#15395=DIRECTION('',(0.,1.,0.));
#15396=VECTOR('',#15395,76.2);
#15397=LINE('',#15394,#15396);
#15398=EDGE_CURVE('',#15391,#15393,#15397,.T.);
#15399=ORIENTED_EDGE('',*,*,#15398,.T.);
#15400=CARTESIAN_POINT('',(4845.05,381.,866.775));
#15401=VERTEX_POINT('',#15400);
#15402=CARTESIAN_POINT('',(4845.05,381.,857.25));
#15403=DIRECTION('',(0.,0.,1.));
#15404=VECTOR('',#15403,9.525);
#15405=LINE('',#15402,#15404);
#15406=EDGE_CURVE('',#15393,#15401,#15405,.T.);
#15407=ORIENTED_EDGE('',*,*,#15406,.T.);
#15408=CARTESIAN_POINT('',(4845.05,387.35,866.775));
#15409=VERTEX_POINT('',#15408);
#15410=CARTESIAN_POINT('',(4845.05,387.35,866.775));
#15411=DIRECTION('',(0.,-1.,0.));
#15412=VECTOR('',#15411,6.35);
#15413=LINE('',#15410,#15412);
#15414=EDGE_CURVE('',#15409,#15401,#15413,.T.);
#15415=ORIENTED_EDGE('',*,*,#15414,.F.);
#15416=CARTESIAN_POINT('',(4845.05,387.35,857.25));
#15417=DIRECTION('',(0.,0.,1.));
#15418=VECTOR('',#15417,9.525);
#15419=LINE('',#15416,#15418);
#15420=EDGE_CURVE('',#15353,#15409,#15419,.T.);
#15421=ORIENTED_EDGE('',*,*,#15420,.F.);
#15422=ORIENTED_EDGE('',*,*,#15380,.T.);
#15423=CARTESIAN_POINT('',(4845.05,406.4,876.3));
#15424=VERTEX_POINT('',#15423);
#15425=CARTESIAN_POINT('',(4845.05,406.4,857.25));
#15426=DIRECTION('',(0.,0.,1.));
#15427=VECTOR('',#15426,19.05);
#15428=LINE('',#15425,#15427);
#15429=EDGE_CURVE('',#15369,#15424,#15428,.T.);
#15430=ORIENTED_EDGE('',*,*,#15429,.T.);
#15431=CARTESIAN_POINT('',(4845.05,304.8,876.3));
#15432=VERTEX_POINT('',#15431);
#15433=CARTESIAN_POINT('',(4845.05,304.8,876.3));
#15434=DIRECTION('',(0.,1.,0.));
#15435=VECTOR('',#15434,101.6);
#15436=LINE('',#15433,#15435);
#15437=EDGE_CURVE('',#15432,#15424,#15436,.T.);
#15438=ORIENTED_EDGE('',*,*,#15437,.F.);
#15439=CARTESIAN_POINT('',(4845.05,304.8,857.25));
#15440=DIRECTION('',(0.,0.,1.));
#15441=VECTOR('',#15440,19.05);
#15442=LINE('',#15439,#15441);
#15443=EDGE_CURVE('',#15391,#15432,#15442,.T.);
#15444=ORIENTED_EDGE('',*,*,#15443,.F.);
#15445=EDGE_LOOP('',(#15399,#15407,#15415,#15421,#15422,#15430,#15438,#15444));
#15446=FACE_BOUND('',#15445,.T.);
#15447=ADVANCED_FACE('',(#15446),#15389,.F.);
#15448=CARTESIAN_POINT('',(4433.8875,304.8,876.3));
#15449=DIRECTION('',(0.,0.,1.));
#15450=DIRECTION('',(1.,0.,0.));
#15451=AXIS2_PLACEMENT_3D('',#15448,#15449,#15450);
#15452=PLANE('',#15451);
#15453=CARTESIAN_POINT('',(4022.725,406.4,876.3));
#15454=VERTEX_POINT('',#15453);
#15455=CARTESIAN_POINT('',(4022.725,406.4,876.3));
#15456=DIRECTION('',(1.,0.,-0.));
#15457=VECTOR('',#15456,822.325);
#15458=LINE('',#15455,#15457);
#15459=EDGE_CURVE('',#15454,#15424,#15458,.T.);
#15460=ORIENTED_EDGE('',*,*,#15459,.F.);
#15461=CARTESIAN_POINT('',(4022.725,304.8,876.3));
#15462=VERTEX_POINT('',#15461);
#15463=CARTESIAN_POINT('',(4022.725,304.8,876.3));
#15464=DIRECTION('',(0.,1.,0.));
#15465=VECTOR('',#15464,101.6);
#15466=LINE('',#15463,#15465);
#15467=EDGE_CURVE('',#15462,#15454,#15466,.T.);
#15468=ORIENTED_EDGE('',*,*,#15467,.F.);
#15469=CARTESIAN_POINT('',(4022.725,304.8,876.3));
#15470=DIRECTION('',(1.,0.,-0.));
#15471=VECTOR('',#15470,822.325);
#15472=LINE('',#15469,#15471);
#15473=EDGE_CURVE('',#15462,#15432,#15472,.T.);
#15474=ORIENTED_EDGE('',*,*,#15473,.T.);
#15475=ORIENTED_EDGE('',*,*,#15437,.T.);
#15476=EDGE_LOOP('',(#15460,#15468,#15474,#15475));
#15477=FACE_BOUND('',#15476,.T.);
#15478=ADVANCED_FACE('',(#15477),#15452,.T.);
#15479=CARTESIAN_POINT('',(4022.725,304.8,862.0125));
#15480=DIRECTION('',(-1.,0.,0.));
#15481=DIRECTION('',(0.,0.,1.));
#15482=AXIS2_PLACEMENT_3D('',#15479,#15480,#15481);
#15483=PLANE('',#15482);
#15484=CARTESIAN_POINT('',(4022.725,381.,857.25));
#15485=VERTEX_POINT('',#15484);
#15486=CARTESIAN_POINT('',(4022.725,381.,866.775));
#15487=VERTEX_POINT('',#15486);
#15488=CARTESIAN_POINT('',(4022.725,381.,857.25));
#15489=DIRECTION('',(0.,0.,1.));
#15490=VECTOR('',#15489,9.525);
#15491=LINE('',#15488,#15490);
#15492=EDGE_CURVE('',#15485,#15487,#15491,.T.);
#15493=ORIENTED_EDGE('',*,*,#15492,.F.);
#15494=CARTESIAN_POINT('',(4022.725,304.8,857.25));
#15495=VERTEX_POINT('',#15494);
#15496=CARTESIAN_POINT('',(4022.725,304.8,857.25));
#15497=DIRECTION('',(0.,1.,0.));
#15498=VECTOR('',#15497,76.2);
#15499=LINE('',#15496,#15498);
#15500=EDGE_CURVE('',#15495,#15485,#15499,.T.);
#15501=ORIENTED_EDGE('',*,*,#15500,.F.);
#15502=CARTESIAN_POINT('',(4022.725,304.8,857.25));
#15503=DIRECTION('',(0.,0.,1.));
#15504=VECTOR('',#15503,19.05);
#15505=LINE('',#15502,#15504);
#15506=EDGE_CURVE('',#15495,#15462,#15505,.T.);
#15507=ORIENTED_EDGE('',*,*,#15506,.T.);
#15508=ORIENTED_EDGE('',*,*,#15467,.T.);
#15509=CARTESIAN_POINT('',(4022.725,406.4,857.25));
#15510=DIRECTION('',(0.,0.,1.));
#15511=VECTOR('',#15510,19.05);
#15512=LINE('',#15509,#15511);
#15513=EDGE_CURVE('',#15361,#15454,#15512,.T.);
#15514=ORIENTED_EDGE('',*,*,#15513,.F.);
#15515=ORIENTED_EDGE('',*,*,#15366,.F.);
#15516=CARTESIAN_POINT('',(4022.725,387.35,866.775));
#15517=VERTEX_POINT('',#15516);
#15518=CARTESIAN_POINT('',(4022.725,387.35,857.25));
#15519=DIRECTION('',(0.,0.,1.));
#15520=VECTOR('',#15519,9.525);
#15521=LINE('',#15518,#15520);
#15522=EDGE_CURVE('',#15351,#15517,#15521,.T.);
#15523=ORIENTED_EDGE('',*,*,#15522,.T.);
#15524=CARTESIAN_POINT('',(4022.725,387.35,866.775));
#15525=DIRECTION('',(0.,-1.,0.));
#15526=VECTOR('',#15525,6.35);
#15527=LINE('',#15524,#15526);
#15528=EDGE_CURVE('',#15517,#15487,#15527,.T.);
#15529=ORIENTED_EDGE('',*,*,#15528,.T.);
#15530=EDGE_LOOP('',(#15493,#15501,#15507,#15508,#15514,#15515,#15523,#15529));
#15531=FACE_BOUND('',#15530,.T.);
#15532=ADVANCED_FACE('',(#15531),#15483,.T.);
#15533=CARTESIAN_POINT('',(4433.8875,304.8,857.25));
#15534=DIRECTION('',(0.,0.,1.));
#15535=DIRECTION('',(1.,0.,0.));
#15536=AXIS2_PLACEMENT_3D('',#15533,#15534,#15535);
#15537=PLANE('',#15536);
#15538=ORIENTED_EDGE('',*,*,#15500,.T.);
#15539=CARTESIAN_POINT('',(4022.725,381.,857.25));
#15540=DIRECTION('',(1.,0.,-0.));
#15541=VECTOR('',#15540,822.325);
#15542=LINE('',#15539,#15541);
#15543=EDGE_CURVE('',#15485,#15393,#15542,.T.);
#15544=ORIENTED_EDGE('',*,*,#15543,.T.);
#15545=ORIENTED_EDGE('',*,*,#15398,.F.);
#15546=CARTESIAN_POINT('',(4022.725,304.8,857.25));
#15547=DIRECTION('',(1.,0.,-0.));
#15548=VECTOR('',#15547,822.325);
#15549=LINE('',#15546,#15548);
#15550=EDGE_CURVE('',#15495,#15391,#15549,.T.);
#15551=ORIENTED_EDGE('',*,*,#15550,.F.);
#15552=EDGE_LOOP('',(#15538,#15544,#15545,#15551));
#15553=FACE_BOUND('',#15552,.T.);
#15554=ADVANCED_FACE('',(#15553),#15537,.F.);
#15555=CARTESIAN_POINT('',(4003.675,304.8,120.65));
#15556=DIRECTION('',(0.,-1.,0.));
#15557=DIRECTION('',(1.,0.,0.));
#15558=AXIS2_PLACEMENT_3D('',#15555,#15556,#15557);
#15559=PLANE('',#15558);
#15560=ORIENTED_EDGE('',*,*,#15443,.T.);
#15561=ORIENTED_EDGE('',*,*,#15473,.F.);
#15562=ORIENTED_EDGE('',*,*,#15506,.F.);
#15563=ORIENTED_EDGE('',*,*,#15550,.T.);
#15564=EDGE_LOOP('',(#15560,#15561,#15562,#15563));
#15565=FACE_BOUND('',#15564,.T.);
#15566=ADVANCED_FACE('',(#15565),#15559,.T.);
#15567=CARTESIAN_POINT('',(4003.675,406.4,120.65));
#15568=DIRECTION('',(0.,-1.,0.));
#15569=DIRECTION('',(1.,0.,0.));
#15570=AXIS2_PLACEMENT_3D('',#15567,#15568,#15569);
#15571=PLANE('',#15570);
#15572=ORIENTED_EDGE('',*,*,#15429,.F.);
#15573=ORIENTED_EDGE('',*,*,#15374,.F.);
#15574=ORIENTED_EDGE('',*,*,#15513,.T.);
#15575=ORIENTED_EDGE('',*,*,#15459,.T.);
#15576=EDGE_LOOP('',(#15572,#15573,#15574,#15575));
#15577=FACE_BOUND('',#15576,.T.);
#15578=ADVANCED_FACE('',(#15577),#15571,.F.);
#15579=CARTESIAN_POINT('',(4433.8875,387.35,866.775));
#15580=DIRECTION('',(0.,0.,1.));
#15581=DIRECTION('',(1.,0.,0.));
#15582=AXIS2_PLACEMENT_3D('',#15579,#15580,#15581);
#15583=PLANE('',#15582);
#15584=CARTESIAN_POINT('',(4845.05,381.,866.775));
#15585=DIRECTION('',(-1.,0.,0.));
#15586=VECTOR('',#15585,822.325);
#15587=LINE('',#15584,#15586);
#15588=EDGE_CURVE('',#15401,#15487,#15587,.T.);
#15589=ORIENTED_EDGE('',*,*,#15588,.T.);
#15590=ORIENTED_EDGE('',*,*,#15528,.F.);
#15591=CARTESIAN_POINT('',(4845.05,387.35,866.775));
#15592=DIRECTION('',(-1.,0.,0.));
#15593=VECTOR('',#15592,822.325);
#15594=LINE('',#15591,#15593);
#15595=EDGE_CURVE('',#15409,#15517,#15594,.T.);
#15596=ORIENTED_EDGE('',*,*,#15595,.F.);
#15597=ORIENTED_EDGE('',*,*,#15414,.T.);
#15598=EDGE_LOOP('',(#15589,#15590,#15596,#15597));
#15599=FACE_BOUND('',#15598,.T.);
#15600=ADVANCED_FACE('',(#15599),#15583,.F.);
#15601=CARTESIAN_POINT('',(4003.675,387.35,120.65));
#15602=DIRECTION('',(0.,-1.,0.));
#15603=DIRECTION('',(1.,0.,0.));
#15604=AXIS2_PLACEMENT_3D('',#15601,#15602,#15603);
#15605=PLANE('',#15604);
#15606=ORIENTED_EDGE('',*,*,#15420,.T.);
#15607=ORIENTED_EDGE('',*,*,#15595,.T.);
#15608=ORIENTED_EDGE('',*,*,#15522,.F.);
#15609=ORIENTED_EDGE('',*,*,#15358,.T.);
#15610=EDGE_LOOP('',(#15606,#15607,#15608,#15609));
#15611=FACE_BOUND('',#15610,.T.);
#15612=ADVANCED_FACE('',(#15611),#15605,.T.);
#15613=CARTESIAN_POINT('',(4003.675,381.,120.65));
#15614=DIRECTION('',(0.,-1.,0.));
#15615=DIRECTION('',(1.,0.,0.));
#15616=AXIS2_PLACEMENT_3D('',#15613,#15614,#15615);
#15617=PLANE('',#15616);
#15618=ORIENTED_EDGE('',*,*,#15406,.F.);
#15619=ORIENTED_EDGE('',*,*,#15543,.F.);
#15620=ORIENTED_EDGE('',*,*,#15492,.T.);
#15621=ORIENTED_EDGE('',*,*,#15588,.F.);
#15622=EDGE_LOOP('',(#15618,#15619,#15620,#15621));
#15623=FACE_BOUND('',#15622,.T.);
#15624=ADVANCED_FACE('',(#15623),#15617,.F.);
#15625=CLOSED_SHELL('',(#15384,#15447,#15478,#15532,#15554,#15566,#15578,#15600,#15612,#15624));
#15626=MANIFOLD_SOLID_BREP('[Stretcher] Back',#15625);
#15344=STYLED_ITEM('',(#267),#15626);
#15628=CARTESIAN_POINT('',(4845.05,406.4,871.5375));
#15629=DIRECTION('',(-1.,0.,-0.));
#15630=DIRECTION('',(-0.,0.,1.));
#15631=AXIS2_PLACEMENT_3D('',#15628,#15629,#15630);
#15632=PLANE('',#15631);
#15633=CARTESIAN_POINT('',(4845.05,381.,876.3));
#15634=VERTEX_POINT('',#15633);
#15635=CARTESIAN_POINT('',(4845.05,19.05,876.3));
#15636=VERTEX_POINT('',#15635);
#15637=CARTESIAN_POINT('',(4845.05,381.,876.3));
#15638=DIRECTION('',(0.,-1.,0.));
#15639=VECTOR('',#15638,361.95);
#15640=LINE('',#15637,#15639);
#15641=EDGE_CURVE('',#15634,#15636,#15640,.T.);
#15642=ORIENTED_EDGE('',*,*,#15641,.F.);
#15643=CARTESIAN_POINT('',(4845.05,381.,120.65));
#15644=VERTEX_POINT('',#15643);
#15645=CARTESIAN_POINT('',(4845.05,381.,876.3));
#15646=DIRECTION('',(0.,0.,-1.));
#15647=VECTOR('',#15646,755.65);
#15648=LINE('',#15645,#15647);
#15649=EDGE_CURVE('',#15634,#15644,#15648,.T.);
#15650=ORIENTED_EDGE('',*,*,#15649,.T.);
#15651=CARTESIAN_POINT('',(4845.05,19.05,120.65));
#15652=VERTEX_POINT('',#15651);
#15653=CARTESIAN_POINT('',(4845.05,381.,120.65));
#15654=DIRECTION('',(0.,-1.,0.));
#15655=VECTOR('',#15654,361.95);
#15656=LINE('',#15653,#15655);
#15657=EDGE_CURVE('',#15644,#15652,#15656,.T.);
#15658=ORIENTED_EDGE('',*,*,#15657,.T.);
#15659=CARTESIAN_POINT('',(4845.05,19.05,876.3));
#15660=DIRECTION('',(0.,0.,-1.));
#15661=VECTOR('',#15660,755.65);
#15662=LINE('',#15659,#15661);
#15663=EDGE_CURVE('',#15636,#15652,#15662,.T.);
#15664=ORIENTED_EDGE('',*,*,#15663,.F.);
#15665=EDGE_LOOP('',(#15642,#15650,#15658,#15664));
#15666=FACE_BOUND('',#15665,.T.);
#15667=ADVANCED_FACE('',(#15666),#15632,.T.);
#15668=CARTESIAN_POINT('',(4849.8125,406.4,120.65));
#15669=DIRECTION('',(0.,0.,1.));
#15670=DIRECTION('',(1.,0.,0.));
#15671=AXIS2_PLACEMENT_3D('',#15668,#15669,#15670);
#15672=PLANE('',#15671);
#15673=CARTESIAN_POINT('',(4854.575,381.,120.65));
#15674=VERTEX_POINT('',#15673);
#15675=CARTESIAN_POINT('',(4854.575,381.,120.65));
#15676=DIRECTION('',(-1.,0.,0.));
#15677=VECTOR('',#15676,9.525);
#15678=LINE('',#15675,#15677);
#15679=EDGE_CURVE('',#15674,#15644,#15678,.T.);
#15680=ORIENTED_EDGE('',*,*,#15679,.F.);
#15681=CARTESIAN_POINT('',(4854.575,387.35,120.65));
#15682=VERTEX_POINT('',#15681);
#15683=CARTESIAN_POINT('',(4854.575,387.35,120.65));
#15684=DIRECTION('',(0.,-1.,0.));
#15685=VECTOR('',#15684,6.35);
#15686=LINE('',#15683,#15685);
#15687=EDGE_CURVE('',#15682,#15674,#15686,.T.);
#15688=ORIENTED_EDGE('',*,*,#15687,.F.);
#15689=CARTESIAN_POINT('',(4845.05,387.35,120.65));
#15690=VERTEX_POINT('',#15689);
#15691=CARTESIAN_POINT('',(4854.575,387.35,120.65));
#15692=DIRECTION('',(-1.,0.,0.));
#15693=VECTOR('',#15692,9.525);
#15694=LINE('',#15691,#15693);
#15695=EDGE_CURVE('',#15682,#15690,#15694,.T.);
#15696=ORIENTED_EDGE('',*,*,#15695,.T.);
#15697=CARTESIAN_POINT('',(4845.05,406.4,120.65));
#15698=VERTEX_POINT('',#15697);
#15699=CARTESIAN_POINT('',(4845.05,406.4,120.65));
#15700=DIRECTION('',(0.,-1.,0.));
#15701=VECTOR('',#15700,19.05);
#15702=LINE('',#15699,#15701);
#15703=EDGE_CURVE('',#15698,#15690,#15702,.T.);
#15704=ORIENTED_EDGE('',*,*,#15703,.F.);
#15705=CARTESIAN_POINT('',(4864.1,406.4,120.65));
#15706=VERTEX_POINT('',#15705);
#15707=CARTESIAN_POINT('',(4864.1,406.4,120.65));
#15708=DIRECTION('',(-1.,0.,0.));
#15709=VECTOR('',#15708,19.05);
#15710=LINE('',#15707,#15709);
#15711=EDGE_CURVE('',#15706,#15698,#15710,.T.);
#15712=ORIENTED_EDGE('',*,*,#15711,.F.);
#15713=CARTESIAN_POINT('',(4864.1,19.05,120.65));
#15714=VERTEX_POINT('',#15713);
#15715=CARTESIAN_POINT('',(4864.1,406.4,120.65));
#15716=DIRECTION('',(0.,-1.,0.));
#15717=VECTOR('',#15716,387.35);
#15718=LINE('',#15715,#15717);
#15719=EDGE_CURVE('',#15706,#15714,#15718,.T.);
#15720=ORIENTED_EDGE('',*,*,#15719,.T.);
#15721=CARTESIAN_POINT('',(4864.1,19.05,120.65));
#15722=DIRECTION('',(-1.,0.,0.));
#15723=VECTOR('',#15722,19.05);
#15724=LINE('',#15721,#15723);
#15725=EDGE_CURVE('',#15714,#15652,#15724,.T.);
#15726=ORIENTED_EDGE('',*,*,#15725,.T.);
#15727=ORIENTED_EDGE('',*,*,#15657,.F.);
#15728=EDGE_LOOP('',(#15680,#15688,#15696,#15704,#15712,#15720,#15726,#15727));
#15729=FACE_BOUND('',#15728,.T.);
#15730=ADVANCED_FACE('',(#15729),#15672,.F.);
#15731=CARTESIAN_POINT('',(4849.8125,406.4,876.3));
#15732=DIRECTION('',(0.,0.,-1.));
#15733=DIRECTION('',(-1.,0.,0.));
#15734=AXIS2_PLACEMENT_3D('',#15731,#15732,#15733);
#15735=PLANE('',#15734);
#15736=CARTESIAN_POINT('',(4854.575,381.,876.3));
#15737=VERTEX_POINT('',#15736);
#15738=CARTESIAN_POINT('',(4845.05,381.,876.3));
#15739=DIRECTION('',(1.,0.,-0.));
#15740=VECTOR('',#15739,9.525);
#15741=LINE('',#15738,#15740);
#15742=EDGE_CURVE('',#15634,#15737,#15741,.T.);
#15743=ORIENTED_EDGE('',*,*,#15742,.F.);
#15744=ORIENTED_EDGE('',*,*,#15641,.T.);
#15745=CARTESIAN_POINT('',(4864.1,19.05,876.3));
#15746=VERTEX_POINT('',#15745);
#15747=CARTESIAN_POINT('',(4845.05,19.05,876.3));
#15748=DIRECTION('',(1.,0.,-0.));
#15749=VECTOR('',#15748,19.05);
#15750=LINE('',#15747,#15749);
#15751=EDGE_CURVE('',#15636,#15746,#15750,.T.);
#15752=ORIENTED_EDGE('',*,*,#15751,.T.);
#15753=CARTESIAN_POINT('',(4864.1,406.4,876.3));
#15754=VERTEX_POINT('',#15753);
#15755=CARTESIAN_POINT('',(4864.1,406.4,876.3));
#15756=DIRECTION('',(0.,-1.,0.));
#15757=VECTOR('',#15756,387.35);
#15758=LINE('',#15755,#15757);
#15759=EDGE_CURVE('',#15754,#15746,#15758,.T.);
#15760=ORIENTED_EDGE('',*,*,#15759,.F.);
#15761=CARTESIAN_POINT('',(4845.05,406.4,876.3));
#15762=VERTEX_POINT('',#15761);
#15763=CARTESIAN_POINT('',(4845.05,406.4,876.3));
#15764=DIRECTION('',(1.,0.,-0.));
#15765=VECTOR('',#15764,19.05);
#15766=LINE('',#15763,#15765);
#15767=EDGE_CURVE('',#15762,#15754,#15766,.T.);
#15768=ORIENTED_EDGE('',*,*,#15767,.F.);
#15769=CARTESIAN_POINT('',(4845.05,387.35,876.3));
#15770=VERTEX_POINT('',#15769);
#15771=CARTESIAN_POINT('',(4845.05,406.4,876.3));
#15772=DIRECTION('',(0.,-1.,0.));
#15773=VECTOR('',#15772,19.05);
#15774=LINE('',#15771,#15773);
#15775=EDGE_CURVE('',#15762,#15770,#15774,.T.);
#15776=ORIENTED_EDGE('',*,*,#15775,.T.);
#15777=CARTESIAN_POINT('',(4854.575,387.35,876.3));
#15778=VERTEX_POINT('',#15777);
#15779=CARTESIAN_POINT('',(4845.05,387.35,876.3));
#15780=DIRECTION('',(1.,0.,-0.));
#15781=VECTOR('',#15780,9.525);
#15782=LINE('',#15779,#15781);
#15783=EDGE_CURVE('',#15770,#15778,#15782,.T.);
#15784=ORIENTED_EDGE('',*,*,#15783,.T.);
#15785=CARTESIAN_POINT('',(4854.575,387.35,876.3));
#15786=DIRECTION('',(0.,-1.,0.));
#15787=VECTOR('',#15786,6.35);
#15788=LINE('',#15785,#15787);
#15789=EDGE_CURVE('',#15778,#15737,#15788,.T.);
#15790=ORIENTED_EDGE('',*,*,#15789,.T.);
#15791=EDGE_LOOP('',(#15743,#15744,#15752,#15760,#15768,#15776,#15784,#15790));
#15792=FACE_BOUND('',#15791,.T.);
#15793=ADVANCED_FACE('',(#15792),#15735,.F.);
#15794=CARTESIAN_POINT('',(4864.1,406.4,498.475));
#15795=DIRECTION('',(-1.,0.,0.));
#15796=DIRECTION('',(0.,0.,1.));
#15797=AXIS2_PLACEMENT_3D('',#15794,#15795,#15796);
#15798=PLANE('',#15797);
#15799=CARTESIAN_POINT('',(4864.1,19.05,876.3));
#15800=DIRECTION('',(0.,0.,-1.));
#15801=VECTOR('',#15800,755.65);
#15802=LINE('',#15799,#15801);
#15803=EDGE_CURVE('',#15746,#15714,#15802,.T.);
#15804=ORIENTED_EDGE('',*,*,#15803,.T.);
#15805=ORIENTED_EDGE('',*,*,#15719,.F.);
#15806=CARTESIAN_POINT('',(4864.1,406.4,876.3));
#15807=DIRECTION('',(0.,0.,-1.));
#15808=VECTOR('',#15807,755.65);
#15809=LINE('',#15806,#15808);
#15810=EDGE_CURVE('',#15754,#15706,#15809,.T.);
#15811=ORIENTED_EDGE('',*,*,#15810,.F.);
#15812=ORIENTED_EDGE('',*,*,#15759,.T.);
#15813=EDGE_LOOP('',(#15804,#15805,#15811,#15812));
#15814=FACE_BOUND('',#15813,.T.);
#15815=ADVANCED_FACE('',(#15814),#15798,.F.);
#15816=CARTESIAN_POINT('',(4845.05,406.4,871.5375));
#15817=DIRECTION('',(-1.,0.,-0.));
#15818=DIRECTION('',(-0.,0.,1.));
#15819=AXIS2_PLACEMENT_3D('',#15816,#15817,#15818);
#15820=PLANE('',#15819);
#15821=CARTESIAN_POINT('',(4845.05,387.35,876.3));
#15822=DIRECTION('',(0.,0.,-1.));
#15823=VECTOR('',#15822,755.65);
#15824=LINE('',#15821,#15823);
#15825=EDGE_CURVE('',#15770,#15690,#15824,.T.);
#15826=ORIENTED_EDGE('',*,*,#15825,.F.);
#15827=ORIENTED_EDGE('',*,*,#15775,.F.);
#15828=CARTESIAN_POINT('',(4845.05,406.4,876.3));
#15829=DIRECTION('',(0.,0.,-1.));
#15830=VECTOR('',#15829,755.65);
#15831=LINE('',#15828,#15830);
#15832=EDGE_CURVE('',#15762,#15698,#15831,.T.);
#15833=ORIENTED_EDGE('',*,*,#15832,.T.);
#15834=ORIENTED_EDGE('',*,*,#15703,.T.);
#15835=EDGE_LOOP('',(#15826,#15827,#15833,#15834));
#15836=FACE_BOUND('',#15835,.T.);
#15837=ADVANCED_FACE('',(#15836),#15820,.T.);
#15838=CARTESIAN_POINT('',(4003.675,406.4,120.65));
#15839=DIRECTION('',(0.,-1.,0.));
#15840=DIRECTION('',(1.,0.,0.));
#15841=AXIS2_PLACEMENT_3D('',#15838,#15839,#15840);
#15842=PLANE('',#15841);
#15843=ORIENTED_EDGE('',*,*,#15711,.T.);
#15844=ORIENTED_EDGE('',*,*,#15832,.F.);
#15845=ORIENTED_EDGE('',*,*,#15767,.T.);
#15846=ORIENTED_EDGE('',*,*,#15810,.T.);
#15847=EDGE_LOOP('',(#15843,#15844,#15845,#15846));
#15848=FACE_BOUND('',#15847,.T.);
#15849=ADVANCED_FACE('',(#15848),#15842,.F.);
#15850=CARTESIAN_POINT('',(4003.675,19.05,120.65));
#15851=DIRECTION('',(0.,-1.,0.));
#15852=DIRECTION('',(1.,0.,0.));
#15853=AXIS2_PLACEMENT_3D('',#15850,#15851,#15852);
#15854=PLANE('',#15853);
#15855=ORIENTED_EDGE('',*,*,#15725,.F.);
#15856=ORIENTED_EDGE('',*,*,#15803,.F.);
#15857=ORIENTED_EDGE('',*,*,#15751,.F.);
#15858=ORIENTED_EDGE('',*,*,#15663,.T.);
#15859=EDGE_LOOP('',(#15855,#15856,#15857,#15858));
#15860=FACE_BOUND('',#15859,.T.);
#15861=ADVANCED_FACE('',(#15860),#15854,.T.);
#15862=CARTESIAN_POINT('',(4854.575,387.35,498.475));
#15863=DIRECTION('',(-1.,0.,0.));
#15864=DIRECTION('',(0.,0.,1.));
#15865=AXIS2_PLACEMENT_3D('',#15862,#15863,#15864);
#15866=PLANE('',#15865);
#15867=CARTESIAN_POINT('',(4854.575,381.,876.3));
#15868=DIRECTION('',(-0.,0.,-1.));
#15869=VECTOR('',#15868,755.65);
#15870=LINE('',#15867,#15869);
#15871=EDGE_CURVE('',#15737,#15674,#15870,.T.);
#15872=ORIENTED_EDGE('',*,*,#15871,.F.);
#15873=ORIENTED_EDGE('',*,*,#15789,.F.);
#15874=CARTESIAN_POINT('',(4854.575,387.35,876.3));
#15875=DIRECTION('',(-0.,0.,-1.));
#15876=VECTOR('',#15875,755.65);
#15877=LINE('',#15874,#15876);
#15878=EDGE_CURVE('',#15778,#15682,#15877,.T.);
#15879=ORIENTED_EDGE('',*,*,#15878,.T.);
#15880=ORIENTED_EDGE('',*,*,#15687,.T.);
#15881=EDGE_LOOP('',(#15872,#15873,#15879,#15880));
#15882=FACE_BOUND('',#15881,.T.);
#15883=ADVANCED_FACE('',(#15882),#15866,.T.);
#15884=CARTESIAN_POINT('',(4003.675,387.35,120.65));
#15885=DIRECTION('',(0.,-1.,0.));
#15886=DIRECTION('',(1.,0.,0.));
#15887=AXIS2_PLACEMENT_3D('',#15884,#15885,#15886);
#15888=PLANE('',#15887);
#15889=ORIENTED_EDGE('',*,*,#15878,.F.);
#15890=ORIENTED_EDGE('',*,*,#15783,.F.);
#15891=ORIENTED_EDGE('',*,*,#15825,.T.);
#15892=ORIENTED_EDGE('',*,*,#15695,.F.);
#15893=EDGE_LOOP('',(#15889,#15890,#15891,#15892));
#15894=FACE_BOUND('',#15893,.T.);
#15895=ADVANCED_FACE('',(#15894),#15888,.T.);
#15896=CARTESIAN_POINT('',(4003.675,381.,120.65));
#15897=DIRECTION('',(0.,-1.,0.));
#15898=DIRECTION('',(1.,0.,0.));
#15899=AXIS2_PLACEMENT_3D('',#15896,#15897,#15898);
#15900=PLANE('',#15899);
#15901=ORIENTED_EDGE('',*,*,#15871,.T.);
#15902=ORIENTED_EDGE('',*,*,#15679,.T.);
#15903=ORIENTED_EDGE('',*,*,#15649,.F.);
#15904=ORIENTED_EDGE('',*,*,#15742,.T.);
#15905=EDGE_LOOP('',(#15901,#15902,#15903,#15904));
#15906=FACE_BOUND('',#15905,.T.);
#15907=ADVANCED_FACE('',(#15906),#15900,.F.);
#15908=CLOSED_SHELL('',(#15667,#15730,#15793,#15815,#15837,#15849,#15861,#15883,#15895,#15907));
#15909=MANIFOLD_SOLID_BREP('[Panel] Right',#15908);
#15627=STYLED_ITEM('',(#267),#15909);
#15911=CARTESIAN_POINT('',(4022.725,406.4,862.0125));
#15912=DIRECTION('',(1.,0.,0.));
#15913=DIRECTION('',(0.,0.,-1.));
#15914=AXIS2_PLACEMENT_3D('',#15911,#15912,#15913);
#15915=PLANE('',#15914);
#15916=CARTESIAN_POINT('',(4022.725,381.,120.65));
#15917=VERTEX_POINT('',#15916);
#15918=CARTESIAN_POINT('',(4022.725,-0.,120.65));
#15919=VERTEX_POINT('',#15918);
#15920=CARTESIAN_POINT('',(4022.725,381.,120.65));
#15921=DIRECTION('',(0.,-1.,0.));
#15922=VECTOR('',#15921,381.);
#15923=LINE('',#15920,#15922);
#15924=EDGE_CURVE('',#15917,#15919,#15923,.T.);
#15925=ORIENTED_EDGE('',*,*,#15924,.F.);
#15926=CARTESIAN_POINT('',(4022.725,381.,876.3));
#15927=VERTEX_POINT('',#15926);
#15928=CARTESIAN_POINT('',(4022.725,381.,120.65));
#15929=DIRECTION('',(0.,0.,1.));
#15930=VECTOR('',#15929,755.65);
#15931=LINE('',#15928,#15930);
#15932=EDGE_CURVE('',#15917,#15927,#15931,.T.);
#15933=ORIENTED_EDGE('',*,*,#15932,.T.);
#15934=CARTESIAN_POINT('',(4022.725,-0.,876.3));
#15935=VERTEX_POINT('',#15934);
#15936=CARTESIAN_POINT('',(4022.725,381.,876.3));
#15937=DIRECTION('',(0.,-1.,0.));
#15938=VECTOR('',#15937,381.);
#15939=LINE('',#15936,#15938);
#15940=EDGE_CURVE('',#15927,#15935,#15939,.T.);
#15941=ORIENTED_EDGE('',*,*,#15940,.T.);
#15942=CARTESIAN_POINT('',(4022.725,-0.,120.65));
#15943=DIRECTION('',(0.,0.,1.));
#15944=VECTOR('',#15943,755.65);
#15945=LINE('',#15942,#15944);
#15946=EDGE_CURVE('',#15919,#15935,#15945,.T.);
#15947=ORIENTED_EDGE('',*,*,#15946,.F.);
#15948=EDGE_LOOP('',(#15925,#15933,#15941,#15947));
#15949=FACE_BOUND('',#15948,.T.);
#15950=ADVANCED_FACE('',(#15949),#15915,.T.);
#15951=CARTESIAN_POINT('',(4008.4375,406.4,120.65));
#15952=DIRECTION('',(0.,0.,1.));
#15953=DIRECTION('',(1.,0.,0.));
#15954=AXIS2_PLACEMENT_3D('',#15951,#15952,#15953);
#15955=PLANE('',#15954);
#15956=CARTESIAN_POINT('',(4013.2,381.,120.65));
#15957=VERTEX_POINT('',#15956);
#15958=CARTESIAN_POINT('',(4022.725,381.,120.65));
#15959=DIRECTION('',(-1.,0.,0.));
#15960=VECTOR('',#15959,9.525);
#15961=LINE('',#15958,#15960);
#15962=EDGE_CURVE('',#15917,#15957,#15961,.T.);
#15963=ORIENTED_EDGE('',*,*,#15962,.F.);
#15964=ORIENTED_EDGE('',*,*,#15924,.T.);
#15965=CARTESIAN_POINT('',(4003.675,-0.,120.65));
#15966=VERTEX_POINT('',#15965);
#15967=CARTESIAN_POINT('',(4022.725,-0.,120.65));
#15968=DIRECTION('',(-1.,0.,0.));
#15969=VECTOR('',#15968,19.05);
#15970=LINE('',#15967,#15969);
#15971=EDGE_CURVE('',#15919,#15966,#15970,.T.);
#15972=ORIENTED_EDGE('',*,*,#15971,.T.);
#15973=CARTESIAN_POINT('',(4003.675,406.4,120.65));
#15974=VERTEX_POINT('',#15973);
#15975=CARTESIAN_POINT('',(4003.675,406.4,120.65));
#15976=DIRECTION('',(0.,-1.,0.));
#15977=VECTOR('',#15976,406.4);
#15978=LINE('',#15975,#15977);
#15979=EDGE_CURVE('',#15974,#15966,#15978,.T.);
#15980=ORIENTED_EDGE('',*,*,#15979,.F.);
#15981=CARTESIAN_POINT('',(4022.725,406.4,120.65));
#15982=VERTEX_POINT('',#15981);
#15983=CARTESIAN_POINT('',(4022.725,406.4,120.65));
#15984=DIRECTION('',(-1.,0.,0.));
#15985=VECTOR('',#15984,19.05);
#15986=LINE('',#15983,#15985);
#15987=EDGE_CURVE('',#15982,#15974,#15986,.T.);
#15988=ORIENTED_EDGE('',*,*,#15987,.F.);
#15989=CARTESIAN_POINT('',(4022.725,387.35,120.65));
#15990=VERTEX_POINT('',#15989);
#15991=CARTESIAN_POINT('',(4022.725,406.4,120.65));
#15992=DIRECTION('',(0.,-1.,0.));
#15993=VECTOR('',#15992,19.05);
#15994=LINE('',#15991,#15993);
#15995=EDGE_CURVE('',#15982,#15990,#15994,.T.);
#15996=ORIENTED_EDGE('',*,*,#15995,.T.);
#15997=CARTESIAN_POINT('',(4013.2,387.35,120.65));
#15998=VERTEX_POINT('',#15997);
#15999=CARTESIAN_POINT('',(4022.725,387.35,120.65));
#16000=DIRECTION('',(-1.,0.,0.));
#16001=VECTOR('',#16000,9.525);
#16002=LINE('',#15999,#16001);
#16003=EDGE_CURVE('',#15990,#15998,#16002,.T.);
#16004=ORIENTED_EDGE('',*,*,#16003,.T.);
#16005=CARTESIAN_POINT('',(4013.2,387.35,120.65));
#16006=DIRECTION('',(0.,-1.,0.));
#16007=VECTOR('',#16006,6.35);
#16008=LINE('',#16005,#16007);
#16009=EDGE_CURVE('',#15998,#15957,#16008,.T.);
#16010=ORIENTED_EDGE('',*,*,#16009,.T.);
#16011=EDGE_LOOP('',(#15963,#15964,#15972,#15980,#15988,#15996,#16004,#16010));
#16012=FACE_BOUND('',#16011,.T.);
#16013=ADVANCED_FACE('',(#16012),#15955,.F.);
#16014=CARTESIAN_POINT('',(4008.4375,406.4,876.3));
#16015=DIRECTION('',(0.,0.,-1.));
#16016=DIRECTION('',(-1.,0.,0.));
#16017=AXIS2_PLACEMENT_3D('',#16014,#16015,#16016);
#16018=PLANE('',#16017);
#16019=CARTESIAN_POINT('',(4013.2,381.,876.3));
#16020=VERTEX_POINT('',#16019);
#16021=CARTESIAN_POINT('',(4013.2,381.,876.3));
#16022=DIRECTION('',(1.,0.,-0.));
#16023=VECTOR('',#16022,9.525);
#16024=LINE('',#16021,#16023);
#16025=EDGE_CURVE('',#16020,#15927,#16024,.T.);
#16026=ORIENTED_EDGE('',*,*,#16025,.F.);
#16027=CARTESIAN_POINT('',(4013.2,387.35,876.3));
#16028=VERTEX_POINT('',#16027);
#16029=CARTESIAN_POINT('',(4013.2,387.35,876.3));
#16030=DIRECTION('',(0.,-1.,0.));
#16031=VECTOR('',#16030,6.35);
#16032=LINE('',#16029,#16031);
#16033=EDGE_CURVE('',#16028,#16020,#16032,.T.);
#16034=ORIENTED_EDGE('',*,*,#16033,.F.);
#16035=CARTESIAN_POINT('',(4022.725,387.35,876.3));
#16036=VERTEX_POINT('',#16035);
#16037=CARTESIAN_POINT('',(4013.2,387.35,876.3));
#16038=DIRECTION('',(1.,0.,-0.));
#16039=VECTOR('',#16038,9.525);
#16040=LINE('',#16037,#16039);
#16041=EDGE_CURVE('',#16028,#16036,#16040,.T.);
#16042=ORIENTED_EDGE('',*,*,#16041,.T.);
#16043=CARTESIAN_POINT('',(4022.725,406.4,876.3));
#16044=VERTEX_POINT('',#16043);
#16045=CARTESIAN_POINT('',(4022.725,406.4,876.3));
#16046=DIRECTION('',(0.,-1.,0.));
#16047=VECTOR('',#16046,19.05);
#16048=LINE('',#16045,#16047);
#16049=EDGE_CURVE('',#16044,#16036,#16048,.T.);
#16050=ORIENTED_EDGE('',*,*,#16049,.F.);
#16051=CARTESIAN_POINT('',(4003.675,406.4,876.3));
#16052=VERTEX_POINT('',#16051);
#16053=CARTESIAN_POINT('',(4003.675,406.4,876.3));
#16054=DIRECTION('',(1.,0.,-0.));
#16055=VECTOR('',#16054,19.05);
#16056=LINE('',#16053,#16055);
#16057=EDGE_CURVE('',#16052,#16044,#16056,.T.);
#16058=ORIENTED_EDGE('',*,*,#16057,.F.);
#16059=CARTESIAN_POINT('',(4003.675,-0.,876.3));
#16060=VERTEX_POINT('',#16059);
#16061=CARTESIAN_POINT('',(4003.675,406.4,876.3));
#16062=DIRECTION('',(0.,-1.,0.));
#16063=VECTOR('',#16062,406.4);
#16064=LINE('',#16061,#16063);
#16065=EDGE_CURVE('',#16052,#16060,#16064,.T.);
#16066=ORIENTED_EDGE('',*,*,#16065,.T.);
#16067=CARTESIAN_POINT('',(4003.675,-0.,876.3));
#16068=DIRECTION('',(1.,0.,-0.));
#16069=VECTOR('',#16068,19.05);
#16070=LINE('',#16067,#16069);
#16071=EDGE_CURVE('',#16060,#15935,#16070,.T.);
#16072=ORIENTED_EDGE('',*,*,#16071,.T.);
#16073=ORIENTED_EDGE('',*,*,#15940,.F.);
#16074=EDGE_LOOP('',(#16026,#16034,#16042,#16050,#16058,#16066,#16072,#16073));
#16075=FACE_BOUND('',#16074,.T.);
#16076=ADVANCED_FACE('',(#16075),#16018,.F.);
#16077=CARTESIAN_POINT('',(4022.725,406.4,862.0125));
#16078=DIRECTION('',(1.,0.,0.));
#16079=DIRECTION('',(0.,0.,-1.));
#16080=AXIS2_PLACEMENT_3D('',#16077,#16078,#16079);
#16081=PLANE('',#16080);
#16082=CARTESIAN_POINT('',(4022.725,387.35,120.65));
#16083=DIRECTION('',(0.,0.,1.));
#16084=VECTOR('',#16083,755.65);
#16085=LINE('',#16082,#16084);
#16086=EDGE_CURVE('',#15990,#16036,#16085,.T.);
#16087=ORIENTED_EDGE('',*,*,#16086,.F.);
#16088=ORIENTED_EDGE('',*,*,#15995,.F.);
#16089=CARTESIAN_POINT('',(4022.725,406.4,120.65));
#16090=DIRECTION('',(0.,0.,1.));
#16091=VECTOR('',#16090,755.65);
#16092=LINE('',#16089,#16091);
#16093=EDGE_CURVE('',#15982,#16044,#16092,.T.);
#16094=ORIENTED_EDGE('',*,*,#16093,.T.);
#16095=ORIENTED_EDGE('',*,*,#16049,.T.);
#16096=EDGE_LOOP('',(#16087,#16088,#16094,#16095));
#16097=FACE_BOUND('',#16096,.T.);
#16098=ADVANCED_FACE('',(#16097),#16081,.T.);
#16099=CARTESIAN_POINT('',(4003.675,406.4,498.475));
#16100=DIRECTION('',(1.,0.,0.));
#16101=DIRECTION('',(0.,0.,-1.));
#16102=AXIS2_PLACEMENT_3D('',#16099,#16100,#16101);
#16103=PLANE('',#16102);
#16104=CARTESIAN_POINT('',(4003.675,-0.,120.65));
#16105=DIRECTION('',(0.,0.,1.));
#16106=VECTOR('',#16105,755.65);
#16107=LINE('',#16104,#16106);
#16108=EDGE_CURVE('',#15966,#16060,#16107,.T.);
#16109=ORIENTED_EDGE('',*,*,#16108,.T.);
#16110=ORIENTED_EDGE('',*,*,#16065,.F.);
#16111=CARTESIAN_POINT('',(4003.675,406.4,120.65));
#16112=DIRECTION('',(0.,0.,1.));
#16113=VECTOR('',#16112,755.65);
#16114=LINE('',#16111,#16113);
#16115=EDGE_CURVE('',#15974,#16052,#16114,.T.);
#16116=ORIENTED_EDGE('',*,*,#16115,.F.);
#16117=ORIENTED_EDGE('',*,*,#15979,.T.);
#16118=EDGE_LOOP('',(#16109,#16110,#16116,#16117));
#16119=FACE_BOUND('',#16118,.T.);
#16120=ADVANCED_FACE('',(#16119),#16103,.F.);
#16121=CARTESIAN_POINT('',(4003.675,406.4,120.65));
#16122=DIRECTION('',(0.,-1.,0.));
#16123=DIRECTION('',(1.,0.,0.));
#16124=AXIS2_PLACEMENT_3D('',#16121,#16122,#16123);
#16125=PLANE('',#16124);
#16126=ORIENTED_EDGE('',*,*,#15987,.T.);
#16127=ORIENTED_EDGE('',*,*,#16115,.T.);
#16128=ORIENTED_EDGE('',*,*,#16057,.T.);
#16129=ORIENTED_EDGE('',*,*,#16093,.F.);
#16130=EDGE_LOOP('',(#16126,#16127,#16128,#16129));
#16131=FACE_BOUND('',#16130,.T.);
#16132=ADVANCED_FACE('',(#16131),#16125,.F.);
#16133=CARTESIAN_POINT('',(4003.675,-0.,120.65));
#16134=DIRECTION('',(0.,-1.,0.));
#16135=DIRECTION('',(1.,0.,0.));
#16136=AXIS2_PLACEMENT_3D('',#16133,#16134,#16135);
#16137=PLANE('',#16136);
#16138=ORIENTED_EDGE('',*,*,#15971,.F.);
#16139=ORIENTED_EDGE('',*,*,#15946,.T.);
#16140=ORIENTED_EDGE('',*,*,#16071,.F.);
#16141=ORIENTED_EDGE('',*,*,#16108,.F.);
#16142=EDGE_LOOP('',(#16138,#16139,#16140,#16141));
#16143=FACE_BOUND('',#16142,.T.);
#16144=ADVANCED_FACE('',(#16143),#16137,.T.);
#16145=CARTESIAN_POINT('',(4013.2,387.35,498.475));
#16146=DIRECTION('',(-1.,0.,-0.));
#16147=DIRECTION('',(-0.,0.,1.));
#16148=AXIS2_PLACEMENT_3D('',#16145,#16146,#16147);
#16149=PLANE('',#16148);
#16150=CARTESIAN_POINT('',(4013.2,381.,876.3));
#16151=DIRECTION('',(0.,0.,-1.));
#16152=VECTOR('',#16151,755.65);
#16153=LINE('',#16150,#16152);
#16154=EDGE_CURVE('',#16020,#15957,#16153,.T.);
#16155=ORIENTED_EDGE('',*,*,#16154,.T.);
#16156=ORIENTED_EDGE('',*,*,#16009,.F.);
#16157=CARTESIAN_POINT('',(4013.2,387.35,876.3));
#16158=DIRECTION('',(0.,0.,-1.));
#16159=VECTOR('',#16158,755.65);
#16160=LINE('',#16157,#16159);
#16161=EDGE_CURVE('',#16028,#15998,#16160,.T.);
#16162=ORIENTED_EDGE('',*,*,#16161,.F.);
#16163=ORIENTED_EDGE('',*,*,#16033,.T.);
#16164=EDGE_LOOP('',(#16155,#16156,#16162,#16163));
#16165=FACE_BOUND('',#16164,.T.);
#16166=ADVANCED_FACE('',(#16165),#16149,.F.);
#16167=CARTESIAN_POINT('',(4003.675,387.35,120.65));
#16168=DIRECTION('',(0.,-1.,0.));
#16169=DIRECTION('',(1.,0.,0.));
#16170=AXIS2_PLACEMENT_3D('',#16167,#16168,#16169);
#16171=PLANE('',#16170);
#16172=ORIENTED_EDGE('',*,*,#16086,.T.);
#16173=ORIENTED_EDGE('',*,*,#16041,.F.);
#16174=ORIENTED_EDGE('',*,*,#16161,.T.);
#16175=ORIENTED_EDGE('',*,*,#16003,.F.);
#16176=EDGE_LOOP('',(#16172,#16173,#16174,#16175));
#16177=FACE_BOUND('',#16176,.T.);
#16178=ADVANCED_FACE('',(#16177),#16171,.T.);
#16179=CARTESIAN_POINT('',(4003.675,381.,120.65));
#16180=DIRECTION('',(0.,-1.,0.));
#16181=DIRECTION('',(1.,0.,0.));
#16182=AXIS2_PLACEMENT_3D('',#16179,#16180,#16181);
#16183=PLANE('',#16182);
#16184=ORIENTED_EDGE('',*,*,#15932,.F.);
#16185=ORIENTED_EDGE('',*,*,#15962,.T.);
#16186=ORIENTED_EDGE('',*,*,#16154,.F.);
#16187=ORIENTED_EDGE('',*,*,#16025,.T.);
#16188=EDGE_LOOP('',(#16184,#16185,#16186,#16187));
#16189=FACE_BOUND('',#16188,.T.);
#16190=ADVANCED_FACE('',(#16189),#16183,.F.);
#16191=CLOSED_SHELL('',(#15950,#16013,#16076,#16098,#16120,#16132,#16144,#16166,#16178,#16190));
#16192=MANIFOLD_SOLID_BREP('[Panel] Left',#16191);
#15910=STYLED_ITEM('',(#267),#16192);
#16194=CARTESIAN_POINT('',(4433.8875,406.4,139.7));
#16195=DIRECTION('',(-0.,0.,1.));
#16196=DIRECTION('',(1.,0.,0.));
#16197=AXIS2_PLACEMENT_3D('',#16194,#16195,#16196);
#16198=PLANE('',#16197);
#16199=CARTESIAN_POINT('',(4845.05,381.,139.7));
#16200=VERTEX_POINT('',#16199);
#16201=CARTESIAN_POINT('',(4845.05,19.05,139.7));
#16202=VERTEX_POINT('',#16201);
#16203=CARTESIAN_POINT('',(4845.05,381.,139.7));
#16204=DIRECTION('',(0.,-1.,0.));
#16205=VECTOR('',#16204,361.95);
#16206=LINE('',#16203,#16205);
#16207=EDGE_CURVE('',#16200,#16202,#16206,.T.);
#16208=ORIENTED_EDGE('',*,*,#16207,.F.);
#16209=CARTESIAN_POINT('',(4022.725,381.,139.7));
#16210=VERTEX_POINT('',#16209);
#16211=CARTESIAN_POINT('',(4845.05,381.,139.7));
#16212=DIRECTION('',(-1.,0.,-0.));
#16213=VECTOR('',#16212,822.325);
#16214=LINE('',#16211,#16213);
#16215=EDGE_CURVE('',#16200,#16210,#16214,.T.);
#16216=ORIENTED_EDGE('',*,*,#16215,.T.);
#16217=CARTESIAN_POINT('',(4022.725,19.05,139.7));
#16218=VERTEX_POINT('',#16217);
#16219=CARTESIAN_POINT('',(4022.725,381.,139.7));
#16220=DIRECTION('',(0.,-1.,0.));
#16221=VECTOR('',#16220,361.95);
#16222=LINE('',#16219,#16221);
#16223=EDGE_CURVE('',#16210,#16218,#16222,.T.);
#16224=ORIENTED_EDGE('',*,*,#16223,.T.);
#16225=CARTESIAN_POINT('',(4845.05,19.05,139.7));
#16226=DIRECTION('',(-1.,0.,-0.));
#16227=VECTOR('',#16226,822.325);
#16228=LINE('',#16225,#16227);
#16229=EDGE_CURVE('',#16202,#16218,#16228,.T.);
#16230=ORIENTED_EDGE('',*,*,#16229,.F.);
#16231=EDGE_LOOP('',(#16208,#16216,#16224,#16230));
#16232=FACE_BOUND('',#16231,.T.);
#16233=ADVANCED_FACE('',(#16232),#16198,.T.);
#16234=CARTESIAN_POINT('',(4845.05,406.4,125.4125));
#16235=DIRECTION('',(-1.,0.,0.));
#16236=DIRECTION('',(0.,0.,1.));
#16237=AXIS2_PLACEMENT_3D('',#16234,#16235,#16236);
#16238=PLANE('',#16237);
#16239=CARTESIAN_POINT('',(4845.05,381.,130.175));
#16240=VERTEX_POINT('',#16239);
#16241=CARTESIAN_POINT('',(4845.05,381.,139.7));
#16242=DIRECTION('',(0.,0.,-1.));
#16243=VECTOR('',#16242,9.525);
#16244=LINE('',#16241,#16243);
#16245=EDGE_CURVE('',#16200,#16240,#16244,.T.);
#16246=ORIENTED_EDGE('',*,*,#16245,.F.);
#16247=ORIENTED_EDGE('',*,*,#16207,.T.);
#16248=CARTESIAN_POINT('',(4845.05,19.05,120.65));
#16249=VERTEX_POINT('',#16248);
#16250=CARTESIAN_POINT('',(4845.05,19.05,139.7));
#16251=DIRECTION('',(0.,0.,-1.));
#16252=VECTOR('',#16251,19.05);
#16253=LINE('',#16250,#16252);
#16254=EDGE_CURVE('',#16202,#16249,#16253,.T.);
#16255=ORIENTED_EDGE('',*,*,#16254,.T.);
#16256=CARTESIAN_POINT('',(4845.05,406.4,120.65));
#16257=VERTEX_POINT('',#16256);
#16258=CARTESIAN_POINT('',(4845.05,406.4,120.65));
#16259=DIRECTION('',(0.,-1.,0.));
#16260=VECTOR('',#16259,387.35);
#16261=LINE('',#16258,#16260);
#16262=EDGE_CURVE('',#16257,#16249,#16261,.T.);
#16263=ORIENTED_EDGE('',*,*,#16262,.F.);
#16264=CARTESIAN_POINT('',(4845.05,406.4,139.7));
#16265=VERTEX_POINT('',#16264);
#16266=CARTESIAN_POINT('',(4845.05,406.4,139.7));
#16267=DIRECTION('',(0.,0.,-1.));
#16268=VECTOR('',#16267,19.05);
#16269=LINE('',#16266,#16268);
#16270=EDGE_CURVE('',#16265,#16257,#16269,.T.);
#16271=ORIENTED_EDGE('',*,*,#16270,.F.);
#16272=CARTESIAN_POINT('',(4845.05,387.35,139.7));
#16273=VERTEX_POINT('',#16272);
#16274=CARTESIAN_POINT('',(4845.05,406.4,139.7));
#16275=DIRECTION('',(0.,-1.,0.));
#16276=VECTOR('',#16275,19.05);
#16277=LINE('',#16274,#16276);
#16278=EDGE_CURVE('',#16265,#16273,#16277,.T.);
#16279=ORIENTED_EDGE('',*,*,#16278,.T.);
#16280=CARTESIAN_POINT('',(4845.05,387.35,130.175));
#16281=VERTEX_POINT('',#16280);
#16282=CARTESIAN_POINT('',(4845.05,387.35,139.7));
#16283=DIRECTION('',(0.,0.,-1.));
#16284=VECTOR('',#16283,9.525);
#16285=LINE('',#16282,#16284);
#16286=EDGE_CURVE('',#16273,#16281,#16285,.T.);
#16287=ORIENTED_EDGE('',*,*,#16286,.T.);
#16288=CARTESIAN_POINT('',(4845.05,387.35,130.175));
#16289=DIRECTION('',(0.,-1.,0.));
#16290=VECTOR('',#16289,6.35);
#16291=LINE('',#16288,#16290);
#16292=EDGE_CURVE('',#16281,#16240,#16291,.T.);
#16293=ORIENTED_EDGE('',*,*,#16292,.T.);
#16294=EDGE_LOOP('',(#16246,#16247,#16255,#16263,#16271,#16279,#16287,#16293));
#16295=FACE_BOUND('',#16294,.T.);
#16296=ADVANCED_FACE('',(#16295),#16238,.F.);
#16297=CARTESIAN_POINT('',(4022.725,406.4,125.4125));
#16298=DIRECTION('',(-1.,0.,-0.));
#16299=DIRECTION('',(-0.,0.,1.));
#16300=AXIS2_PLACEMENT_3D('',#16297,#16298,#16299);
#16301=PLANE('',#16300);
#16302=ORIENTED_EDGE('',*,*,#16223,.F.);
#16303=CARTESIAN_POINT('',(4022.725,381.,130.175));
#16304=VERTEX_POINT('',#16303);
#16305=CARTESIAN_POINT('',(4022.725,381.,139.7));
#16306=DIRECTION('',(0.,0.,-1.));
#16307=VECTOR('',#16306,9.525);
#16308=LINE('',#16305,#16307);
#16309=EDGE_CURVE('',#16210,#16304,#16308,.T.);
#16310=ORIENTED_EDGE('',*,*,#16309,.T.);
#16311=CARTESIAN_POINT('',(4022.725,387.35,130.175));
#16312=VERTEX_POINT('',#16311);
#16313=CARTESIAN_POINT('',(4022.725,387.35,130.175));
#16314=DIRECTION('',(0.,-1.,0.));
#16315=VECTOR('',#16314,6.35);
#16316=LINE('',#16313,#16315);
#16317=EDGE_CURVE('',#16312,#16304,#16316,.T.);
#16318=ORIENTED_EDGE('',*,*,#16317,.F.);
#16319=CARTESIAN_POINT('',(4022.725,387.35,139.7));
#16320=VERTEX_POINT('',#16319);
#16321=CARTESIAN_POINT('',(4022.725,387.35,139.7));
#16322=DIRECTION('',(0.,0.,-1.));
#16323=VECTOR('',#16322,9.525);
#16324=LINE('',#16321,#16323);
#16325=EDGE_CURVE('',#16320,#16312,#16324,.T.);
#16326=ORIENTED_EDGE('',*,*,#16325,.F.);
#16327=CARTESIAN_POINT('',(4022.725,406.4,139.7));
#16328=VERTEX_POINT('',#16327);
#16329=CARTESIAN_POINT('',(4022.725,406.4,139.7));
#16330=DIRECTION('',(0.,-1.,0.));
#16331=VECTOR('',#16330,19.05);
#16332=LINE('',#16329,#16331);
#16333=EDGE_CURVE('',#16328,#16320,#16332,.T.);
#16334=ORIENTED_EDGE('',*,*,#16333,.F.);
#16335=CARTESIAN_POINT('',(4022.725,406.4,120.65));
#16336=VERTEX_POINT('',#16335);
#16337=CARTESIAN_POINT('',(4022.725,406.4,139.7));
#16338=DIRECTION('',(0.,0.,-1.));
#16339=VECTOR('',#16338,19.05);
#16340=LINE('',#16337,#16339);
#16341=EDGE_CURVE('',#16328,#16336,#16340,.T.);
#16342=ORIENTED_EDGE('',*,*,#16341,.T.);
#16343=CARTESIAN_POINT('',(4022.725,19.05,120.65));
#16344=VERTEX_POINT('',#16343);
#16345=CARTESIAN_POINT('',(4022.725,406.4,120.65));
#16346=DIRECTION('',(0.,-1.,0.));
#16347=VECTOR('',#16346,387.35);
#16348=LINE('',#16345,#16347);
#16349=EDGE_CURVE('',#16336,#16344,#16348,.T.);
#16350=ORIENTED_EDGE('',*,*,#16349,.T.);
#16351=CARTESIAN_POINT('',(4022.725,19.05,139.7));
#16352=DIRECTION('',(0.,0.,-1.));
#16353=VECTOR('',#16352,19.05);
#16354=LINE('',#16351,#16353);
#16355=EDGE_CURVE('',#16218,#16344,#16354,.T.);
#16356=ORIENTED_EDGE('',*,*,#16355,.F.);
#16357=EDGE_LOOP('',(#16302,#16310,#16318,#16326,#16334,#16342,#16350,#16356));
#16358=FACE_BOUND('',#16357,.T.);
#16359=ADVANCED_FACE('',(#16358),#16301,.T.);
#16360=CARTESIAN_POINT('',(4433.8875,406.4,139.7));
#16361=DIRECTION('',(-0.,0.,1.));
#16362=DIRECTION('',(1.,0.,0.));
#16363=AXIS2_PLACEMENT_3D('',#16360,#16361,#16362);
#16364=PLANE('',#16363);
#16365=CARTESIAN_POINT('',(4845.05,387.35,139.7));
#16366=DIRECTION('',(-1.,0.,-0.));
#16367=VECTOR('',#16366,822.325);
#16368=LINE('',#16365,#16367);
#16369=EDGE_CURVE('',#16273,#16320,#16368,.T.);
#16370=ORIENTED_EDGE('',*,*,#16369,.F.);
#16371=ORIENTED_EDGE('',*,*,#16278,.F.);
#16372=CARTESIAN_POINT('',(4845.05,406.4,139.7));
#16373=DIRECTION('',(-1.,0.,-0.));
#16374=VECTOR('',#16373,822.325);
#16375=LINE('',#16372,#16374);
#16376=EDGE_CURVE('',#16265,#16328,#16375,.T.);
#16377=ORIENTED_EDGE('',*,*,#16376,.T.);
#16378=ORIENTED_EDGE('',*,*,#16333,.T.);
#16379=EDGE_LOOP('',(#16370,#16371,#16377,#16378));
#16380=FACE_BOUND('',#16379,.T.);
#16381=ADVANCED_FACE('',(#16380),#16364,.T.);
#16382=CARTESIAN_POINT('',(4433.8875,406.4,120.65));
#16383=DIRECTION('',(0.,0.,-1.));
#16384=DIRECTION('',(-1.,0.,0.));
#16385=AXIS2_PLACEMENT_3D('',#16382,#16383,#16384);
#16386=PLANE('',#16385);
#16387=CARTESIAN_POINT('',(4022.725,19.05,120.65));
#16388=DIRECTION('',(1.,0.,-0.));
#16389=VECTOR('',#16388,822.325);
#16390=LINE('',#16387,#16389);
#16391=EDGE_CURVE('',#16344,#16249,#16390,.T.);
#16392=ORIENTED_EDGE('',*,*,#16391,.F.);
#16393=ORIENTED_EDGE('',*,*,#16349,.F.);
#16394=CARTESIAN_POINT('',(4022.725,406.4,120.65));
#16395=DIRECTION('',(1.,0.,-0.));
#16396=VECTOR('',#16395,822.325);
#16397=LINE('',#16394,#16396);
#16398=EDGE_CURVE('',#16336,#16257,#16397,.T.);
#16399=ORIENTED_EDGE('',*,*,#16398,.T.);
#16400=ORIENTED_EDGE('',*,*,#16262,.T.);
#16401=EDGE_LOOP('',(#16392,#16393,#16399,#16400));
#16402=FACE_BOUND('',#16401,.T.);
#16403=ADVANCED_FACE('',(#16402),#16386,.T.);
#16404=CARTESIAN_POINT('',(4003.675,406.4,120.65));
#16405=DIRECTION('',(0.,-1.,0.));
#16406=DIRECTION('',(1.,0.,0.));
#16407=AXIS2_PLACEMENT_3D('',#16404,#16405,#16406);
#16408=PLANE('',#16407);
#16409=ORIENTED_EDGE('',*,*,#16270,.T.);
#16410=ORIENTED_EDGE('',*,*,#16398,.F.);
#16411=ORIENTED_EDGE('',*,*,#16341,.F.);
#16412=ORIENTED_EDGE('',*,*,#16376,.F.);
#16413=EDGE_LOOP('',(#16409,#16410,#16411,#16412));
#16414=FACE_BOUND('',#16413,.T.);
#16415=ADVANCED_FACE('',(#16414),#16408,.F.);
#16416=CARTESIAN_POINT('',(4003.675,19.05,120.65));
#16417=DIRECTION('',(0.,-1.,0.));
#16418=DIRECTION('',(1.,0.,0.));
#16419=AXIS2_PLACEMENT_3D('',#16416,#16417,#16418);
#16420=PLANE('',#16419);
#16421=ORIENTED_EDGE('',*,*,#16254,.F.);
#16422=ORIENTED_EDGE('',*,*,#16229,.T.);
#16423=ORIENTED_EDGE('',*,*,#16355,.T.);
#16424=ORIENTED_EDGE('',*,*,#16391,.T.);
#16425=EDGE_LOOP('',(#16421,#16422,#16423,#16424));
#16426=FACE_BOUND('',#16425,.T.);
#16427=ADVANCED_FACE('',(#16426),#16420,.T.);
#16428=CARTESIAN_POINT('',(4433.8875,387.35,130.175));
#16429=DIRECTION('',(0.,0.,1.));
#16430=DIRECTION('',(1.,0.,-0.));
#16431=AXIS2_PLACEMENT_3D('',#16428,#16429,#16430);
#16432=PLANE('',#16431);
#16433=CARTESIAN_POINT('',(4845.05,381.,130.175));
#16434=DIRECTION('',(-1.,0.,0.));
#16435=VECTOR('',#16434,822.325);
#16436=LINE('',#16433,#16435);
#16437=EDGE_CURVE('',#16240,#16304,#16436,.T.);
#16438=ORIENTED_EDGE('',*,*,#16437,.F.);
#16439=ORIENTED_EDGE('',*,*,#16292,.F.);
#16440=CARTESIAN_POINT('',(4845.05,387.35,130.175));
#16441=DIRECTION('',(-1.,0.,0.));
#16442=VECTOR('',#16441,822.325);
#16443=LINE('',#16440,#16442);
#16444=EDGE_CURVE('',#16281,#16312,#16443,.T.);
#16445=ORIENTED_EDGE('',*,*,#16444,.T.);
#16446=ORIENTED_EDGE('',*,*,#16317,.T.);
#16447=EDGE_LOOP('',(#16438,#16439,#16445,#16446));
#16448=FACE_BOUND('',#16447,.T.);
#16449=ADVANCED_FACE('',(#16448),#16432,.T.);
#16450=CARTESIAN_POINT('',(4003.675,387.35,120.65));
#16451=DIRECTION('',(0.,-1.,0.));
#16452=DIRECTION('',(1.,0.,0.));
#16453=AXIS2_PLACEMENT_3D('',#16450,#16451,#16452);
#16454=PLANE('',#16453);
#16455=ORIENTED_EDGE('',*,*,#16444,.F.);
#16456=ORIENTED_EDGE('',*,*,#16286,.F.);
#16457=ORIENTED_EDGE('',*,*,#16369,.T.);
#16458=ORIENTED_EDGE('',*,*,#16325,.T.);
#16459=EDGE_LOOP('',(#16455,#16456,#16457,#16458));
#16460=FACE_BOUND('',#16459,.T.);
#16461=ADVANCED_FACE('',(#16460),#16454,.T.);
#16462=CARTESIAN_POINT('',(4003.675,381.,120.65));
#16463=DIRECTION('',(0.,-1.,0.));
#16464=DIRECTION('',(1.,0.,0.));
#16465=AXIS2_PLACEMENT_3D('',#16462,#16463,#16464);
#16466=PLANE('',#16465);
#16467=ORIENTED_EDGE('',*,*,#16437,.T.);
#16468=ORIENTED_EDGE('',*,*,#16309,.F.);
#16469=ORIENTED_EDGE('',*,*,#16215,.F.);
#16470=ORIENTED_EDGE('',*,*,#16245,.T.);
#16471=EDGE_LOOP('',(#16467,#16468,#16469,#16470));
#16472=FACE_BOUND('',#16471,.T.);
#16473=ADVANCED_FACE('',(#16472),#16466,.F.);
#16474=CLOSED_SHELL('',(#16233,#16296,#16359,#16381,#16403,#16415,#16427,#16449,#16461,#16473));
#16475=MANIFOLD_SOLID_BREP('[Panel] Bottom',#16474);
#16193=STYLED_ITEM('',(#267),#16475);
#16477=CARTESIAN_POINT('',(4854.575,384.175,866.775));
#16478=DIRECTION('',(1.,0.,0.));
#16479=DIRECTION('',(0.,0.,-1.));
#16480=AXIS2_PLACEMENT_3D('',#16477,#16478,#16479);
#16481=PLANE('',#16480);
#16482=CARTESIAN_POINT('',(4854.575,387.35,130.175));
#16483=VERTEX_POINT('',#16482);
#16484=CARTESIAN_POINT('',(4854.575,381.,130.175));
#16485=VERTEX_POINT('',#16484);
#16486=CARTESIAN_POINT('',(4854.575,387.35,130.175));
#16487=DIRECTION('',(0.,-1.,0.));
#16488=VECTOR('',#16487,6.35);
#16489=LINE('',#16486,#16488);
#16490=EDGE_CURVE('',#16483,#16485,#16489,.T.);
#16491=ORIENTED_EDGE('',*,*,#16490,.F.);
#16492=CARTESIAN_POINT('',(4854.575,387.35,866.775));
#16493=VERTEX_POINT('',#16492);
#16494=CARTESIAN_POINT('',(4854.575,387.35,866.775));
#16495=DIRECTION('',(0.,0.,-1.));
#16496=VECTOR('',#16495,736.6);
#16497=LINE('',#16494,#16496);
#16498=EDGE_CURVE('',#16493,#16483,#16497,.T.);
#16499=ORIENTED_EDGE('',*,*,#16498,.F.);
#16500=CARTESIAN_POINT('',(4854.575,381.,866.775));
#16501=VERTEX_POINT('',#16500);
#16502=CARTESIAN_POINT('',(4854.575,387.35,866.775));
#16503=DIRECTION('',(0.,-1.,0.));
#16504=VECTOR('',#16503,6.35);
#16505=LINE('',#16502,#16504);
#16506=EDGE_CURVE('',#16493,#16501,#16505,.T.);
#16507=ORIENTED_EDGE('',*,*,#16506,.T.);
#16508=CARTESIAN_POINT('',(4854.575,381.,866.775));
#16509=DIRECTION('',(0.,0.,-1.));
#16510=VECTOR('',#16509,736.6);
#16511=LINE('',#16508,#16510);
#16512=EDGE_CURVE('',#16501,#16485,#16511,.T.);
#16513=ORIENTED_EDGE('',*,*,#16512,.T.);
#16514=EDGE_LOOP('',(#16491,#16499,#16507,#16513));
#16515=FACE_BOUND('',#16514,.T.);
#16516=ADVANCED_FACE('',(#16515),#16481,.T.);
#16517=CARTESIAN_POINT('',(4433.8875,387.35,866.775));
#16518=DIRECTION('',(0.,1.,0.));
#16519=DIRECTION('',(0.,0.,1.));
#16520=AXIS2_PLACEMENT_3D('',#16517,#16518,#16519);
#16521=PLANE('',#16520);
#16522=CARTESIAN_POINT('',(4013.2,387.35,130.175));
#16523=VERTEX_POINT('',#16522);
#16524=CARTESIAN_POINT('',(4013.2,387.35,130.175));
#16525=DIRECTION('',(1.,0.,-0.));
#16526=VECTOR('',#16525,841.375);
#16527=LINE('',#16524,#16526);
#16528=EDGE_CURVE('',#16523,#16483,#16527,.T.);
#16529=ORIENTED_EDGE('',*,*,#16528,.F.);
#16530=CARTESIAN_POINT('',(4013.2,387.35,866.775));
#16531=VERTEX_POINT('',#16530);
#16532=CARTESIAN_POINT('',(4013.2,387.35,866.775));
#16533=DIRECTION('',(0.,0.,-1.));
#16534=VECTOR('',#16533,736.6);
#16535=LINE('',#16532,#16534);
#16536=EDGE_CURVE('',#16531,#16523,#16535,.T.);
#16537=ORIENTED_EDGE('',*,*,#16536,.F.);
#16538=CARTESIAN_POINT('',(4013.2,387.35,866.775));
#16539=DIRECTION('',(1.,0.,-0.));
#16540=VECTOR('',#16539,841.375);
#16541=LINE('',#16538,#16540);
#16542=EDGE_CURVE('',#16531,#16493,#16541,.T.);
#16543=ORIENTED_EDGE('',*,*,#16542,.T.);
#16544=ORIENTED_EDGE('',*,*,#16498,.T.);
#16545=EDGE_LOOP('',(#16529,#16537,#16543,#16544));
#16546=FACE_BOUND('',#16545,.T.);
#16547=ADVANCED_FACE('',(#16546),#16521,.T.);
#16548=CARTESIAN_POINT('',(4013.2,384.175,866.775));
#16549=DIRECTION('',(-1.,-0.,0.));
#16550=DIRECTION('',(0.,-1.,0.));
#16551=AXIS2_PLACEMENT_3D('',#16548,#16549,#16550);
#16552=PLANE('',#16551);
#16553=CARTESIAN_POINT('',(4013.2,381.,130.175));
#16554=VERTEX_POINT('',#16553);
#16555=CARTESIAN_POINT('',(4013.2,381.,130.175));
#16556=DIRECTION('',(-0.,1.,0.));
#16557=VECTOR('',#16556,6.35);
#16558=LINE('',#16555,#16557);
#16559=EDGE_CURVE('',#16554,#16523,#16558,.T.);
#16560=ORIENTED_EDGE('',*,*,#16559,.F.);
#16561=CARTESIAN_POINT('',(4013.2,381.,866.775));
#16562=VERTEX_POINT('',#16561);
#16563=CARTESIAN_POINT('',(4013.2,381.,866.775));
#16564=DIRECTION('',(0.,0.,-1.));
#16565=VECTOR('',#16564,736.6);
#16566=LINE('',#16563,#16565);
#16567=EDGE_CURVE('',#16562,#16554,#16566,.T.);
#16568=ORIENTED_EDGE('',*,*,#16567,.F.);
#16569=CARTESIAN_POINT('',(4013.2,381.,866.775));
#16570=DIRECTION('',(-0.,1.,0.));
#16571=VECTOR('',#16570,6.35);
#16572=LINE('',#16569,#16571);
#16573=EDGE_CURVE('',#16562,#16531,#16572,.T.);
#16574=ORIENTED_EDGE('',*,*,#16573,.T.);
#16575=ORIENTED_EDGE('',*,*,#16536,.T.);
#16576=EDGE_LOOP('',(#16560,#16568,#16574,#16575));
#16577=FACE_BOUND('',#16576,.T.);
#16578=ADVANCED_FACE('',(#16577),#16552,.T.);
#16579=CARTESIAN_POINT('',(4433.8875,381.,866.775));
#16580=DIRECTION('',(0.,-1.,0.));
#16581=DIRECTION('',(1.,0.,0.));
#16582=AXIS2_PLACEMENT_3D('',#16579,#16580,#16581);
#16583=PLANE('',#16582);
#16584=CARTESIAN_POINT('',(4854.575,381.,130.175));
#16585=DIRECTION('',(-1.,-0.,0.));
#16586=VECTOR('',#16585,841.375);
#16587=LINE('',#16584,#16586);
#16588=EDGE_CURVE('',#16485,#16554,#16587,.T.);
#16589=ORIENTED_EDGE('',*,*,#16588,.F.);
#16590=ORIENTED_EDGE('',*,*,#16512,.F.);
#16591=CARTESIAN_POINT('',(4854.575,381.,866.775));
#16592=DIRECTION('',(-1.,-0.,0.));
#16593=VECTOR('',#16592,841.375);
#16594=LINE('',#16591,#16593);
#16595=EDGE_CURVE('',#16501,#16562,#16594,.T.);
#16596=ORIENTED_EDGE('',*,*,#16595,.T.);
#16597=ORIENTED_EDGE('',*,*,#16567,.T.);
#16598=EDGE_LOOP('',(#16589,#16590,#16596,#16597));
#16599=FACE_BOUND('',#16598,.T.);
#16600=ADVANCED_FACE('',(#16599),#16583,.T.);
#16601=CARTESIAN_POINT('',(4003.675,19.05,866.775));
#16602=DIRECTION('',(0.,0.,1.));
#16603=DIRECTION('',(1.,0.,0.));
#16604=AXIS2_PLACEMENT_3D('',#16601,#16602,#16603);
#16605=PLANE('',#16604);
#16606=ORIENTED_EDGE('',*,*,#16506,.F.);
#16607=ORIENTED_EDGE('',*,*,#16542,.F.);
#16608=ORIENTED_EDGE('',*,*,#16573,.F.);
#16609=ORIENTED_EDGE('',*,*,#16595,.F.);
#16610=EDGE_LOOP('',(#16606,#16607,#16608,#16609));
#16611=FACE_BOUND('',#16610,.T.);
#16612=ADVANCED_FACE('',(#16611),#16605,.T.);
#16613=CARTESIAN_POINT('',(4003.675,19.05,130.175));
#16614=DIRECTION('',(0.,0.,1.));
#16615=DIRECTION('',(1.,0.,0.));
#16616=AXIS2_PLACEMENT_3D('',#16613,#16614,#16615);
#16617=PLANE('',#16616);
#16618=ORIENTED_EDGE('',*,*,#16490,.T.);
#16619=ORIENTED_EDGE('',*,*,#16588,.T.);
#16620=ORIENTED_EDGE('',*,*,#16559,.T.);
#16621=ORIENTED_EDGE('',*,*,#16528,.T.);
#16622=EDGE_LOOP('',(#16618,#16619,#16620,#16621));
#16623=FACE_BOUND('',#16622,.T.);
#16624=ADVANCED_FACE('',(#16623),#16617,.F.);
#16625=CLOSED_SHELL('',(#16516,#16547,#16578,#16600,#16612,#16624));
#16626=MANIFOLD_SOLID_BREP('[Backer]',#16625);
#16476=STYLED_ITEM('',(#267),#16626);
#14872=SHAPE_REPRESENTATION('Bottom Left',(#15),#14870);
#14873=ADVANCED_BREP_SHAPE_REPRESENTATION('Bottom Left',(#15041,#15192,#15343,#15626,#15909,#16192,#16475,#16626),#14870);
#16634=SHAPE_REPRESENTATION_RELATIONSHIP('','',#14872,#14873);
#16635=CARTESIAN_POINT('',(0.,0.,0.));
#16636=DIRECTION('',(0.,0.,1.));
#16637=DIRECTION('',(1.,0.,0.));
#16638=AXIS2_PLACEMENT_3D('',#16635,#16636,#16637);
#16640=MAPPED_ITEM('',#16639,#16638);
#16639=REPRESENTATION_MAP(#16638,#14872);
#14880=PRODUCT('Bottom Left','Bottom Left','',(#1877));
#16641=PRODUCT_RELATED_PRODUCT_CATEGORY('part','',(#14880));
#16642=PRODUCT_DEFINITION_FORMATION_WITH_SPECIFIED_SOURCE('','',#14880,.NOT_KNOWN.);
#14881=PRODUCT_DEFINITION('design','',#16642,#1878);
#14879=PRODUCT_DEFINITION_SHAPE('','',#14881);
#16643=SHAPE_DEFINITION_REPRESENTATION(#14879,#14872);
#14871=DRAUGHTING_MODEL('',(#16640),#14870);
#16644=(NAMED_UNIT(*)PLANE_ANGLE_UNIT()SI_UNIT($,.RADIAN.));
#16645=PLANE_ANGLE_MEASURE_WITH_UNIT(PLANE_ANGLE_MEASURE(0.0174532925),#16644);
#16646=(CONVERSION_BASED_UNIT('DEGREE',#16645)NAMED_UNIT(#16647)PLANE_ANGLE_UNIT());
#16647=DIMENSIONAL_EXPONENTS(0.,0.,0.,0.,0.,0.,0.);
#16648=(NAMED_UNIT(*)SI_UNIT($,.STERADIAN.)SOLID_ANGLE_UNIT());
#16649=(LENGTH_UNIT()NAMED_UNIT(*)SI_UNIT(.MILLI.,.METRE.));
#16650=UNCERTAINTY_MEASURE_WITH_UNIT(LENGTH_MEASURE(1.000000E-05),#16649,'DISTANCE_ACCURACY_VALUE','Maximum Tolerance applied to model');
#16651=(GEOMETRIC_REPRESENTATION_CONTEXT(3)GLOBAL_UNCERTAINTY_ASSIGNED_CONTEXT((#16650))GLOBAL_UNIT_ASSIGNED_CONTEXT((#16649,#16646,#16648))REPRESENTATION_CONTEXT('','Bottom Right'));
#16663=CARTESIAN_POINT('',(0.,0.,0.));
#16664=DIRECTION('',(0.,0.,1.));
#16665=DIRECTION('',(1.,0.,-0.));
#16666=AXIS2_PLACEMENT_3D('',#16663,#16664,#16665);
#16667=ITEM_DEFINED_TRANSFORMATION('','',#16666,#15);
#16668=(REPRESENTATION_RELATIONSHIP('','',#16653,#11990)REPRESENTATION_RELATIONSHIP_WITH_TRANSFORMATION(#16667)SHAPE_REPRESENTATION_RELATIONSHIP());
#16669=NEXT_ASSEMBLY_USAGE_OCCURRENCE('Bottom Right_17','Bottom Right','Bottom Right',#11999,#16662,$);
#16670=PRODUCT_DEFINITION_SHAPE('','',#16669);
#16671=CONTEXT_DEPENDENT_SHAPE_REPRESENTATION(#16668,#16670);
#16673=CARTESIAN_POINT('',(5307.0125,406.4,241.3));
#16674=DIRECTION('',(0.,0.,-1.));
#16675=DIRECTION('',(-1.,0.,-0.));
#16676=AXIS2_PLACEMENT_3D('',#16673,#16674,#16675);
#16677=PLANE('',#16676);
#16678=CARTESIAN_POINT('',(4895.85,387.35,241.3));
#16679=VERTEX_POINT('',#16678);
#16680=CARTESIAN_POINT('',(5718.175,387.35,241.3));
#16681=VERTEX_POINT('',#16680);
#16682=CARTESIAN_POINT('',(4895.85,387.35,241.3));
#16683=DIRECTION('',(1.,0.,0.));
#16684=VECTOR('',#16683,822.325);
#16685=LINE('',#16682,#16684);
#16686=EDGE_CURVE('',#16679,#16681,#16685,.T.);
#16687=ORIENTED_EDGE('',*,*,#16686,.T.);
#16688=CARTESIAN_POINT('',(5718.175,406.4,241.3));
#16689=VERTEX_POINT('',#16688);
#16690=CARTESIAN_POINT('',(5718.175,406.4,241.3));
#16691=DIRECTION('',(0.,-1.,0.));
#16692=VECTOR('',#16691,19.05);
#16693=LINE('',#16690,#16692);
#16694=EDGE_CURVE('',#16689,#16681,#16693,.T.);
#16695=ORIENTED_EDGE('',*,*,#16694,.F.);
#16696=CARTESIAN_POINT('',(4895.85,406.4,241.3));
#16697=VERTEX_POINT('',#16696);
#16698=CARTESIAN_POINT('',(4895.85,406.4,241.3));
#16699=DIRECTION('',(1.,0.,0.));
#16700=VECTOR('',#16699,822.325);
#16701=LINE('',#16698,#16700);
#16702=EDGE_CURVE('',#16697,#16689,#16701,.T.);
#16703=ORIENTED_EDGE('',*,*,#16702,.F.);
#16704=CARTESIAN_POINT('',(4895.85,406.4,241.3));
#16705=DIRECTION('',(0.,-1.,0.));
#16706=VECTOR('',#16705,19.05);
#16707=LINE('',#16704,#16706);
#16708=EDGE_CURVE('',#16697,#16679,#16707,.T.);
#16709=ORIENTED_EDGE('',*,*,#16708,.T.);
#16710=EDGE_LOOP('',(#16687,#16695,#16703,#16709));
#16711=FACE_BOUND('',#16710,.T.);
#16712=ADVANCED_FACE('',(#16711),#16677,.F.);
#16713=CARTESIAN_POINT('',(4895.85,406.4,190.5));
#16714=DIRECTION('',(1.,0.,-0.));
#16715=DIRECTION('',(-0.,0.,-1.));
#16716=AXIS2_PLACEMENT_3D('',#16713,#16714,#16715);
#16717=PLANE('',#16716);
#16718=CARTESIAN_POINT('',(4895.85,387.35,139.7));
#16719=VERTEX_POINT('',#16718);
#16720=CARTESIAN_POINT('',(4895.85,387.35,139.7));
#16721=DIRECTION('',(0.,0.,1.));
#16722=VECTOR('',#16721,101.6);
#16723=LINE('',#16720,#16722);
#16724=EDGE_CURVE('',#16719,#16679,#16723,.T.);
#16725=ORIENTED_EDGE('',*,*,#16724,.T.);
#16726=ORIENTED_EDGE('',*,*,#16708,.F.);
#16727=CARTESIAN_POINT('',(4895.85,406.4,139.7));
#16728=VERTEX_POINT('',#16727);
#16729=CARTESIAN_POINT('',(4895.85,406.4,139.7));
#16730=DIRECTION('',(0.,0.,1.));
#16731=VECTOR('',#16730,101.6);
#16732=LINE('',#16729,#16731);
#16733=EDGE_CURVE('',#16728,#16697,#16732,.T.);
#16734=ORIENTED_EDGE('',*,*,#16733,.F.);
#16735=CARTESIAN_POINT('',(4895.85,406.4,139.7));
#16736=DIRECTION('',(0.,-1.,0.));
#16737=VECTOR('',#16736,19.05);
#16738=LINE('',#16735,#16737);
#16739=EDGE_CURVE('',#16728,#16719,#16738,.T.);
#16740=ORIENTED_EDGE('',*,*,#16739,.T.);
#16741=EDGE_LOOP('',(#16725,#16726,#16734,#16740));
#16742=FACE_BOUND('',#16741,.T.);
#16743=ADVANCED_FACE('',(#16742),#16717,.F.);
#16744=CARTESIAN_POINT('',(5307.0125,406.4,139.7));
#16745=DIRECTION('',(-0.,0.,1.));
#16746=DIRECTION('',(1.,0.,0.));
#16747=AXIS2_PLACEMENT_3D('',#16744,#16745,#16746);
#16748=PLANE('',#16747);
#16749=CARTESIAN_POINT('',(5718.175,387.35,139.7));
#16750=VERTEX_POINT('',#16749);
#16751=CARTESIAN_POINT('',(5718.175,387.35,139.7));
#16752=DIRECTION('',(-1.,0.,-0.));
#16753=VECTOR('',#16752,822.325);
#16754=LINE('',#16751,#16753);
#16755=EDGE_CURVE('',#16750,#16719,#16754,.T.);
#16756=ORIENTED_EDGE('',*,*,#16755,.T.);
#16757=ORIENTED_EDGE('',*,*,#16739,.F.);
#16758=CARTESIAN_POINT('',(5718.175,406.4,139.7));
#16759=VERTEX_POINT('',#16758);
#16760=CARTESIAN_POINT('',(5718.175,406.4,139.7));
#16761=DIRECTION('',(-1.,0.,-0.));
#16762=VECTOR('',#16761,822.325);
#16763=LINE('',#16760,#16762);
#16764=EDGE_CURVE('',#16759,#16728,#16763,.T.);
#16765=ORIENTED_EDGE('',*,*,#16764,.F.);
#16766=CARTESIAN_POINT('',(5718.175,406.4,139.7));
#16767=DIRECTION('',(0.,-1.,0.));
#16768=VECTOR('',#16767,19.05);
#16769=LINE('',#16766,#16768);
#16770=EDGE_CURVE('',#16759,#16750,#16769,.T.);
#16771=ORIENTED_EDGE('',*,*,#16770,.T.);
#16772=EDGE_LOOP('',(#16756,#16757,#16765,#16771));
#16773=FACE_BOUND('',#16772,.T.);
#16774=ADVANCED_FACE('',(#16773),#16748,.F.);
#16775=CARTESIAN_POINT('',(5718.175,406.4,190.5));
#16776=DIRECTION('',(-1.,0.,0.));
#16777=DIRECTION('',(0.,0.,1.));
#16778=AXIS2_PLACEMENT_3D('',#16775,#16776,#16777);
#16779=PLANE('',#16778);
#16780=CARTESIAN_POINT('',(5718.175,387.35,241.3));
#16781=DIRECTION('',(0.,0.,-1.));
#16782=VECTOR('',#16781,101.6);
#16783=LINE('',#16780,#16782);
#16784=EDGE_CURVE('',#16681,#16750,#16783,.T.);
#16785=ORIENTED_EDGE('',*,*,#16784,.T.);
#16786=ORIENTED_EDGE('',*,*,#16770,.F.);
#16787=CARTESIAN_POINT('',(5718.175,406.4,241.3));
#16788=DIRECTION('',(0.,0.,-1.));
#16789=VECTOR('',#16788,101.6);
#16790=LINE('',#16787,#16789);
#16791=EDGE_CURVE('',#16689,#16759,#16790,.T.);
#16792=ORIENTED_EDGE('',*,*,#16791,.F.);
#16793=ORIENTED_EDGE('',*,*,#16694,.T.);
#16794=EDGE_LOOP('',(#16785,#16786,#16792,#16793));
#16795=FACE_BOUND('',#16794,.T.);
#16796=ADVANCED_FACE('',(#16795),#16779,.F.);
#16797=CARTESIAN_POINT('',(4876.8,406.4,120.65));
#16798=DIRECTION('',(0.,-1.,0.));
#16799=DIRECTION('',(1.,0.,0.));
#16800=AXIS2_PLACEMENT_3D('',#16797,#16798,#16799);
#16801=PLANE('',#16800);
#16802=ORIENTED_EDGE('',*,*,#16702,.T.);
#16803=ORIENTED_EDGE('',*,*,#16791,.T.);
#16804=ORIENTED_EDGE('',*,*,#16764,.T.);
#16805=ORIENTED_EDGE('',*,*,#16733,.T.);
#16806=EDGE_LOOP('',(#16802,#16803,#16804,#16805));
#16807=FACE_BOUND('',#16806,.T.);
#16808=ADVANCED_FACE('',(#16807),#16801,.F.);
#16809=CARTESIAN_POINT('',(4876.8,387.35,120.65));
#16810=DIRECTION('',(0.,-1.,0.));
#16811=DIRECTION('',(1.,0.,0.));
#16812=AXIS2_PLACEMENT_3D('',#16809,#16810,#16811);
#16813=PLANE('',#16812);
#16814=ORIENTED_EDGE('',*,*,#16686,.F.);
#16815=ORIENTED_EDGE('',*,*,#16724,.F.);
#16816=ORIENTED_EDGE('',*,*,#16755,.F.);
#16817=ORIENTED_EDGE('',*,*,#16784,.F.);
#16818=EDGE_LOOP('',(#16814,#16815,#16816,#16817));
#16819=FACE_BOUND('',#16818,.T.);
#16820=ADVANCED_FACE('',(#16819),#16813,.T.);
#16821=CLOSED_SHELL('',(#16712,#16743,#16774,#16796,#16808,#16820));
#16822=MANIFOLD_SOLID_BREP('[Nailer] Bottom',#16821);
#16672=STYLED_ITEM('',(#267),#16822);
#16824=CARTESIAN_POINT('',(4895.85,406.4,806.45));
#16825=DIRECTION('',(1.,0.,-0.));
#16826=DIRECTION('',(-0.,0.,-1.));
#16827=AXIS2_PLACEMENT_3D('',#16824,#16825,#16826);
#16828=PLANE('',#16827);
#16829=CARTESIAN_POINT('',(4895.85,387.35,755.65));
#16830=VERTEX_POINT('',#16829);
#16831=CARTESIAN_POINT('',(4895.85,387.35,857.25));
#16832=VERTEX_POINT('',#16831);
#16833=CARTESIAN_POINT('',(4895.85,387.35,755.65));
#16834=DIRECTION('',(0.,0.,1.));
#16835=VECTOR('',#16834,101.6);
#16836=LINE('',#16833,#16835);
#16837=EDGE_CURVE('',#16830,#16832,#16836,.T.);
#16838=ORIENTED_EDGE('',*,*,#16837,.T.);
#16839=CARTESIAN_POINT('',(4895.85,406.4,857.25));
#16840=VERTEX_POINT('',#16839);
#16841=CARTESIAN_POINT('',(4895.85,406.4,857.25));
#16842=DIRECTION('',(0.,-1.,0.));
#16843=VECTOR('',#16842,19.05);
#16844=LINE('',#16841,#16843);
#16845=EDGE_CURVE('',#16840,#16832,#16844,.T.);
#16846=ORIENTED_EDGE('',*,*,#16845,.F.);
#16847=CARTESIAN_POINT('',(4895.85,406.4,755.65));
#16848=VERTEX_POINT('',#16847);
#16849=CARTESIAN_POINT('',(4895.85,406.4,755.65));
#16850=DIRECTION('',(0.,0.,1.));
#16851=VECTOR('',#16850,101.6);
#16852=LINE('',#16849,#16851);
#16853=EDGE_CURVE('',#16848,#16840,#16852,.T.);
#16854=ORIENTED_EDGE('',*,*,#16853,.F.);
#16855=CARTESIAN_POINT('',(4895.85,406.4,755.65));
#16856=DIRECTION('',(0.,-1.,0.));
#16857=VECTOR('',#16856,19.05);
#16858=LINE('',#16855,#16857);
#16859=EDGE_CURVE('',#16848,#16830,#16858,.T.);
#16860=ORIENTED_EDGE('',*,*,#16859,.T.);
#16861=EDGE_LOOP('',(#16838,#16846,#16854,#16860));
#16862=FACE_BOUND('',#16861,.T.);
#16863=ADVANCED_FACE('',(#16862),#16828,.F.);
#16864=CARTESIAN_POINT('',(5307.0125,406.4,755.65));
#16865=DIRECTION('',(0.,0.,-1.));
#16866=DIRECTION('',(-1.,0.,-0.));
#16867=AXIS2_PLACEMENT_3D('',#16864,#16865,#16866);
#16868=PLANE('',#16867);
#16869=CARTESIAN_POINT('',(5718.175,387.35,755.65));
#16870=VERTEX_POINT('',#16869);
#16871=CARTESIAN_POINT('',(4895.85,387.35,755.65));
#16872=DIRECTION('',(1.,0.,0.));
#16873=VECTOR('',#16872,822.325);
#16874=LINE('',#16871,#16873);
#16875=EDGE_CURVE('',#16830,#16870,#16874,.T.);
#16876=ORIENTED_EDGE('',*,*,#16875,.F.);
#16877=ORIENTED_EDGE('',*,*,#16859,.F.);
#16878=CARTESIAN_POINT('',(5718.175,406.4,755.65));
#16879=VERTEX_POINT('',#16878);
#16880=CARTESIAN_POINT('',(4895.85,406.4,755.65));
#16881=DIRECTION('',(1.,0.,0.));
#16882=VECTOR('',#16881,822.325);
#16883=LINE('',#16880,#16882);
#16884=EDGE_CURVE('',#16848,#16879,#16883,.T.);
#16885=ORIENTED_EDGE('',*,*,#16884,.T.);
#16886=CARTESIAN_POINT('',(5718.175,406.4,755.65));
#16887=DIRECTION('',(0.,-1.,0.));
#16888=VECTOR('',#16887,19.05);
#16889=LINE('',#16886,#16888);
#16890=EDGE_CURVE('',#16879,#16870,#16889,.T.);
#16891=ORIENTED_EDGE('',*,*,#16890,.T.);
#16892=EDGE_LOOP('',(#16876,#16877,#16885,#16891));
#16893=FACE_BOUND('',#16892,.T.);
#16894=ADVANCED_FACE('',(#16893),#16868,.T.);
#16895=CARTESIAN_POINT('',(5718.175,406.4,806.45));
#16896=DIRECTION('',(-1.,0.,0.));
#16897=DIRECTION('',(0.,0.,1.));
#16898=AXIS2_PLACEMENT_3D('',#16895,#16896,#16897);
#16899=PLANE('',#16898);
#16900=CARTESIAN_POINT('',(5718.175,387.35,857.25));
#16901=VERTEX_POINT('',#16900);
#16902=CARTESIAN_POINT('',(5718.175,387.35,857.25));
#16903=DIRECTION('',(0.,0.,-1.));
#16904=VECTOR('',#16903,101.6);
#16905=LINE('',#16902,#16904);
#16906=EDGE_CURVE('',#16901,#16870,#16905,.T.);
#16907=ORIENTED_EDGE('',*,*,#16906,.T.);
#16908=ORIENTED_EDGE('',*,*,#16890,.F.);
#16909=CARTESIAN_POINT('',(5718.175,406.4,857.25));
#16910=VERTEX_POINT('',#16909);
#16911=CARTESIAN_POINT('',(5718.175,406.4,857.25));
#16912=DIRECTION('',(0.,0.,-1.));
#16913=VECTOR('',#16912,101.6);
#16914=LINE('',#16911,#16913);
#16915=EDGE_CURVE('',#16910,#16879,#16914,.T.);
#16916=ORIENTED_EDGE('',*,*,#16915,.F.);
#16917=CARTESIAN_POINT('',(5718.175,406.4,857.25));
#16918=DIRECTION('',(0.,-1.,0.));
#16919=VECTOR('',#16918,19.05);
#16920=LINE('',#16917,#16919);
#16921=EDGE_CURVE('',#16910,#16901,#16920,.T.);
#16922=ORIENTED_EDGE('',*,*,#16921,.T.);
#16923=EDGE_LOOP('',(#16907,#16908,#16916,#16922));
#16924=FACE_BOUND('',#16923,.T.);
#16925=ADVANCED_FACE('',(#16924),#16899,.F.);
#16926=CARTESIAN_POINT('',(5307.0125,406.4,857.25));
#16927=DIRECTION('',(0.,0.,-1.));
#16928=DIRECTION('',(-1.,0.,0.));
#16929=AXIS2_PLACEMENT_3D('',#16926,#16927,#16928);
#16930=PLANE('',#16929);
#16931=CARTESIAN_POINT('',(4895.85,387.35,857.25));
#16932=DIRECTION('',(1.,0.,-0.));
#16933=VECTOR('',#16932,822.325);
#16934=LINE('',#16931,#16933);
#16935=EDGE_CURVE('',#16832,#16901,#16934,.T.);
#16936=ORIENTED_EDGE('',*,*,#16935,.T.);
#16937=ORIENTED_EDGE('',*,*,#16921,.F.);
#16938=CARTESIAN_POINT('',(4895.85,406.4,857.25));
#16939=DIRECTION('',(1.,0.,-0.));
#16940=VECTOR('',#16939,822.325);
#16941=LINE('',#16938,#16940);
#16942=EDGE_CURVE('',#16840,#16910,#16941,.T.);
#16943=ORIENTED_EDGE('',*,*,#16942,.F.);
#16944=ORIENTED_EDGE('',*,*,#16845,.T.);
#16945=EDGE_LOOP('',(#16936,#16937,#16943,#16944));
#16946=FACE_BOUND('',#16945,.T.);
#16947=ADVANCED_FACE('',(#16946),#16930,.F.);
#16948=CARTESIAN_POINT('',(4876.8,406.4,120.65));
#16949=DIRECTION('',(0.,-1.,0.));
#16950=DIRECTION('',(1.,0.,0.));
#16951=AXIS2_PLACEMENT_3D('',#16948,#16949,#16950);
#16952=PLANE('',#16951);
#16953=ORIENTED_EDGE('',*,*,#16853,.T.);
#16954=ORIENTED_EDGE('',*,*,#16942,.T.);
#16955=ORIENTED_EDGE('',*,*,#16915,.T.);
#16956=ORIENTED_EDGE('',*,*,#16884,.F.);
#16957=EDGE_LOOP('',(#16953,#16954,#16955,#16956));
#16958=FACE_BOUND('',#16957,.T.);
#16959=ADVANCED_FACE('',(#16958),#16952,.F.);
#16960=CARTESIAN_POINT('',(4876.8,387.35,120.65));
#16961=DIRECTION('',(0.,-1.,0.));
#16962=DIRECTION('',(1.,0.,0.));
#16963=AXIS2_PLACEMENT_3D('',#16960,#16961,#16962);
#16964=PLANE('',#16963);
#16965=ORIENTED_EDGE('',*,*,#16837,.F.);
#16966=ORIENTED_EDGE('',*,*,#16875,.T.);
#16967=ORIENTED_EDGE('',*,*,#16906,.F.);
#16968=ORIENTED_EDGE('',*,*,#16935,.F.);
#16969=EDGE_LOOP('',(#16965,#16966,#16967,#16968));
#16970=FACE_BOUND('',#16969,.T.);
#16971=ADVANCED_FACE('',(#16970),#16964,.T.);
#16972=CLOSED_SHELL('',(#16863,#16894,#16925,#16947,#16959,#16971));
#16973=MANIFOLD_SOLID_BREP('[Nailer] Top',#16972);
#16823=STYLED_ITEM('',(#267),#16973);
#16975=CARTESIAN_POINT('',(5718.175,120.65,862.0125));
#16976=DIRECTION('',(1.,0.,0.));
#16977=DIRECTION('',(0.,0.,-1.));
#16978=AXIS2_PLACEMENT_3D('',#16975,#16976,#16977);
#16979=PLANE('',#16978);
#16980=CARTESIAN_POINT('',(5718.175,19.05,857.25));
#16981=VERTEX_POINT('',#16980);
#16982=CARTESIAN_POINT('',(5718.175,19.05,876.3));
#16983=VERTEX_POINT('',#16982);
#16984=CARTESIAN_POINT('',(5718.175,19.05,857.25));
#16985=DIRECTION('',(0.,0.,1.));
#16986=VECTOR('',#16985,19.05);
#16987=LINE('',#16984,#16986);
#16988=EDGE_CURVE('',#16981,#16983,#16987,.T.);
#16989=ORIENTED_EDGE('',*,*,#16988,.F.);
#16990=CARTESIAN_POINT('',(5718.175,120.65,857.25));
#16991=VERTEX_POINT('',#16990);
#16992=CARTESIAN_POINT('',(5718.175,120.65,857.25));
#16993=DIRECTION('',(0.,-1.,0.));
#16994=VECTOR('',#16993,101.6);
#16995=LINE('',#16992,#16994);
#16996=EDGE_CURVE('',#16991,#16981,#16995,.T.);
#16997=ORIENTED_EDGE('',*,*,#16996,.F.);
#16998=CARTESIAN_POINT('',(5718.175,120.65,876.3));
#16999=VERTEX_POINT('',#16998);
#17000=CARTESIAN_POINT('',(5718.175,120.65,857.25));
#17001=DIRECTION('',(0.,0.,1.));
#17002=VECTOR('',#17001,19.05);
#17003=LINE('',#17000,#17002);
#17004=EDGE_CURVE('',#16991,#16999,#17003,.T.);
#17005=ORIENTED_EDGE('',*,*,#17004,.T.);
#17006=CARTESIAN_POINT('',(5718.175,120.65,876.3));
#17007=DIRECTION('',(0.,-1.,0.));
#17008=VECTOR('',#17007,101.6);
#17009=LINE('',#17006,#17008);
#17010=EDGE_CURVE('',#16999,#16983,#17009,.T.);
#17011=ORIENTED_EDGE('',*,*,#17010,.T.);
#17012=EDGE_LOOP('',(#16989,#16997,#17005,#17011));
#17013=FACE_BOUND('',#17012,.T.);
#17014=ADVANCED_FACE('',(#17013),#16979,.T.);
#17015=CARTESIAN_POINT('',(5307.0125,120.65,876.3));
#17016=DIRECTION('',(0.,0.,-1.));
#17017=DIRECTION('',(-1.,0.,0.));
#17018=AXIS2_PLACEMENT_3D('',#17015,#17016,#17017);
#17019=PLANE('',#17018);
#17020=CARTESIAN_POINT('',(4895.85,19.05,876.3));
#17021=VERTEX_POINT('',#17020);
#17022=CARTESIAN_POINT('',(4895.85,19.05,876.3));
#17023=DIRECTION('',(1.,0.,-0.));
#17024=VECTOR('',#17023,822.325);
#17025=LINE('',#17022,#17024);
#17026=EDGE_CURVE('',#17021,#16983,#17025,.T.);
#17027=ORIENTED_EDGE('',*,*,#17026,.T.);
#17028=ORIENTED_EDGE('',*,*,#17010,.F.);
#17029=CARTESIAN_POINT('',(4895.85,120.65,876.3));
#17030=VERTEX_POINT('',#17029);
#17031=CARTESIAN_POINT('',(4895.85,120.65,876.3));
#17032=DIRECTION('',(1.,0.,-0.));
#17033=VECTOR('',#17032,822.325);
#17034=LINE('',#17031,#17033);
#17035=EDGE_CURVE('',#17030,#16999,#17034,.T.);
#17036=ORIENTED_EDGE('',*,*,#17035,.F.);
#17037=CARTESIAN_POINT('',(4895.85,120.65,876.3));
#17038=DIRECTION('',(0.,-1.,0.));
#17039=VECTOR('',#17038,101.6);
#17040=LINE('',#17037,#17039);
#17041=EDGE_CURVE('',#17030,#17021,#17040,.T.);
#17042=ORIENTED_EDGE('',*,*,#17041,.T.);
#17043=EDGE_LOOP('',(#17027,#17028,#17036,#17042));
#17044=FACE_BOUND('',#17043,.T.);
#17045=ADVANCED_FACE('',(#17044),#17019,.F.);
#17046=CARTESIAN_POINT('',(4895.85,120.65,862.0125));
#17047=DIRECTION('',(1.,0.,0.));
#17048=DIRECTION('',(0.,0.,-1.));
#17049=AXIS2_PLACEMENT_3D('',#17046,#17047,#17048);
#17050=PLANE('',#17049);
#17051=CARTESIAN_POINT('',(4895.85,19.05,857.25));
#17052=VERTEX_POINT('',#17051);
#17053=CARTESIAN_POINT('',(4895.85,19.05,857.25));
#17054=DIRECTION('',(0.,0.,1.));
#17055=VECTOR('',#17054,19.05);
#17056=LINE('',#17053,#17055);
#17057=EDGE_CURVE('',#17052,#17021,#17056,.T.);
#17058=ORIENTED_EDGE('',*,*,#17057,.T.);
#17059=ORIENTED_EDGE('',*,*,#17041,.F.);
#17060=CARTESIAN_POINT('',(4895.85,120.65,857.25));
#17061=VERTEX_POINT('',#17060);
#17062=CARTESIAN_POINT('',(4895.85,120.65,857.25));
#17063=DIRECTION('',(0.,0.,1.));
#17064=VECTOR('',#17063,19.05);
#17065=LINE('',#17062,#17064);
#17066=EDGE_CURVE('',#17061,#17030,#17065,.T.);
#17067=ORIENTED_EDGE('',*,*,#17066,.F.);
#17068=CARTESIAN_POINT('',(4895.85,120.65,857.25));
#17069=DIRECTION('',(0.,-1.,0.));
#17070=VECTOR('',#17069,101.6);
#17071=LINE('',#17068,#17070);
#17072=EDGE_CURVE('',#17061,#17052,#17071,.T.);
#17073=ORIENTED_EDGE('',*,*,#17072,.T.);
#17074=EDGE_LOOP('',(#17058,#17059,#17067,#17073));
#17075=FACE_BOUND('',#17074,.T.);
#17076=ADVANCED_FACE('',(#17075),#17050,.F.);
#17077=CARTESIAN_POINT('',(5307.0125,120.65,857.25));
#17078=DIRECTION('',(0.,0.,-1.));
#17079=DIRECTION('',(-1.,0.,0.));
#17080=AXIS2_PLACEMENT_3D('',#17077,#17078,#17079);
#17081=PLANE('',#17080);
#17082=CARTESIAN_POINT('',(4895.85,19.05,857.25));
#17083=DIRECTION('',(1.,0.,-0.));
#17084=VECTOR('',#17083,822.325);
#17085=LINE('',#17082,#17084);
#17086=EDGE_CURVE('',#17052,#16981,#17085,.T.);
#17087=ORIENTED_EDGE('',*,*,#17086,.F.);
#17088=ORIENTED_EDGE('',*,*,#17072,.F.);
#17089=CARTESIAN_POINT('',(4895.85,120.65,857.25));
#17090=DIRECTION('',(1.,0.,-0.));
#17091=VECTOR('',#17090,822.325);
#17092=LINE('',#17089,#17091);
#17093=EDGE_CURVE('',#17061,#16991,#17092,.T.);
#17094=ORIENTED_EDGE('',*,*,#17093,.T.);
#17095=ORIENTED_EDGE('',*,*,#16996,.T.);
#17096=EDGE_LOOP('',(#17087,#17088,#17094,#17095));
#17097=FACE_BOUND('',#17096,.T.);
#17098=ADVANCED_FACE('',(#17097),#17081,.T.);
#17099=CARTESIAN_POINT('',(4876.8,120.65,120.65));
#17100=DIRECTION('',(0.,-1.,0.));
#17101=DIRECTION('',(1.,0.,0.));
#17102=AXIS2_PLACEMENT_3D('',#17099,#17100,#17101);
#17103=PLANE('',#17102);
#17104=ORIENTED_EDGE('',*,*,#17004,.F.);
#17105=ORIENTED_EDGE('',*,*,#17093,.F.);
#17106=ORIENTED_EDGE('',*,*,#17066,.T.);
#17107=ORIENTED_EDGE('',*,*,#17035,.T.);
#17108=EDGE_LOOP('',(#17104,#17105,#17106,#17107));
#17109=FACE_BOUND('',#17108,.T.);
#17110=ADVANCED_FACE('',(#17109),#17103,.F.);
#17111=CARTESIAN_POINT('',(4876.8,19.05,120.65));
#17112=DIRECTION('',(0.,-1.,0.));
#17113=DIRECTION('',(1.,0.,0.));
#17114=AXIS2_PLACEMENT_3D('',#17111,#17112,#17113);
#17115=PLANE('',#17114);
#17116=ORIENTED_EDGE('',*,*,#16988,.T.);
#17117=ORIENTED_EDGE('',*,*,#17026,.F.);
#17118=ORIENTED_EDGE('',*,*,#17057,.F.);
#17119=ORIENTED_EDGE('',*,*,#17086,.T.);
#17120=EDGE_LOOP('',(#17116,#17117,#17118,#17119));
#17121=FACE_BOUND('',#17120,.T.);
#17122=ADVANCED_FACE('',(#17121),#17115,.T.);
#17123=CLOSED_SHELL('',(#17014,#17045,#17076,#17098,#17110,#17122));
#17124=MANIFOLD_SOLID_BREP('[Stretcher] Front',#17123);
#16974=STYLED_ITEM('',(#267),#17124);
#17126=CARTESIAN_POINT('',(5307.0125,304.8,857.25));
#17127=DIRECTION('',(0.,0.,1.));
#17128=DIRECTION('',(1.,0.,0.));
#17129=AXIS2_PLACEMENT_3D('',#17126,#17127,#17128);
#17130=PLANE('',#17129);
#17131=CARTESIAN_POINT('',(4895.85,387.35,857.25));
#17132=VERTEX_POINT('',#17131);
#17133=CARTESIAN_POINT('',(5718.175,387.35,857.25));
#17134=VERTEX_POINT('',#17133);
#17135=CARTESIAN_POINT('',(4895.85,387.35,857.25));
#17136=DIRECTION('',(1.,0.,-0.));
#17137=VECTOR('',#17136,822.325);
#17138=LINE('',#17135,#17137);
#17139=EDGE_CURVE('',#17132,#17134,#17138,.T.);
#17140=ORIENTED_EDGE('',*,*,#17139,.F.);
#17141=CARTESIAN_POINT('',(4895.85,406.4,857.25));
#17142=VERTEX_POINT('',#17141);
#17143=CARTESIAN_POINT('',(4895.85,387.35,857.25));
#17144=DIRECTION('',(0.,1.,0.));
#17145=VECTOR('',#17144,19.05);
#17146=LINE('',#17143,#17145);
#17147=EDGE_CURVE('',#17132,#17142,#17146,.T.);
#17148=ORIENTED_EDGE('',*,*,#17147,.T.);
#17149=CARTESIAN_POINT('',(5718.175,406.4,857.25));
#17150=VERTEX_POINT('',#17149);
#17151=CARTESIAN_POINT('',(4895.85,406.4,857.25));
#17152=DIRECTION('',(1.,0.,-0.));
#17153=VECTOR('',#17152,822.325);
#17154=LINE('',#17151,#17153);
#17155=EDGE_CURVE('',#17142,#17150,#17154,.T.);
#17156=ORIENTED_EDGE('',*,*,#17155,.T.);
#17157=CARTESIAN_POINT('',(5718.175,387.35,857.25));
#17158=DIRECTION('',(0.,1.,0.));
#17159=VECTOR('',#17158,19.05);
#17160=LINE('',#17157,#17159);
#17161=EDGE_CURVE('',#17134,#17150,#17160,.T.);
#17162=ORIENTED_EDGE('',*,*,#17161,.F.);
#17163=EDGE_LOOP('',(#17140,#17148,#17156,#17162));
#17164=FACE_BOUND('',#17163,.T.);
#17165=ADVANCED_FACE('',(#17164),#17130,.F.);
#17166=CARTESIAN_POINT('',(5718.175,304.8,862.0125));
#17167=DIRECTION('',(-1.,0.,0.));
#17168=DIRECTION('',(0.,0.,1.));
#17169=AXIS2_PLACEMENT_3D('',#17166,#17167,#17168);
#17170=PLANE('',#17169);
#17171=CARTESIAN_POINT('',(5718.175,304.8,857.25));
#17172=VERTEX_POINT('',#17171);
#17173=CARTESIAN_POINT('',(5718.175,381.,857.25));
#17174=VERTEX_POINT('',#17173);
#17175=CARTESIAN_POINT('',(5718.175,304.8,857.25));
#17176=DIRECTION('',(0.,1.,0.));
#17177=VECTOR('',#17176,76.2);
#17178=LINE('',#17175,#17177);
#17179=EDGE_CURVE('',#17172,#17174,#17178,.T.);
#17180=ORIENTED_EDGE('',*,*,#17179,.T.);
#17181=CARTESIAN_POINT('',(5718.175,381.,866.775));
#17182=VERTEX_POINT('',#17181);
#17183=CARTESIAN_POINT('',(5718.175,381.,857.25));
#17184=DIRECTION('',(0.,0.,1.));
#17185=VECTOR('',#17184,9.525);
#17186=LINE('',#17183,#17185);
#17187=EDGE_CURVE('',#17174,#17182,#17186,.T.);
#17188=ORIENTED_EDGE('',*,*,#17187,.T.);
#17189=CARTESIAN_POINT('',(5718.175,387.35,866.775));
#17190=VERTEX_POINT('',#17189);
#17191=CARTESIAN_POINT('',(5718.175,387.35,866.775));
#17192=DIRECTION('',(0.,-1.,0.));
#17193=VECTOR('',#17192,6.35);
#17194=LINE('',#17191,#17193);
#17195=EDGE_CURVE('',#17190,#17182,#17194,.T.);
#17196=ORIENTED_EDGE('',*,*,#17195,.F.);
#17197=CARTESIAN_POINT('',(5718.175,387.35,857.25));
#17198=DIRECTION('',(0.,0.,1.));
#17199=VECTOR('',#17198,9.525);
#17200=LINE('',#17197,#17199);
#17201=EDGE_CURVE('',#17134,#17190,#17200,.T.);
#17202=ORIENTED_EDGE('',*,*,#17201,.F.);
#17203=ORIENTED_EDGE('',*,*,#17161,.T.);
#17204=CARTESIAN_POINT('',(5718.175,406.4,876.3));
#17205=VERTEX_POINT('',#17204);
#17206=CARTESIAN_POINT('',(5718.175,406.4,857.25));
#17207=DIRECTION('',(0.,0.,1.));
#17208=VECTOR('',#17207,19.05);
#17209=LINE('',#17206,#17208);
#17210=EDGE_CURVE('',#17150,#17205,#17209,.T.);
#17211=ORIENTED_EDGE('',*,*,#17210,.T.);
#17212=CARTESIAN_POINT('',(5718.175,304.8,876.3));
#17213=VERTEX_POINT('',#17212);
#17214=CARTESIAN_POINT('',(5718.175,304.8,876.3));
#17215=DIRECTION('',(0.,1.,0.));
#17216=VECTOR('',#17215,101.6);
#17217=LINE('',#17214,#17216);
#17218=EDGE_CURVE('',#17213,#17205,#17217,.T.);
#17219=ORIENTED_EDGE('',*,*,#17218,.F.);
#17220=CARTESIAN_POINT('',(5718.175,304.8,857.25));
#17221=DIRECTION('',(0.,0.,1.));
#17222=VECTOR('',#17221,19.05);
#17223=LINE('',#17220,#17222);
#17224=EDGE_CURVE('',#17172,#17213,#17223,.T.);
#17225=ORIENTED_EDGE('',*,*,#17224,.F.);
#17226=EDGE_LOOP('',(#17180,#17188,#17196,#17202,#17203,#17211,#17219,#17225));
#17227=FACE_BOUND('',#17226,.T.);
#17228=ADVANCED_FACE('',(#17227),#17170,.F.);
#17229=CARTESIAN_POINT('',(5307.0125,304.8,876.3));
#17230=DIRECTION('',(0.,0.,1.));
#17231=DIRECTION('',(1.,0.,0.));
#17232=AXIS2_PLACEMENT_3D('',#17229,#17230,#17231);
#17233=PLANE('',#17232);
#17234=CARTESIAN_POINT('',(4895.85,406.4,876.3));
#17235=VERTEX_POINT('',#17234);
#17236=CARTESIAN_POINT('',(4895.85,406.4,876.3));
#17237=DIRECTION('',(1.,0.,-0.));
#17238=VECTOR('',#17237,822.325);
#17239=LINE('',#17236,#17238);
#17240=EDGE_CURVE('',#17235,#17205,#17239,.T.);
#17241=ORIENTED_EDGE('',*,*,#17240,.F.);
#17242=CARTESIAN_POINT('',(4895.85,304.8,876.3));
#17243=VERTEX_POINT('',#17242);
#17244=CARTESIAN_POINT('',(4895.85,304.8,876.3));
#17245=DIRECTION('',(0.,1.,0.));
#17246=VECTOR('',#17245,101.6);
#17247=LINE('',#17244,#17246);
#17248=EDGE_CURVE('',#17243,#17235,#17247,.T.);
#17249=ORIENTED_EDGE('',*,*,#17248,.F.);
#17250=CARTESIAN_POINT('',(4895.85,304.8,876.3));
#17251=DIRECTION('',(1.,0.,-0.));
#17252=VECTOR('',#17251,822.325);
#17253=LINE('',#17250,#17252);
#17254=EDGE_CURVE('',#17243,#17213,#17253,.T.);
#17255=ORIENTED_EDGE('',*,*,#17254,.T.);
#17256=ORIENTED_EDGE('',*,*,#17218,.T.);
#17257=EDGE_LOOP('',(#17241,#17249,#17255,#17256));
#17258=FACE_BOUND('',#17257,.T.);
#17259=ADVANCED_FACE('',(#17258),#17233,.T.);
#17260=CARTESIAN_POINT('',(4895.85,304.8,862.0125));
#17261=DIRECTION('',(-1.,0.,0.));
#17262=DIRECTION('',(0.,0.,1.));
#17263=AXIS2_PLACEMENT_3D('',#17260,#17261,#17262);
#17264=PLANE('',#17263);
#17265=CARTESIAN_POINT('',(4895.85,381.,857.25));
#17266=VERTEX_POINT('',#17265);
#17267=CARTESIAN_POINT('',(4895.85,381.,866.775));
#17268=VERTEX_POINT('',#17267);
#17269=CARTESIAN_POINT('',(4895.85,381.,857.25));
#17270=DIRECTION('',(0.,0.,1.));
#17271=VECTOR('',#17270,9.525);
#17272=LINE('',#17269,#17271);
#17273=EDGE_CURVE('',#17266,#17268,#17272,.T.);
#17274=ORIENTED_EDGE('',*,*,#17273,.F.);
#17275=CARTESIAN_POINT('',(4895.85,304.8,857.25));
#17276=VERTEX_POINT('',#17275);
#17277=CARTESIAN_POINT('',(4895.85,304.8,857.25));
#17278=DIRECTION('',(0.,1.,0.));
#17279=VECTOR('',#17278,76.2);
#17280=LINE('',#17277,#17279);
#17281=EDGE_CURVE('',#17276,#17266,#17280,.T.);
#17282=ORIENTED_EDGE('',*,*,#17281,.F.);
#17283=CARTESIAN_POINT('',(4895.85,304.8,857.25));
#17284=DIRECTION('',(0.,0.,1.));
#17285=VECTOR('',#17284,19.05);
#17286=LINE('',#17283,#17285);
#17287=EDGE_CURVE('',#17276,#17243,#17286,.T.);
#17288=ORIENTED_EDGE('',*,*,#17287,.T.);
#17289=ORIENTED_EDGE('',*,*,#17248,.T.);
#17290=CARTESIAN_POINT('',(4895.85,406.4,857.25));
#17291=DIRECTION('',(0.,0.,1.));
#17292=VECTOR('',#17291,19.05);
#17293=LINE('',#17290,#17292);
#17294=EDGE_CURVE('',#17142,#17235,#17293,.T.);
#17295=ORIENTED_EDGE('',*,*,#17294,.F.);
#17296=ORIENTED_EDGE('',*,*,#17147,.F.);
#17297=CARTESIAN_POINT('',(4895.85,387.35,866.775));
#17298=VERTEX_POINT('',#17297);
#17299=CARTESIAN_POINT('',(4895.85,387.35,857.25));
#17300=DIRECTION('',(0.,0.,1.));
#17301=VECTOR('',#17300,9.525);
#17302=LINE('',#17299,#17301);
#17303=EDGE_CURVE('',#17132,#17298,#17302,.T.);
#17304=ORIENTED_EDGE('',*,*,#17303,.T.);
#17305=CARTESIAN_POINT('',(4895.85,387.35,866.775));
#17306=DIRECTION('',(0.,-1.,0.));
#17307=VECTOR('',#17306,6.35);
#17308=LINE('',#17305,#17307);
#17309=EDGE_CURVE('',#17298,#17268,#17308,.T.);
#17310=ORIENTED_EDGE('',*,*,#17309,.T.);
#17311=EDGE_LOOP('',(#17274,#17282,#17288,#17289,#17295,#17296,#17304,#17310));
#17312=FACE_BOUND('',#17311,.T.);
#17313=ADVANCED_FACE('',(#17312),#17264,.T.);
#17314=CARTESIAN_POINT('',(5307.0125,304.8,857.25));
#17315=DIRECTION('',(0.,0.,1.));
#17316=DIRECTION('',(1.,0.,0.));
#17317=AXIS2_PLACEMENT_3D('',#17314,#17315,#17316);
#17318=PLANE('',#17317);
#17319=ORIENTED_EDGE('',*,*,#17281,.T.);
#17320=CARTESIAN_POINT('',(4895.85,381.,857.25));
#17321=DIRECTION('',(1.,0.,-0.));
#17322=VECTOR('',#17321,822.325);
#17323=LINE('',#17320,#17322);
#17324=EDGE_CURVE('',#17266,#17174,#17323,.T.);
#17325=ORIENTED_EDGE('',*,*,#17324,.T.);
#17326=ORIENTED_EDGE('',*,*,#17179,.F.);
#17327=CARTESIAN_POINT('',(4895.85,304.8,857.25));
#17328=DIRECTION('',(1.,0.,-0.));
#17329=VECTOR('',#17328,822.325);
#17330=LINE('',#17327,#17329);
#17331=EDGE_CURVE('',#17276,#17172,#17330,.T.);
#17332=ORIENTED_EDGE('',*,*,#17331,.F.);
#17333=EDGE_LOOP('',(#17319,#17325,#17326,#17332));
#17334=FACE_BOUND('',#17333,.T.);
#17335=ADVANCED_FACE('',(#17334),#17318,.F.);
#17336=CARTESIAN_POINT('',(4876.8,304.8,120.65));
#17337=DIRECTION('',(0.,-1.,0.));
#17338=DIRECTION('',(1.,0.,0.));
#17339=AXIS2_PLACEMENT_3D('',#17336,#17337,#17338);
#17340=PLANE('',#17339);
#17341=ORIENTED_EDGE('',*,*,#17224,.T.);
#17342=ORIENTED_EDGE('',*,*,#17254,.F.);
#17343=ORIENTED_EDGE('',*,*,#17287,.F.);
#17344=ORIENTED_EDGE('',*,*,#17331,.T.);
#17345=EDGE_LOOP('',(#17341,#17342,#17343,#17344));
#17346=FACE_BOUND('',#17345,.T.);
#17347=ADVANCED_FACE('',(#17346),#17340,.T.);
#17348=CARTESIAN_POINT('',(4876.8,406.4,120.65));
#17349=DIRECTION('',(0.,-1.,0.));
#17350=DIRECTION('',(1.,0.,0.));
#17351=AXIS2_PLACEMENT_3D('',#17348,#17349,#17350);
#17352=PLANE('',#17351);
#17353=ORIENTED_EDGE('',*,*,#17210,.F.);
#17354=ORIENTED_EDGE('',*,*,#17155,.F.);
#17355=ORIENTED_EDGE('',*,*,#17294,.T.);
#17356=ORIENTED_EDGE('',*,*,#17240,.T.);
#17357=EDGE_LOOP('',(#17353,#17354,#17355,#17356));
#17358=FACE_BOUND('',#17357,.T.);
#17359=ADVANCED_FACE('',(#17358),#17352,.F.);
#17360=CARTESIAN_POINT('',(5307.0125,387.35,866.775));
#17361=DIRECTION('',(0.,0.,1.));
#17362=DIRECTION('',(1.,0.,0.));
#17363=AXIS2_PLACEMENT_3D('',#17360,#17361,#17362);
#17364=PLANE('',#17363);
#17365=CARTESIAN_POINT('',(5718.175,381.,866.775));
#17366=DIRECTION('',(-1.,0.,0.));
#17367=VECTOR('',#17366,822.325);
#17368=LINE('',#17365,#17367);
#17369=EDGE_CURVE('',#17182,#17268,#17368,.T.);
#17370=ORIENTED_EDGE('',*,*,#17369,.T.);
#17371=ORIENTED_EDGE('',*,*,#17309,.F.);
#17372=CARTESIAN_POINT('',(5718.175,387.35,866.775));
#17373=DIRECTION('',(-1.,0.,0.));
#17374=VECTOR('',#17373,822.325);
#17375=LINE('',#17372,#17374);
#17376=EDGE_CURVE('',#17190,#17298,#17375,.T.);
#17377=ORIENTED_EDGE('',*,*,#17376,.F.);
#17378=ORIENTED_EDGE('',*,*,#17195,.T.);
#17379=EDGE_LOOP('',(#17370,#17371,#17377,#17378));
#17380=FACE_BOUND('',#17379,.T.);
#17381=ADVANCED_FACE('',(#17380),#17364,.F.);
#17382=CARTESIAN_POINT('',(4876.8,387.35,120.65));
#17383=DIRECTION('',(0.,-1.,0.));
#17384=DIRECTION('',(1.,0.,0.));
#17385=AXIS2_PLACEMENT_3D('',#17382,#17383,#17384);
#17386=PLANE('',#17385);
#17387=ORIENTED_EDGE('',*,*,#17201,.T.);
#17388=ORIENTED_EDGE('',*,*,#17376,.T.);
#17389=ORIENTED_EDGE('',*,*,#17303,.F.);
#17390=ORIENTED_EDGE('',*,*,#17139,.T.);
#17391=EDGE_LOOP('',(#17387,#17388,#17389,#17390));
#17392=FACE_BOUND('',#17391,.T.);
#17393=ADVANCED_FACE('',(#17392),#17386,.T.);
#17394=CARTESIAN_POINT('',(4876.8,381.,120.65));
#17395=DIRECTION('',(0.,-1.,0.));
#17396=DIRECTION('',(1.,0.,0.));
#17397=AXIS2_PLACEMENT_3D('',#17394,#17395,#17396);
#17398=PLANE('',#17397);
#17399=ORIENTED_EDGE('',*,*,#17187,.F.);
#17400=ORIENTED_EDGE('',*,*,#17324,.F.);
#17401=ORIENTED_EDGE('',*,*,#17273,.T.);
#17402=ORIENTED_EDGE('',*,*,#17369,.F.);
#17403=EDGE_LOOP('',(#17399,#17400,#17401,#17402));
#17404=FACE_BOUND('',#17403,.T.);
#17405=ADVANCED_FACE('',(#17404),#17398,.F.);
#17406=CLOSED_SHELL('',(#17165,#17228,#17259,#17313,#17335,#17347,#17359,#17381,#17393,#17405));
#17407=MANIFOLD_SOLID_BREP('[Stretcher] Back',#17406);
#17125=STYLED_ITEM('',(#267),#17407);
#17409=CARTESIAN_POINT('',(5718.175,406.4,871.5375));
#17410=DIRECTION('',(-1.,0.,-0.));
#17411=DIRECTION('',(-0.,0.,1.));
#17412=AXIS2_PLACEMENT_3D('',#17409,#17410,#17411);
#17413=PLANE('',#17412);
#17414=CARTESIAN_POINT('',(5718.175,381.,876.3));
#17415=VERTEX_POINT('',#17414);
#17416=CARTESIAN_POINT('',(5718.175,-0.,876.3));
#17417=VERTEX_POINT('',#17416);
#17418=CARTESIAN_POINT('',(5718.175,381.,876.3));
#17419=DIRECTION('',(0.,-1.,0.));
#17420=VECTOR('',#17419,381.);
#17421=LINE('',#17418,#17420);
#17422=EDGE_CURVE('',#17415,#17417,#17421,.T.);
#17423=ORIENTED_EDGE('',*,*,#17422,.F.);
#17424=CARTESIAN_POINT('',(5718.175,381.,120.65));
#17425=VERTEX_POINT('',#17424);
#17426=CARTESIAN_POINT('',(5718.175,381.,876.3));
#17427=DIRECTION('',(0.,0.,-1.));
#17428=VECTOR('',#17427,755.65);
#17429=LINE('',#17426,#17428);
#17430=EDGE_CURVE('',#17415,#17425,#17429,.T.);
#17431=ORIENTED_EDGE('',*,*,#17430,.T.);
#17432=CARTESIAN_POINT('',(5718.175,-0.,120.65));
#17433=VERTEX_POINT('',#17432);
#17434=CARTESIAN_POINT('',(5718.175,381.,120.65));
#17435=DIRECTION('',(0.,-1.,0.));
#17436=VECTOR('',#17435,381.);
#17437=LINE('',#17434,#17436);
#17438=EDGE_CURVE('',#17425,#17433,#17437,.T.);
#17439=ORIENTED_EDGE('',*,*,#17438,.T.);
#17440=CARTESIAN_POINT('',(5718.175,-0.,876.3));
#17441=DIRECTION('',(0.,0.,-1.));
#17442=VECTOR('',#17441,755.65);
#17443=LINE('',#17440,#17442);
#17444=EDGE_CURVE('',#17417,#17433,#17443,.T.);
#17445=ORIENTED_EDGE('',*,*,#17444,.F.);
#17446=EDGE_LOOP('',(#17423,#17431,#17439,#17445));
#17447=FACE_BOUND('',#17446,.T.);
#17448=ADVANCED_FACE('',(#17447),#17413,.T.);
#17449=CARTESIAN_POINT('',(5722.9375,406.4,120.65));
#17450=DIRECTION('',(0.,0.,1.));
#17451=DIRECTION('',(1.,0.,0.));
#17452=AXIS2_PLACEMENT_3D('',#17449,#17450,#17451);
#17453=PLANE('',#17452);
#17454=CARTESIAN_POINT('',(5727.7,381.,120.65));
#17455=VERTEX_POINT('',#17454);
#17456=CARTESIAN_POINT('',(5727.7,381.,120.65));
#17457=DIRECTION('',(-1.,0.,0.));
#17458=VECTOR('',#17457,9.525);
#17459=LINE('',#17456,#17458);
#17460=EDGE_CURVE('',#17455,#17425,#17459,.T.);
#17461=ORIENTED_EDGE('',*,*,#17460,.F.);
#17462=CARTESIAN_POINT('',(5727.7,387.35,120.65));
#17463=VERTEX_POINT('',#17462);
#17464=CARTESIAN_POINT('',(5727.7,387.35,120.65));
#17465=DIRECTION('',(0.,-1.,0.));
#17466=VECTOR('',#17465,6.35);
#17467=LINE('',#17464,#17466);
#17468=EDGE_CURVE('',#17463,#17455,#17467,.T.);
#17469=ORIENTED_EDGE('',*,*,#17468,.F.);
#17470=CARTESIAN_POINT('',(5718.175,387.35,120.65));
#17471=VERTEX_POINT('',#17470);
#17472=CARTESIAN_POINT('',(5727.7,387.35,120.65));
#17473=DIRECTION('',(-1.,0.,0.));
#17474=VECTOR('',#17473,9.525);
#17475=LINE('',#17472,#17474);
#17476=EDGE_CURVE('',#17463,#17471,#17475,.T.);
#17477=ORIENTED_EDGE('',*,*,#17476,.T.);
#17478=CARTESIAN_POINT('',(5718.175,406.4,120.65));
#17479=VERTEX_POINT('',#17478);
#17480=CARTESIAN_POINT('',(5718.175,406.4,120.65));
#17481=DIRECTION('',(0.,-1.,0.));
#17482=VECTOR('',#17481,19.05);
#17483=LINE('',#17480,#17482);
#17484=EDGE_CURVE('',#17479,#17471,#17483,.T.);
#17485=ORIENTED_EDGE('',*,*,#17484,.F.);
#17486=CARTESIAN_POINT('',(5737.225,406.4,120.65));
#17487=VERTEX_POINT('',#17486);
#17488=CARTESIAN_POINT('',(5737.225,406.4,120.65));
#17489=DIRECTION('',(-1.,0.,0.));
#17490=VECTOR('',#17489,19.05);
#17491=LINE('',#17488,#17490);
#17492=EDGE_CURVE('',#17487,#17479,#17491,.T.);
#17493=ORIENTED_EDGE('',*,*,#17492,.F.);
#17494=CARTESIAN_POINT('',(5737.225,-0.,120.65));
#17495=VERTEX_POINT('',#17494);
#17496=CARTESIAN_POINT('',(5737.225,406.4,120.65));
#17497=DIRECTION('',(0.,-1.,0.));
#17498=VECTOR('',#17497,406.4);
#17499=LINE('',#17496,#17498);
#17500=EDGE_CURVE('',#17487,#17495,#17499,.T.);
#17501=ORIENTED_EDGE('',*,*,#17500,.T.);
#17502=CARTESIAN_POINT('',(5737.225,-0.,120.65));
#17503=DIRECTION('',(-1.,0.,0.));
#17504=VECTOR('',#17503,19.05);
#17505=LINE('',#17502,#17504);
#17506=EDGE_CURVE('',#17495,#17433,#17505,.T.);
#17507=ORIENTED_EDGE('',*,*,#17506,.T.);
#17508=ORIENTED_EDGE('',*,*,#17438,.F.);
#17509=EDGE_LOOP('',(#17461,#17469,#17477,#17485,#17493,#17501,#17507,#17508));
#17510=FACE_BOUND('',#17509,.T.);
#17511=ADVANCED_FACE('',(#17510),#17453,.F.);
#17512=CARTESIAN_POINT('',(5722.9375,406.4,876.3));
#17513=DIRECTION('',(0.,0.,-1.));
#17514=DIRECTION('',(-1.,0.,0.));
#17515=AXIS2_PLACEMENT_3D('',#17512,#17513,#17514);
#17516=PLANE('',#17515);
#17517=CARTESIAN_POINT('',(5727.7,381.,876.3));
#17518=VERTEX_POINT('',#17517);
#17519=CARTESIAN_POINT('',(5718.175,381.,876.3));
#17520=DIRECTION('',(1.,0.,-0.));
#17521=VECTOR('',#17520,9.525);
#17522=LINE('',#17519,#17521);
#17523=EDGE_CURVE('',#17415,#17518,#17522,.T.);
#17524=ORIENTED_EDGE('',*,*,#17523,.F.);
#17525=ORIENTED_EDGE('',*,*,#17422,.T.);
#17526=CARTESIAN_POINT('',(5737.225,-0.,876.3));
#17527=VERTEX_POINT('',#17526);
#17528=CARTESIAN_POINT('',(5718.175,-0.,876.3));
#17529=DIRECTION('',(1.,0.,-0.));
#17530=VECTOR('',#17529,19.05);
#17531=LINE('',#17528,#17530);
#17532=EDGE_CURVE('',#17417,#17527,#17531,.T.);
#17533=ORIENTED_EDGE('',*,*,#17532,.T.);
#17534=CARTESIAN_POINT('',(5737.225,406.4,876.3));
#17535=VERTEX_POINT('',#17534);
#17536=CARTESIAN_POINT('',(5737.225,406.4,876.3));
#17537=DIRECTION('',(0.,-1.,0.));
#17538=VECTOR('',#17537,406.4);
#17539=LINE('',#17536,#17538);
#17540=EDGE_CURVE('',#17535,#17527,#17539,.T.);
#17541=ORIENTED_EDGE('',*,*,#17540,.F.);
#17542=CARTESIAN_POINT('',(5718.175,406.4,876.3));
#17543=VERTEX_POINT('',#17542);
#17544=CARTESIAN_POINT('',(5718.175,406.4,876.3));
#17545=DIRECTION('',(1.,0.,-0.));
#17546=VECTOR('',#17545,19.05);
#17547=LINE('',#17544,#17546);
#17548=EDGE_CURVE('',#17543,#17535,#17547,.T.);
#17549=ORIENTED_EDGE('',*,*,#17548,.F.);
#17550=CARTESIAN_POINT('',(5718.175,387.35,876.3));
#17551=VERTEX_POINT('',#17550);
#17552=CARTESIAN_POINT('',(5718.175,406.4,876.3));
#17553=DIRECTION('',(0.,-1.,0.));
#17554=VECTOR('',#17553,19.05);
#17555=LINE('',#17552,#17554);
#17556=EDGE_CURVE('',#17543,#17551,#17555,.T.);
#17557=ORIENTED_EDGE('',*,*,#17556,.T.);
#17558=CARTESIAN_POINT('',(5727.7,387.35,876.3));
#17559=VERTEX_POINT('',#17558);
#17560=CARTESIAN_POINT('',(5718.175,387.35,876.3));
#17561=DIRECTION('',(1.,0.,-0.));
#17562=VECTOR('',#17561,9.525);
#17563=LINE('',#17560,#17562);
#17564=EDGE_CURVE('',#17551,#17559,#17563,.T.);
#17565=ORIENTED_EDGE('',*,*,#17564,.T.);
#17566=CARTESIAN_POINT('',(5727.7,387.35,876.3));
#17567=DIRECTION('',(0.,-1.,0.));
#17568=VECTOR('',#17567,6.35);
#17569=LINE('',#17566,#17568);
#17570=EDGE_CURVE('',#17559,#17518,#17569,.T.);
#17571=ORIENTED_EDGE('',*,*,#17570,.T.);
#17572=EDGE_LOOP('',(#17524,#17525,#17533,#17541,#17549,#17557,#17565,#17571));
#17573=FACE_BOUND('',#17572,.T.);
#17574=ADVANCED_FACE('',(#17573),#17516,.F.);
#17575=CARTESIAN_POINT('',(5737.225,406.4,498.475));
#17576=DIRECTION('',(-1.,0.,0.));
#17577=DIRECTION('',(0.,0.,1.));
#17578=AXIS2_PLACEMENT_3D('',#17575,#17576,#17577);
#17579=PLANE('',#17578);
#17580=CARTESIAN_POINT('',(5737.225,-0.,876.3));
#17581=DIRECTION('',(0.,0.,-1.));
#17582=VECTOR('',#17581,755.65);
#17583=LINE('',#17580,#17582);
#17584=EDGE_CURVE('',#17527,#17495,#17583,.T.);
#17585=ORIENTED_EDGE('',*,*,#17584,.T.);
#17586=ORIENTED_EDGE('',*,*,#17500,.F.);
#17587=CARTESIAN_POINT('',(5737.225,406.4,876.3));
#17588=DIRECTION('',(0.,0.,-1.));
#17589=VECTOR('',#17588,755.65);
#17590=LINE('',#17587,#17589);
#17591=EDGE_CURVE('',#17535,#17487,#17590,.T.);
#17592=ORIENTED_EDGE('',*,*,#17591,.F.);
#17593=ORIENTED_EDGE('',*,*,#17540,.T.);
#17594=EDGE_LOOP('',(#17585,#17586,#17592,#17593));
#17595=FACE_BOUND('',#17594,.T.);
#17596=ADVANCED_FACE('',(#17595),#17579,.F.);
#17597=CARTESIAN_POINT('',(5718.175,406.4,871.5375));
#17598=DIRECTION('',(-1.,0.,-0.));
#17599=DIRECTION('',(-0.,0.,1.));
#17600=AXIS2_PLACEMENT_3D('',#17597,#17598,#17599);
#17601=PLANE('',#17600);
#17602=CARTESIAN_POINT('',(5718.175,387.35,876.3));
#17603=DIRECTION('',(0.,0.,-1.));
#17604=VECTOR('',#17603,755.65);
#17605=LINE('',#17602,#17604);
#17606=EDGE_CURVE('',#17551,#17471,#17605,.T.);
#17607=ORIENTED_EDGE('',*,*,#17606,.F.);
#17608=ORIENTED_EDGE('',*,*,#17556,.F.);
#17609=CARTESIAN_POINT('',(5718.175,406.4,876.3));
#17610=DIRECTION('',(0.,0.,-1.));
#17611=VECTOR('',#17610,755.65);
#17612=LINE('',#17609,#17611);
#17613=EDGE_CURVE('',#17543,#17479,#17612,.T.);
#17614=ORIENTED_EDGE('',*,*,#17613,.T.);
#17615=ORIENTED_EDGE('',*,*,#17484,.T.);
#17616=EDGE_LOOP('',(#17607,#17608,#17614,#17615));
#17617=FACE_BOUND('',#17616,.T.);
#17618=ADVANCED_FACE('',(#17617),#17601,.T.);
#17619=CARTESIAN_POINT('',(4876.8,406.4,120.65));
#17620=DIRECTION('',(0.,-1.,0.));
#17621=DIRECTION('',(1.,0.,0.));
#17622=AXIS2_PLACEMENT_3D('',#17619,#17620,#17621);
#17623=PLANE('',#17622);
#17624=ORIENTED_EDGE('',*,*,#17492,.T.);
#17625=ORIENTED_EDGE('',*,*,#17613,.F.);
#17626=ORIENTED_EDGE('',*,*,#17548,.T.);
#17627=ORIENTED_EDGE('',*,*,#17591,.T.);
#17628=EDGE_LOOP('',(#17624,#17625,#17626,#17627));
#17629=FACE_BOUND('',#17628,.T.);
#17630=ADVANCED_FACE('',(#17629),#17623,.F.);
#17631=CARTESIAN_POINT('',(4876.8,-0.,120.65));
#17632=DIRECTION('',(0.,-1.,0.));
#17633=DIRECTION('',(1.,0.,0.));
#17634=AXIS2_PLACEMENT_3D('',#17631,#17632,#17633);
#17635=PLANE('',#17634);
#17636=ORIENTED_EDGE('',*,*,#17506,.F.);
#17637=ORIENTED_EDGE('',*,*,#17584,.F.);
#17638=ORIENTED_EDGE('',*,*,#17532,.F.);
#17639=ORIENTED_EDGE('',*,*,#17444,.T.);
#17640=EDGE_LOOP('',(#17636,#17637,#17638,#17639));
#17641=FACE_BOUND('',#17640,.T.);
#17642=ADVANCED_FACE('',(#17641),#17635,.T.);
#17643=CARTESIAN_POINT('',(5727.7,387.35,498.475));
#17644=DIRECTION('',(-1.,0.,0.));
#17645=DIRECTION('',(0.,0.,1.));
#17646=AXIS2_PLACEMENT_3D('',#17643,#17644,#17645);
#17647=PLANE('',#17646);
#17648=CARTESIAN_POINT('',(5727.7,381.,876.3));
#17649=DIRECTION('',(-0.,0.,-1.));
#17650=VECTOR('',#17649,755.65);
#17651=LINE('',#17648,#17650);
#17652=EDGE_CURVE('',#17518,#17455,#17651,.T.);
#17653=ORIENTED_EDGE('',*,*,#17652,.F.);
#17654=ORIENTED_EDGE('',*,*,#17570,.F.);
#17655=CARTESIAN_POINT('',(5727.7,387.35,876.3));
#17656=DIRECTION('',(-0.,0.,-1.));
#17657=VECTOR('',#17656,755.65);
#17658=LINE('',#17655,#17657);
#17659=EDGE_CURVE('',#17559,#17463,#17658,.T.);
#17660=ORIENTED_EDGE('',*,*,#17659,.T.);
#17661=ORIENTED_EDGE('',*,*,#17468,.T.);
#17662=EDGE_LOOP('',(#17653,#17654,#17660,#17661));
#17663=FACE_BOUND('',#17662,.T.);
#17664=ADVANCED_FACE('',(#17663),#17647,.T.);
#17665=CARTESIAN_POINT('',(4876.8,387.35,120.65));
#17666=DIRECTION('',(0.,-1.,0.));
#17667=DIRECTION('',(1.,0.,0.));
#17668=AXIS2_PLACEMENT_3D('',#17665,#17666,#17667);
#17669=PLANE('',#17668);
#17670=ORIENTED_EDGE('',*,*,#17659,.F.);
#17671=ORIENTED_EDGE('',*,*,#17564,.F.);
#17672=ORIENTED_EDGE('',*,*,#17606,.T.);
#17673=ORIENTED_EDGE('',*,*,#17476,.F.);
#17674=EDGE_LOOP('',(#17670,#17671,#17672,#17673));
#17675=FACE_BOUND('',#17674,.T.);
#17676=ADVANCED_FACE('',(#17675),#17669,.T.);
#17677=CARTESIAN_POINT('',(4876.8,381.,120.65));
#17678=DIRECTION('',(0.,-1.,0.));
#17679=DIRECTION('',(1.,0.,0.));
#17680=AXIS2_PLACEMENT_3D('',#17677,#17678,#17679);
#17681=PLANE('',#17680);
#17682=ORIENTED_EDGE('',*,*,#17652,.T.);
#17683=ORIENTED_EDGE('',*,*,#17460,.T.);
#17684=ORIENTED_EDGE('',*,*,#17430,.F.);
#17685=ORIENTED_EDGE('',*,*,#17523,.T.);
#17686=EDGE_LOOP('',(#17682,#17683,#17684,#17685));
#17687=FACE_BOUND('',#17686,.T.);
#17688=ADVANCED_FACE('',(#17687),#17681,.F.);
#17689=CLOSED_SHELL('',(#17448,#17511,#17574,#17596,#17618,#17630,#17642,#17664,#17676,#17688));
#17690=MANIFOLD_SOLID_BREP('[Panel] Right',#17689);
#17408=STYLED_ITEM('',(#267),#17690);
#17692=CARTESIAN_POINT('',(4895.85,406.4,862.0125));
#17693=DIRECTION('',(1.,0.,0.));
#17694=DIRECTION('',(0.,0.,-1.));
#17695=AXIS2_PLACEMENT_3D('',#17692,#17693,#17694);
#17696=PLANE('',#17695);
#17697=CARTESIAN_POINT('',(4895.85,381.,120.65));
#17698=VERTEX_POINT('',#17697);
#17699=CARTESIAN_POINT('',(4895.85,19.05,120.65));
#17700=VERTEX_POINT('',#17699);
#17701=CARTESIAN_POINT('',(4895.85,381.,120.65));
#17702=DIRECTION('',(0.,-1.,0.));
#17703=VECTOR('',#17702,361.95);
#17704=LINE('',#17701,#17703);
#17705=EDGE_CURVE('',#17698,#17700,#17704,.T.);
#17706=ORIENTED_EDGE('',*,*,#17705,.F.);
#17707=CARTESIAN_POINT('',(4895.85,381.,876.3));
#17708=VERTEX_POINT('',#17707);
#17709=CARTESIAN_POINT('',(4895.85,381.,120.65));
#17710=DIRECTION('',(0.,0.,1.));
#17711=VECTOR('',#17710,755.65);
#17712=LINE('',#17709,#17711);
#17713=EDGE_CURVE('',#17698,#17708,#17712,.T.);
#17714=ORIENTED_EDGE('',*,*,#17713,.T.);
#17715=CARTESIAN_POINT('',(4895.85,19.05,876.3));
#17716=VERTEX_POINT('',#17715);
#17717=CARTESIAN_POINT('',(4895.85,381.,876.3));
#17718=DIRECTION('',(0.,-1.,0.));
#17719=VECTOR('',#17718,361.95);
#17720=LINE('',#17717,#17719);
#17721=EDGE_CURVE('',#17708,#17716,#17720,.T.);
#17722=ORIENTED_EDGE('',*,*,#17721,.T.);
#17723=CARTESIAN_POINT('',(4895.85,19.05,120.65));
#17724=DIRECTION('',(0.,0.,1.));
#17725=VECTOR('',#17724,755.65);
#17726=LINE('',#17723,#17725);
#17727=EDGE_CURVE('',#17700,#17716,#17726,.T.);
#17728=ORIENTED_EDGE('',*,*,#17727,.F.);
#17729=EDGE_LOOP('',(#17706,#17714,#17722,#17728));
#17730=FACE_BOUND('',#17729,.T.);
#17731=ADVANCED_FACE('',(#17730),#17696,.T.);
#17732=CARTESIAN_POINT('',(4881.5625,406.4,120.65));
#17733=DIRECTION('',(0.,0.,1.));
#17734=DIRECTION('',(1.,0.,0.));
#17735=AXIS2_PLACEMENT_3D('',#17732,#17733,#17734);
#17736=PLANE('',#17735);
#17737=CARTESIAN_POINT('',(4886.325,381.,120.65));
#17738=VERTEX_POINT('',#17737);
#17739=CARTESIAN_POINT('',(4895.85,381.,120.65));
#17740=DIRECTION('',(-1.,0.,0.));
#17741=VECTOR('',#17740,9.525);
#17742=LINE('',#17739,#17741);
#17743=EDGE_CURVE('',#17698,#17738,#17742,.T.);
#17744=ORIENTED_EDGE('',*,*,#17743,.F.);
#17745=ORIENTED_EDGE('',*,*,#17705,.T.);
#17746=CARTESIAN_POINT('',(4876.8,19.05,120.65));
#17747=VERTEX_POINT('',#17746);
#17748=CARTESIAN_POINT('',(4895.85,19.05,120.65));
#17749=DIRECTION('',(-1.,0.,0.));
#17750=VECTOR('',#17749,19.05);
#17751=LINE('',#17748,#17750);
#17752=EDGE_CURVE('',#17700,#17747,#17751,.T.);
#17753=ORIENTED_EDGE('',*,*,#17752,.T.);
#17754=CARTESIAN_POINT('',(4876.8,406.4,120.65));
#17755=VERTEX_POINT('',#17754);
#17756=CARTESIAN_POINT('',(4876.8,406.4,120.65));
#17757=DIRECTION('',(0.,-1.,0.));
#17758=VECTOR('',#17757,387.35);
#17759=LINE('',#17756,#17758);
#17760=EDGE_CURVE('',#17755,#17747,#17759,.T.);
#17761=ORIENTED_EDGE('',*,*,#17760,.F.);
#17762=CARTESIAN_POINT('',(4895.85,406.4,120.65));
#17763=VERTEX_POINT('',#17762);
#17764=CARTESIAN_POINT('',(4895.85,406.4,120.65));
#17765=DIRECTION('',(-1.,0.,0.));
#17766=VECTOR('',#17765,19.05);
#17767=LINE('',#17764,#17766);
#17768=EDGE_CURVE('',#17763,#17755,#17767,.T.);
#17769=ORIENTED_EDGE('',*,*,#17768,.F.);
#17770=CARTESIAN_POINT('',(4895.85,387.35,120.65));
#17771=VERTEX_POINT('',#17770);
#17772=CARTESIAN_POINT('',(4895.85,406.4,120.65));
#17773=DIRECTION('',(0.,-1.,0.));
#17774=VECTOR('',#17773,19.05);
#17775=LINE('',#17772,#17774);
#17776=EDGE_CURVE('',#17763,#17771,#17775,.T.);
#17777=ORIENTED_EDGE('',*,*,#17776,.T.);
#17778=CARTESIAN_POINT('',(4886.325,387.35,120.65));
#17779=VERTEX_POINT('',#17778);
#17780=CARTESIAN_POINT('',(4895.85,387.35,120.65));
#17781=DIRECTION('',(-1.,0.,0.));
#17782=VECTOR('',#17781,9.525);
#17783=LINE('',#17780,#17782);
#17784=EDGE_CURVE('',#17771,#17779,#17783,.T.);
#17785=ORIENTED_EDGE('',*,*,#17784,.T.);
#17786=CARTESIAN_POINT('',(4886.325,387.35,120.65));
#17787=DIRECTION('',(0.,-1.,0.));
#17788=VECTOR('',#17787,6.35);
#17789=LINE('',#17786,#17788);
#17790=EDGE_CURVE('',#17779,#17738,#17789,.T.);
#17791=ORIENTED_EDGE('',*,*,#17790,.T.);
#17792=EDGE_LOOP('',(#17744,#17745,#17753,#17761,#17769,#17777,#17785,#17791));
#17793=FACE_BOUND('',#17792,.T.);
#17794=ADVANCED_FACE('',(#17793),#17736,.F.);
#17795=CARTESIAN_POINT('',(4881.5625,406.4,876.3));
#17796=DIRECTION('',(0.,0.,-1.));
#17797=DIRECTION('',(-1.,0.,0.));
#17798=AXIS2_PLACEMENT_3D('',#17795,#17796,#17797);
#17799=PLANE('',#17798);
#17800=CARTESIAN_POINT('',(4886.325,381.,876.3));
#17801=VERTEX_POINT('',#17800);
#17802=CARTESIAN_POINT('',(4886.325,381.,876.3));
#17803=DIRECTION('',(1.,0.,-0.));
#17804=VECTOR('',#17803,9.525);
#17805=LINE('',#17802,#17804);
#17806=EDGE_CURVE('',#17801,#17708,#17805,.T.);
#17807=ORIENTED_EDGE('',*,*,#17806,.F.);
#17808=CARTESIAN_POINT('',(4886.325,387.35,876.3));
#17809=VERTEX_POINT('',#17808);
#17810=CARTESIAN_POINT('',(4886.325,387.35,876.3));
#17811=DIRECTION('',(0.,-1.,0.));
#17812=VECTOR('',#17811,6.35);
#17813=LINE('',#17810,#17812);
#17814=EDGE_CURVE('',#17809,#17801,#17813,.T.);
#17815=ORIENTED_EDGE('',*,*,#17814,.F.);
#17816=CARTESIAN_POINT('',(4895.85,387.35,876.3));
#17817=VERTEX_POINT('',#17816);
#17818=CARTESIAN_POINT('',(4886.325,387.35,876.3));
#17819=DIRECTION('',(1.,0.,-0.));
#17820=VECTOR('',#17819,9.525);
#17821=LINE('',#17818,#17820);
#17822=EDGE_CURVE('',#17809,#17817,#17821,.T.);
#17823=ORIENTED_EDGE('',*,*,#17822,.T.);
#17824=CARTESIAN_POINT('',(4895.85,406.4,876.3));
#17825=VERTEX_POINT('',#17824);
#17826=CARTESIAN_POINT('',(4895.85,406.4,876.3));
#17827=DIRECTION('',(0.,-1.,0.));
#17828=VECTOR('',#17827,19.05);
#17829=LINE('',#17826,#17828);
#17830=EDGE_CURVE('',#17825,#17817,#17829,.T.);
#17831=ORIENTED_EDGE('',*,*,#17830,.F.);
#17832=CARTESIAN_POINT('',(4876.8,406.4,876.3));
#17833=VERTEX_POINT('',#17832);
#17834=CARTESIAN_POINT('',(4876.8,406.4,876.3));
#17835=DIRECTION('',(1.,0.,-0.));
#17836=VECTOR('',#17835,19.05);
#17837=LINE('',#17834,#17836);
#17838=EDGE_CURVE('',#17833,#17825,#17837,.T.);
#17839=ORIENTED_EDGE('',*,*,#17838,.F.);
#17840=CARTESIAN_POINT('',(4876.8,19.05,876.3));
#17841=VERTEX_POINT('',#17840);
#17842=CARTESIAN_POINT('',(4876.8,406.4,876.3));
#17843=DIRECTION('',(0.,-1.,0.));
#17844=VECTOR('',#17843,387.35);
#17845=LINE('',#17842,#17844);
#17846=EDGE_CURVE('',#17833,#17841,#17845,.T.);
#17847=ORIENTED_EDGE('',*,*,#17846,.T.);
#17848=CARTESIAN_POINT('',(4876.8,19.05,876.3));
#17849=DIRECTION('',(1.,0.,-0.));
#17850=VECTOR('',#17849,19.05);
#17851=LINE('',#17848,#17850);
#17852=EDGE_CURVE('',#17841,#17716,#17851,.T.);
#17853=ORIENTED_EDGE('',*,*,#17852,.T.);
#17854=ORIENTED_EDGE('',*,*,#17721,.F.);
#17855=EDGE_LOOP('',(#17807,#17815,#17823,#17831,#17839,#17847,#17853,#17854));
#17856=FACE_BOUND('',#17855,.T.);
#17857=ADVANCED_FACE('',(#17856),#17799,.F.);
#17858=CARTESIAN_POINT('',(4895.85,406.4,862.0125));
#17859=DIRECTION('',(1.,0.,0.));
#17860=DIRECTION('',(0.,0.,-1.));
#17861=AXIS2_PLACEMENT_3D('',#17858,#17859,#17860);
#17862=PLANE('',#17861);
#17863=CARTESIAN_POINT('',(4895.85,387.35,120.65));
#17864=DIRECTION('',(0.,0.,1.));
#17865=VECTOR('',#17864,755.65);
#17866=LINE('',#17863,#17865);
#17867=EDGE_CURVE('',#17771,#17817,#17866,.T.);
#17868=ORIENTED_EDGE('',*,*,#17867,.F.);
#17869=ORIENTED_EDGE('',*,*,#17776,.F.);
#17870=CARTESIAN_POINT('',(4895.85,406.4,120.65));
#17871=DIRECTION('',(0.,0.,1.));
#17872=VECTOR('',#17871,755.65);
#17873=LINE('',#17870,#17872);
#17874=EDGE_CURVE('',#17763,#17825,#17873,.T.);
#17875=ORIENTED_EDGE('',*,*,#17874,.T.);
#17876=ORIENTED_EDGE('',*,*,#17830,.T.);
#17877=EDGE_LOOP('',(#17868,#17869,#17875,#17876));
#17878=FACE_BOUND('',#17877,.T.);
#17879=ADVANCED_FACE('',(#17878),#17862,.T.);
#17880=CARTESIAN_POINT('',(4876.8,406.4,498.475));
#17881=DIRECTION('',(1.,0.,0.));
#17882=DIRECTION('',(0.,0.,-1.));
#17883=AXIS2_PLACEMENT_3D('',#17880,#17881,#17882);
#17884=PLANE('',#17883);
#17885=CARTESIAN_POINT('',(4876.8,19.05,120.65));
#17886=DIRECTION('',(0.,0.,1.));
#17887=VECTOR('',#17886,755.65);
#17888=LINE('',#17885,#17887);
#17889=EDGE_CURVE('',#17747,#17841,#17888,.T.);
#17890=ORIENTED_EDGE('',*,*,#17889,.T.);
#17891=ORIENTED_EDGE('',*,*,#17846,.F.);
#17892=CARTESIAN_POINT('',(4876.8,406.4,120.65));
#17893=DIRECTION('',(0.,0.,1.));
#17894=VECTOR('',#17893,755.65);
#17895=LINE('',#17892,#17894);
#17896=EDGE_CURVE('',#17755,#17833,#17895,.T.);
#17897=ORIENTED_EDGE('',*,*,#17896,.F.);
#17898=ORIENTED_EDGE('',*,*,#17760,.T.);
#17899=EDGE_LOOP('',(#17890,#17891,#17897,#17898));
#17900=FACE_BOUND('',#17899,.T.);
#17901=ADVANCED_FACE('',(#17900),#17884,.F.);
#17902=CARTESIAN_POINT('',(4876.8,406.4,120.65));
#17903=DIRECTION('',(0.,-1.,0.));
#17904=DIRECTION('',(1.,0.,0.));
#17905=AXIS2_PLACEMENT_3D('',#17902,#17903,#17904);
#17906=PLANE('',#17905);
#17907=ORIENTED_EDGE('',*,*,#17768,.T.);
#17908=ORIENTED_EDGE('',*,*,#17896,.T.);
#17909=ORIENTED_EDGE('',*,*,#17838,.T.);
#17910=ORIENTED_EDGE('',*,*,#17874,.F.);
#17911=EDGE_LOOP('',(#17907,#17908,#17909,#17910));
#17912=FACE_BOUND('',#17911,.T.);
#17913=ADVANCED_FACE('',(#17912),#17906,.F.);
#17914=CARTESIAN_POINT('',(4876.8,19.05,120.65));
#17915=DIRECTION('',(0.,-1.,0.));
#17916=DIRECTION('',(1.,0.,0.));
#17917=AXIS2_PLACEMENT_3D('',#17914,#17915,#17916);
#17918=PLANE('',#17917);
#17919=ORIENTED_EDGE('',*,*,#17752,.F.);
#17920=ORIENTED_EDGE('',*,*,#17727,.T.);
#17921=ORIENTED_EDGE('',*,*,#17852,.F.);
#17922=ORIENTED_EDGE('',*,*,#17889,.F.);
#17923=EDGE_LOOP('',(#17919,#17920,#17921,#17922));
#17924=FACE_BOUND('',#17923,.T.);
#17925=ADVANCED_FACE('',(#17924),#17918,.T.);
#17926=CARTESIAN_POINT('',(4886.325,387.35,498.475));
#17927=DIRECTION('',(-1.,0.,-0.));
#17928=DIRECTION('',(-0.,0.,1.));
#17929=AXIS2_PLACEMENT_3D('',#17926,#17927,#17928);
#17930=PLANE('',#17929);
#17931=CARTESIAN_POINT('',(4886.325,381.,876.3));
#17932=DIRECTION('',(0.,0.,-1.));
#17933=VECTOR('',#17932,755.65);
#17934=LINE('',#17931,#17933);
#17935=EDGE_CURVE('',#17801,#17738,#17934,.T.);
#17936=ORIENTED_EDGE('',*,*,#17935,.T.);
#17937=ORIENTED_EDGE('',*,*,#17790,.F.);
#17938=CARTESIAN_POINT('',(4886.325,387.35,876.3));
#17939=DIRECTION('',(0.,0.,-1.));
#17940=VECTOR('',#17939,755.65);
#17941=LINE('',#17938,#17940);
#17942=EDGE_CURVE('',#17809,#17779,#17941,.T.);
#17943=ORIENTED_EDGE('',*,*,#17942,.F.);
#17944=ORIENTED_EDGE('',*,*,#17814,.T.);
#17945=EDGE_LOOP('',(#17936,#17937,#17943,#17944));
#17946=FACE_BOUND('',#17945,.T.);
#17947=ADVANCED_FACE('',(#17946),#17930,.F.);
#17948=CARTESIAN_POINT('',(4876.8,387.35,120.65));
#17949=DIRECTION('',(0.,-1.,0.));
#17950=DIRECTION('',(1.,0.,0.));
#17951=AXIS2_PLACEMENT_3D('',#17948,#17949,#17950);
#17952=PLANE('',#17951);
#17953=ORIENTED_EDGE('',*,*,#17867,.T.);
#17954=ORIENTED_EDGE('',*,*,#17822,.F.);
#17955=ORIENTED_EDGE('',*,*,#17942,.T.);
#17956=ORIENTED_EDGE('',*,*,#17784,.F.);
#17957=EDGE_LOOP('',(#17953,#17954,#17955,#17956));
#17958=FACE_BOUND('',#17957,.T.);
#17959=ADVANCED_FACE('',(#17958),#17952,.T.);
#17960=CARTESIAN_POINT('',(4876.8,381.,120.65));
#17961=DIRECTION('',(0.,-1.,0.));
#17962=DIRECTION('',(1.,0.,0.));
#17963=AXIS2_PLACEMENT_3D('',#17960,#17961,#17962);
#17964=PLANE('',#17963);
#17965=ORIENTED_EDGE('',*,*,#17713,.F.);
#17966=ORIENTED_EDGE('',*,*,#17743,.T.);
#17967=ORIENTED_EDGE('',*,*,#17935,.F.);
#17968=ORIENTED_EDGE('',*,*,#17806,.T.);
#17969=EDGE_LOOP('',(#17965,#17966,#17967,#17968));
#17970=FACE_BOUND('',#17969,.T.);
#17971=ADVANCED_FACE('',(#17970),#17964,.F.);
#17972=CLOSED_SHELL('',(#17731,#17794,#17857,#17879,#17901,#17913,#17925,#17947,#17959,#17971));
#17973=MANIFOLD_SOLID_BREP('[Panel] Left',#17972);
#17691=STYLED_ITEM('',(#267),#17973);
#17975=CARTESIAN_POINT('',(5307.0125,406.4,139.7));
#17976=DIRECTION('',(-0.,0.,1.));
#17977=DIRECTION('',(1.,0.,0.));
#17978=AXIS2_PLACEMENT_3D('',#17975,#17976,#17977);
#17979=PLANE('',#17978);
#17980=CARTESIAN_POINT('',(5718.175,381.,139.7));
#17981=VERTEX_POINT('',#17980);
#17982=CARTESIAN_POINT('',(5718.175,19.05,139.7));
#17983=VERTEX_POINT('',#17982);
#17984=CARTESIAN_POINT('',(5718.175,381.,139.7));
#17985=DIRECTION('',(0.,-1.,0.));
#17986=VECTOR('',#17985,361.95);
#17987=LINE('',#17984,#17986);
#17988=EDGE_CURVE('',#17981,#17983,#17987,.T.);
#17989=ORIENTED_EDGE('',*,*,#17988,.F.);
#17990=CARTESIAN_POINT('',(4895.85,381.,139.7));
#17991=VERTEX_POINT('',#17990);
#17992=CARTESIAN_POINT('',(5718.175,381.,139.7));
#17993=DIRECTION('',(-1.,0.,-0.));
#17994=VECTOR('',#17993,822.325);
#17995=LINE('',#17992,#17994);
#17996=EDGE_CURVE('',#17981,#17991,#17995,.T.);
#17997=ORIENTED_EDGE('',*,*,#17996,.T.);
#17998=CARTESIAN_POINT('',(4895.85,19.05,139.7));
#17999=VERTEX_POINT('',#17998);
#18000=CARTESIAN_POINT('',(4895.85,381.,139.7));
#18001=DIRECTION('',(0.,-1.,0.));
#18002=VECTOR('',#18001,361.95);
#18003=LINE('',#18000,#18002);
#18004=EDGE_CURVE('',#17991,#17999,#18003,.T.);
#18005=ORIENTED_EDGE('',*,*,#18004,.T.);
#18006=CARTESIAN_POINT('',(5718.175,19.05,139.7));
#18007=DIRECTION('',(-1.,0.,-0.));
#18008=VECTOR('',#18007,822.325);
#18009=LINE('',#18006,#18008);
#18010=EDGE_CURVE('',#17983,#17999,#18009,.T.);
#18011=ORIENTED_EDGE('',*,*,#18010,.F.);
#18012=EDGE_LOOP('',(#17989,#17997,#18005,#18011));
#18013=FACE_BOUND('',#18012,.T.);
#18014=ADVANCED_FACE('',(#18013),#17979,.T.);
#18015=CARTESIAN_POINT('',(5718.175,406.4,125.4125));
#18016=DIRECTION('',(-1.,0.,0.));
#18017=DIRECTION('',(0.,0.,1.));
#18018=AXIS2_PLACEMENT_3D('',#18015,#18016,#18017);
#18019=PLANE('',#18018);
#18020=CARTESIAN_POINT('',(5718.175,381.,130.175));
#18021=VERTEX_POINT('',#18020);
#18022=CARTESIAN_POINT('',(5718.175,381.,139.7));
#18023=DIRECTION('',(0.,0.,-1.));
#18024=VECTOR('',#18023,9.525);
#18025=LINE('',#18022,#18024);
#18026=EDGE_CURVE('',#17981,#18021,#18025,.T.);
#18027=ORIENTED_EDGE('',*,*,#18026,.F.);
#18028=ORIENTED_EDGE('',*,*,#17988,.T.);
#18029=CARTESIAN_POINT('',(5718.175,19.05,120.65));
#18030=VERTEX_POINT('',#18029);
#18031=CARTESIAN_POINT('',(5718.175,19.05,139.7));
#18032=DIRECTION('',(0.,0.,-1.));
#18033=VECTOR('',#18032,19.05);
#18034=LINE('',#18031,#18033);
#18035=EDGE_CURVE('',#17983,#18030,#18034,.T.);
#18036=ORIENTED_EDGE('',*,*,#18035,.T.);
#18037=CARTESIAN_POINT('',(5718.175,406.4,120.65));
#18038=VERTEX_POINT('',#18037);
#18039=CARTESIAN_POINT('',(5718.175,406.4,120.65));
#18040=DIRECTION('',(0.,-1.,0.));
#18041=VECTOR('',#18040,387.35);
#18042=LINE('',#18039,#18041);
#18043=EDGE_CURVE('',#18038,#18030,#18042,.T.);
#18044=ORIENTED_EDGE('',*,*,#18043,.F.);
#18045=CARTESIAN_POINT('',(5718.175,406.4,139.7));
#18046=VERTEX_POINT('',#18045);
#18047=CARTESIAN_POINT('',(5718.175,406.4,139.7));
#18048=DIRECTION('',(0.,0.,-1.));
#18049=VECTOR('',#18048,19.05);
#18050=LINE('',#18047,#18049);
#18051=EDGE_CURVE('',#18046,#18038,#18050,.T.);
#18052=ORIENTED_EDGE('',*,*,#18051,.F.);
#18053=CARTESIAN_POINT('',(5718.175,387.35,139.7));
#18054=VERTEX_POINT('',#18053);
#18055=CARTESIAN_POINT('',(5718.175,406.4,139.7));
#18056=DIRECTION('',(0.,-1.,0.));
#18057=VECTOR('',#18056,19.05);
#18058=LINE('',#18055,#18057);
#18059=EDGE_CURVE('',#18046,#18054,#18058,.T.);
#18060=ORIENTED_EDGE('',*,*,#18059,.T.);
#18061=CARTESIAN_POINT('',(5718.175,387.35,130.175));
#18062=VERTEX_POINT('',#18061);
#18063=CARTESIAN_POINT('',(5718.175,387.35,139.7));
#18064=DIRECTION('',(0.,0.,-1.));
#18065=VECTOR('',#18064,9.525);
#18066=LINE('',#18063,#18065);
#18067=EDGE_CURVE('',#18054,#18062,#18066,.T.);
#18068=ORIENTED_EDGE('',*,*,#18067,.T.);
#18069=CARTESIAN_POINT('',(5718.175,387.35,130.175));
#18070=DIRECTION('',(0.,-1.,0.));
#18071=VECTOR('',#18070,6.35);
#18072=LINE('',#18069,#18071);
#18073=EDGE_CURVE('',#18062,#18021,#18072,.T.);
#18074=ORIENTED_EDGE('',*,*,#18073,.T.);
#18075=EDGE_LOOP('',(#18027,#18028,#18036,#18044,#18052,#18060,#18068,#18074));
#18076=FACE_BOUND('',#18075,.T.);
#18077=ADVANCED_FACE('',(#18076),#18019,.F.);
#18078=CARTESIAN_POINT('',(4895.85,406.4,125.4125));
#18079=DIRECTION('',(-1.,0.,-0.));
#18080=DIRECTION('',(-0.,0.,1.));
#18081=AXIS2_PLACEMENT_3D('',#18078,#18079,#18080);
#18082=PLANE('',#18081);
#18083=ORIENTED_EDGE('',*,*,#18004,.F.);
#18084=CARTESIAN_POINT('',(4895.85,381.,130.175));
#18085=VERTEX_POINT('',#18084);
#18086=CARTESIAN_POINT('',(4895.85,381.,139.7));
#18087=DIRECTION('',(0.,0.,-1.));
#18088=VECTOR('',#18087,9.525);
#18089=LINE('',#18086,#18088);
#18090=EDGE_CURVE('',#17991,#18085,#18089,.T.);
#18091=ORIENTED_EDGE('',*,*,#18090,.T.);
#18092=CARTESIAN_POINT('',(4895.85,387.35,130.175));
#18093=VERTEX_POINT('',#18092);
#18094=CARTESIAN_POINT('',(4895.85,387.35,130.175));
#18095=DIRECTION('',(0.,-1.,0.));
#18096=VECTOR('',#18095,6.35);
#18097=LINE('',#18094,#18096);
#18098=EDGE_CURVE('',#18093,#18085,#18097,.T.);
#18099=ORIENTED_EDGE('',*,*,#18098,.F.);
#18100=CARTESIAN_POINT('',(4895.85,387.35,139.7));
#18101=VERTEX_POINT('',#18100);
#18102=CARTESIAN_POINT('',(4895.85,387.35,139.7));
#18103=DIRECTION('',(0.,0.,-1.));
#18104=VECTOR('',#18103,9.525);
#18105=LINE('',#18102,#18104);
#18106=EDGE_CURVE('',#18101,#18093,#18105,.T.);
#18107=ORIENTED_EDGE('',*,*,#18106,.F.);
#18108=CARTESIAN_POINT('',(4895.85,406.4,139.7));
#18109=VERTEX_POINT('',#18108);
#18110=CARTESIAN_POINT('',(4895.85,406.4,139.7));
#18111=DIRECTION('',(0.,-1.,0.));
#18112=VECTOR('',#18111,19.05);
#18113=LINE('',#18110,#18112);
#18114=EDGE_CURVE('',#18109,#18101,#18113,.T.);
#18115=ORIENTED_EDGE('',*,*,#18114,.F.);
#18116=CARTESIAN_POINT('',(4895.85,406.4,120.65));
#18117=VERTEX_POINT('',#18116);
#18118=CARTESIAN_POINT('',(4895.85,406.4,139.7));
#18119=DIRECTION('',(0.,0.,-1.));
#18120=VECTOR('',#18119,19.05);
#18121=LINE('',#18118,#18120);
#18122=EDGE_CURVE('',#18109,#18117,#18121,.T.);
#18123=ORIENTED_EDGE('',*,*,#18122,.T.);
#18124=CARTESIAN_POINT('',(4895.85,19.05,120.65));
#18125=VERTEX_POINT('',#18124);
#18126=CARTESIAN_POINT('',(4895.85,406.4,120.65));
#18127=DIRECTION('',(0.,-1.,0.));
#18128=VECTOR('',#18127,387.35);
#18129=LINE('',#18126,#18128);
#18130=EDGE_CURVE('',#18117,#18125,#18129,.T.);
#18131=ORIENTED_EDGE('',*,*,#18130,.T.);
#18132=CARTESIAN_POINT('',(4895.85,19.05,139.7));
#18133=DIRECTION('',(0.,0.,-1.));
#18134=VECTOR('',#18133,19.05);
#18135=LINE('',#18132,#18134);
#18136=EDGE_CURVE('',#17999,#18125,#18135,.T.);
#18137=ORIENTED_EDGE('',*,*,#18136,.F.);
#18138=EDGE_LOOP('',(#18083,#18091,#18099,#18107,#18115,#18123,#18131,#18137));
#18139=FACE_BOUND('',#18138,.T.);
#18140=ADVANCED_FACE('',(#18139),#18082,.T.);
#18141=CARTESIAN_POINT('',(5307.0125,406.4,139.7));
#18142=DIRECTION('',(-0.,0.,1.));
#18143=DIRECTION('',(1.,0.,0.));
#18144=AXIS2_PLACEMENT_3D('',#18141,#18142,#18143);
#18145=PLANE('',#18144);
#18146=CARTESIAN_POINT('',(5718.175,387.35,139.7));
#18147=DIRECTION('',(-1.,0.,-0.));
#18148=VECTOR('',#18147,822.325);
#18149=LINE('',#18146,#18148);
#18150=EDGE_CURVE('',#18054,#18101,#18149,.T.);
#18151=ORIENTED_EDGE('',*,*,#18150,.F.);
#18152=ORIENTED_EDGE('',*,*,#18059,.F.);
#18153=CARTESIAN_POINT('',(5718.175,406.4,139.7));
#18154=DIRECTION('',(-1.,0.,-0.));
#18155=VECTOR('',#18154,822.325);
#18156=LINE('',#18153,#18155);
#18157=EDGE_CURVE('',#18046,#18109,#18156,.T.);
#18158=ORIENTED_EDGE('',*,*,#18157,.T.);
#18159=ORIENTED_EDGE('',*,*,#18114,.T.);
#18160=EDGE_LOOP('',(#18151,#18152,#18158,#18159));
#18161=FACE_BOUND('',#18160,.T.);
#18162=ADVANCED_FACE('',(#18161),#18145,.T.);
#18163=CARTESIAN_POINT('',(5307.0125,406.4,120.65));
#18164=DIRECTION('',(0.,0.,-1.));
#18165=DIRECTION('',(-1.,0.,0.));
#18166=AXIS2_PLACEMENT_3D('',#18163,#18164,#18165);
#18167=PLANE('',#18166);
#18168=CARTESIAN_POINT('',(4895.85,19.05,120.65));
#18169=DIRECTION('',(1.,0.,-0.));
#18170=VECTOR('',#18169,822.325);
#18171=LINE('',#18168,#18170);
#18172=EDGE_CURVE('',#18125,#18030,#18171,.T.);
#18173=ORIENTED_EDGE('',*,*,#18172,.F.);
#18174=ORIENTED_EDGE('',*,*,#18130,.F.);
#18175=CARTESIAN_POINT('',(4895.85,406.4,120.65));
#18176=DIRECTION('',(1.,0.,-0.));
#18177=VECTOR('',#18176,822.325);
#18178=LINE('',#18175,#18177);
#18179=EDGE_CURVE('',#18117,#18038,#18178,.T.);
#18180=ORIENTED_EDGE('',*,*,#18179,.T.);
#18181=ORIENTED_EDGE('',*,*,#18043,.T.);
#18182=EDGE_LOOP('',(#18173,#18174,#18180,#18181));
#18183=FACE_BOUND('',#18182,.T.);
#18184=ADVANCED_FACE('',(#18183),#18167,.T.);
#18185=CARTESIAN_POINT('',(4876.8,406.4,120.65));
#18186=DIRECTION('',(0.,-1.,0.));
#18187=DIRECTION('',(1.,0.,0.));
#18188=AXIS2_PLACEMENT_3D('',#18185,#18186,#18187);
#18189=PLANE('',#18188);
#18190=ORIENTED_EDGE('',*,*,#18051,.T.);
#18191=ORIENTED_EDGE('',*,*,#18179,.F.);
#18192=ORIENTED_EDGE('',*,*,#18122,.F.);
#18193=ORIENTED_EDGE('',*,*,#18157,.F.);
#18194=EDGE_LOOP('',(#18190,#18191,#18192,#18193));
#18195=FACE_BOUND('',#18194,.T.);
#18196=ADVANCED_FACE('',(#18195),#18189,.F.);
#18197=CARTESIAN_POINT('',(4876.8,19.05,120.65));
#18198=DIRECTION('',(0.,-1.,0.));
#18199=DIRECTION('',(1.,0.,0.));
#18200=AXIS2_PLACEMENT_3D('',#18197,#18198,#18199);
#18201=PLANE('',#18200);
#18202=ORIENTED_EDGE('',*,*,#18035,.F.);
#18203=ORIENTED_EDGE('',*,*,#18010,.T.);
#18204=ORIENTED_EDGE('',*,*,#18136,.T.);
#18205=ORIENTED_EDGE('',*,*,#18172,.T.);
#18206=EDGE_LOOP('',(#18202,#18203,#18204,#18205));
#18207=FACE_BOUND('',#18206,.T.);
#18208=ADVANCED_FACE('',(#18207),#18201,.T.);
#18209=CARTESIAN_POINT('',(5307.0125,387.35,130.175));
#18210=DIRECTION('',(0.,0.,1.));
#18211=DIRECTION('',(1.,0.,-0.));
#18212=AXIS2_PLACEMENT_3D('',#18209,#18210,#18211);
#18213=PLANE('',#18212);
#18214=CARTESIAN_POINT('',(5718.175,381.,130.175));
#18215=DIRECTION('',(-1.,0.,0.));
#18216=VECTOR('',#18215,822.325);
#18217=LINE('',#18214,#18216);
#18218=EDGE_CURVE('',#18021,#18085,#18217,.T.);
#18219=ORIENTED_EDGE('',*,*,#18218,.F.);
#18220=ORIENTED_EDGE('',*,*,#18073,.F.);
#18221=CARTESIAN_POINT('',(5718.175,387.35,130.175));
#18222=DIRECTION('',(-1.,0.,0.));
#18223=VECTOR('',#18222,822.325);
#18224=LINE('',#18221,#18223);
#18225=EDGE_CURVE('',#18062,#18093,#18224,.T.);
#18226=ORIENTED_EDGE('',*,*,#18225,.T.);
#18227=ORIENTED_EDGE('',*,*,#18098,.T.);
#18228=EDGE_LOOP('',(#18219,#18220,#18226,#18227));
#18229=FACE_BOUND('',#18228,.T.);
#18230=ADVANCED_FACE('',(#18229),#18213,.T.);
#18231=CARTESIAN_POINT('',(4876.8,387.35,120.65));
#18232=DIRECTION('',(0.,-1.,0.));
#18233=DIRECTION('',(1.,0.,0.));
#18234=AXIS2_PLACEMENT_3D('',#18231,#18232,#18233);
#18235=PLANE('',#18234);
#18236=ORIENTED_EDGE('',*,*,#18225,.F.);
#18237=ORIENTED_EDGE('',*,*,#18067,.F.);
#18238=ORIENTED_EDGE('',*,*,#18150,.T.);
#18239=ORIENTED_EDGE('',*,*,#18106,.T.);
#18240=EDGE_LOOP('',(#18236,#18237,#18238,#18239));
#18241=FACE_BOUND('',#18240,.T.);
#18242=ADVANCED_FACE('',(#18241),#18235,.T.);
#18243=CARTESIAN_POINT('',(4876.8,381.,120.65));
#18244=DIRECTION('',(0.,-1.,0.));
#18245=DIRECTION('',(1.,0.,0.));
#18246=AXIS2_PLACEMENT_3D('',#18243,#18244,#18245);
#18247=PLANE('',#18246);
#18248=ORIENTED_EDGE('',*,*,#18218,.T.);
#18249=ORIENTED_EDGE('',*,*,#18090,.F.);
#18250=ORIENTED_EDGE('',*,*,#17996,.F.);
#18251=ORIENTED_EDGE('',*,*,#18026,.T.);
#18252=EDGE_LOOP('',(#18248,#18249,#18250,#18251));
#18253=FACE_BOUND('',#18252,.T.);
#18254=ADVANCED_FACE('',(#18253),#18247,.F.);
#18255=CLOSED_SHELL('',(#18014,#18077,#18140,#18162,#18184,#18196,#18208,#18230,#18242,#18254));
#18256=MANIFOLD_SOLID_BREP('[Panel] Bottom',#18255);
#17974=STYLED_ITEM('',(#267),#18256);
#18258=CARTESIAN_POINT('',(5727.7,384.175,866.775));
#18259=DIRECTION('',(1.,0.,0.));
#18260=DIRECTION('',(0.,0.,-1.));
#18261=AXIS2_PLACEMENT_3D('',#18258,#18259,#18260);
#18262=PLANE('',#18261);
#18263=CARTESIAN_POINT('',(5727.7,387.35,130.175));
#18264=VERTEX_POINT('',#18263);
#18265=CARTESIAN_POINT('',(5727.7,381.,130.175));
#18266=VERTEX_POINT('',#18265);
#18267=CARTESIAN_POINT('',(5727.7,387.35,130.175));
#18268=DIRECTION('',(0.,-1.,0.));
#18269=VECTOR('',#18268,6.35);
#18270=LINE('',#18267,#18269);
#18271=EDGE_CURVE('',#18264,#18266,#18270,.T.);
#18272=ORIENTED_EDGE('',*,*,#18271,.F.);
#18273=CARTESIAN_POINT('',(5727.7,387.35,866.775));
#18274=VERTEX_POINT('',#18273);
#18275=CARTESIAN_POINT('',(5727.7,387.35,866.775));
#18276=DIRECTION('',(0.,0.,-1.));
#18277=VECTOR('',#18276,736.6);
#18278=LINE('',#18275,#18277);
#18279=EDGE_CURVE('',#18274,#18264,#18278,.T.);
#18280=ORIENTED_EDGE('',*,*,#18279,.F.);
#18281=CARTESIAN_POINT('',(5727.7,381.,866.775));
#18282=VERTEX_POINT('',#18281);
#18283=CARTESIAN_POINT('',(5727.7,387.35,866.775));
#18284=DIRECTION('',(0.,-1.,0.));
#18285=VECTOR('',#18284,6.35);
#18286=LINE('',#18283,#18285);
#18287=EDGE_CURVE('',#18274,#18282,#18286,.T.);
#18288=ORIENTED_EDGE('',*,*,#18287,.T.);
#18289=CARTESIAN_POINT('',(5727.7,381.,866.775));
#18290=DIRECTION('',(0.,0.,-1.));
#18291=VECTOR('',#18290,736.6);
#18292=LINE('',#18289,#18291);
#18293=EDGE_CURVE('',#18282,#18266,#18292,.T.);
#18294=ORIENTED_EDGE('',*,*,#18293,.T.);
#18295=EDGE_LOOP('',(#18272,#18280,#18288,#18294));
#18296=FACE_BOUND('',#18295,.T.);
#18297=ADVANCED_FACE('',(#18296),#18262,.T.);
#18298=CARTESIAN_POINT('',(5307.0125,387.35,866.775));
#18299=DIRECTION('',(0.,1.,0.));
#18300=DIRECTION('',(0.,0.,1.));
#18301=AXIS2_PLACEMENT_3D('',#18298,#18299,#18300);
#18302=PLANE('',#18301);
#18303=CARTESIAN_POINT('',(4886.325,387.35,130.175));
#18304=VERTEX_POINT('',#18303);
#18305=CARTESIAN_POINT('',(4886.325,387.35,130.175));
#18306=DIRECTION('',(1.,0.,-0.));
#18307=VECTOR('',#18306,841.375);
#18308=LINE('',#18305,#18307);
#18309=EDGE_CURVE('',#18304,#18264,#18308,.T.);
#18310=ORIENTED_EDGE('',*,*,#18309,.F.);
#18311=CARTESIAN_POINT('',(4886.325,387.35,866.775));
#18312=VERTEX_POINT('',#18311);
#18313=CARTESIAN_POINT('',(4886.325,387.35,866.775));
#18314=DIRECTION('',(0.,0.,-1.));
#18315=VECTOR('',#18314,736.6);
#18316=LINE('',#18313,#18315);
#18317=EDGE_CURVE('',#18312,#18304,#18316,.T.);
#18318=ORIENTED_EDGE('',*,*,#18317,.F.);
#18319=CARTESIAN_POINT('',(4886.325,387.35,866.775));
#18320=DIRECTION('',(1.,0.,-0.));
#18321=VECTOR('',#18320,841.375);
#18322=LINE('',#18319,#18321);
#18323=EDGE_CURVE('',#18312,#18274,#18322,.T.);
#18324=ORIENTED_EDGE('',*,*,#18323,.T.);
#18325=ORIENTED_EDGE('',*,*,#18279,.T.);
#18326=EDGE_LOOP('',(#18310,#18318,#18324,#18325));
#18327=FACE_BOUND('',#18326,.T.);
#18328=ADVANCED_FACE('',(#18327),#18302,.T.);
#18329=CARTESIAN_POINT('',(4886.325,384.175,866.775));
#18330=DIRECTION('',(-1.,-0.,0.));
#18331=DIRECTION('',(0.,-1.,0.));
#18332=AXIS2_PLACEMENT_3D('',#18329,#18330,#18331);
#18333=PLANE('',#18332);
#18334=CARTESIAN_POINT('',(4886.325,381.,130.175));
#18335=VERTEX_POINT('',#18334);
#18336=CARTESIAN_POINT('',(4886.325,381.,130.175));
#18337=DIRECTION('',(-0.,1.,0.));
#18338=VECTOR('',#18337,6.35);
#18339=LINE('',#18336,#18338);
#18340=EDGE_CURVE('',#18335,#18304,#18339,.T.);
#18341=ORIENTED_EDGE('',*,*,#18340,.F.);
#18342=CARTESIAN_POINT('',(4886.325,381.,866.775));
#18343=VERTEX_POINT('',#18342);
#18344=CARTESIAN_POINT('',(4886.325,381.,866.775));
#18345=DIRECTION('',(0.,0.,-1.));
#18346=VECTOR('',#18345,736.6);
#18347=LINE('',#18344,#18346);
#18348=EDGE_CURVE('',#18343,#18335,#18347,.T.);
#18349=ORIENTED_EDGE('',*,*,#18348,.F.);
#18350=CARTESIAN_POINT('',(4886.325,381.,866.775));
#18351=DIRECTION('',(-0.,1.,0.));
#18352=VECTOR('',#18351,6.35);
#18353=LINE('',#18350,#18352);
#18354=EDGE_CURVE('',#18343,#18312,#18353,.T.);
#18355=ORIENTED_EDGE('',*,*,#18354,.T.);
#18356=ORIENTED_EDGE('',*,*,#18317,.T.);
#18357=EDGE_LOOP('',(#18341,#18349,#18355,#18356));
#18358=FACE_BOUND('',#18357,.T.);
#18359=ADVANCED_FACE('',(#18358),#18333,.T.);
#18360=CARTESIAN_POINT('',(5307.0125,381.,866.775));
#18361=DIRECTION('',(0.,-1.,0.));
#18362=DIRECTION('',(1.,0.,0.));
#18363=AXIS2_PLACEMENT_3D('',#18360,#18361,#18362);
#18364=PLANE('',#18363);
#18365=CARTESIAN_POINT('',(5727.7,381.,130.175));
#18366=DIRECTION('',(-1.,-0.,0.));
#18367=VECTOR('',#18366,841.375);
#18368=LINE('',#18365,#18367);
#18369=EDGE_CURVE('',#18266,#18335,#18368,.T.);
#18370=ORIENTED_EDGE('',*,*,#18369,.F.);
#18371=ORIENTED_EDGE('',*,*,#18293,.F.);
#18372=CARTESIAN_POINT('',(5727.7,381.,866.775));
#18373=DIRECTION('',(-1.,-0.,0.));
#18374=VECTOR('',#18373,841.375);
#18375=LINE('',#18372,#18374);
#18376=EDGE_CURVE('',#18282,#18343,#18375,.T.);
#18377=ORIENTED_EDGE('',*,*,#18376,.T.);
#18378=ORIENTED_EDGE('',*,*,#18348,.T.);
#18379=EDGE_LOOP('',(#18370,#18371,#18377,#18378));
#18380=FACE_BOUND('',#18379,.T.);
#18381=ADVANCED_FACE('',(#18380),#18364,.T.);
#18382=CARTESIAN_POINT('',(4876.8,19.05,866.775));
#18383=DIRECTION('',(0.,0.,1.));
#18384=DIRECTION('',(1.,0.,0.));
#18385=AXIS2_PLACEMENT_3D('',#18382,#18383,#18384);
#18386=PLANE('',#18385);
#18387=ORIENTED_EDGE('',*,*,#18287,.F.);
#18388=ORIENTED_EDGE('',*,*,#18323,.F.);
#18389=ORIENTED_EDGE('',*,*,#18354,.F.);
#18390=ORIENTED_EDGE('',*,*,#18376,.F.);
#18391=EDGE_LOOP('',(#18387,#18388,#18389,#18390));
#18392=FACE_BOUND('',#18391,.T.);
#18393=ADVANCED_FACE('',(#18392),#18386,.T.);
#18394=CARTESIAN_POINT('',(4876.8,19.05,130.175));
#18395=DIRECTION('',(0.,0.,1.));
#18396=DIRECTION('',(1.,0.,0.));
#18397=AXIS2_PLACEMENT_3D('',#18394,#18395,#18396);
#18398=PLANE('',#18397);
#18399=ORIENTED_EDGE('',*,*,#18271,.T.);
#18400=ORIENTED_EDGE('',*,*,#18369,.T.);
#18401=ORIENTED_EDGE('',*,*,#18340,.T.);
#18402=ORIENTED_EDGE('',*,*,#18309,.T.);
#18403=EDGE_LOOP('',(#18399,#18400,#18401,#18402));
#18404=FACE_BOUND('',#18403,.T.);
#18405=ADVANCED_FACE('',(#18404),#18398,.F.);
#18406=CLOSED_SHELL('',(#18297,#18328,#18359,#18381,#18393,#18405));
#18407=MANIFOLD_SOLID_BREP('[Backer]',#18406);
#18257=STYLED_ITEM('',(#267),#18407);
#16653=SHAPE_REPRESENTATION('Bottom Right',(#15),#16651);
#16654=ADVANCED_BREP_SHAPE_REPRESENTATION('Bottom Right',(#16822,#16973,#17124,#17407,#17690,#17973,#18256,#18407),#16651);
#18415=SHAPE_REPRESENTATION_RELATIONSHIP('','',#16653,#16654);
#18416=CARTESIAN_POINT('',(0.,0.,0.));
#18417=DIRECTION('',(0.,0.,1.));
#18418=DIRECTION('',(1.,0.,0.));
#18419=AXIS2_PLACEMENT_3D('',#18416,#18417,#18418);
#18421=MAPPED_ITEM('',#18420,#18419);
#18420=REPRESENTATION_MAP(#18419,#16653);
#16661=PRODUCT('Bottom Right','Bottom Right','',(#1877));
#18422=PRODUCT_RELATED_PRODUCT_CATEGORY('part','',(#16661));
#18423=PRODUCT_DEFINITION_FORMATION_WITH_SPECIFIED_SOURCE('','',#16661,.NOT_KNOWN.);
#16662=PRODUCT_DEFINITION('design','',#18423,#1878);
#16660=PRODUCT_DEFINITION_SHAPE('','',#16662);
#18424=SHAPE_DEFINITION_REPRESENTATION(#16660,#16653);
#16652=DRAUGHTING_MODEL('',(#18421),#16651);
#11990=SHAPE_REPRESENTATION('Carcasses',(#15,#12031,#13534,#14885,#16666),#11988);
#18425=CARTESIAN_POINT('',(0.,0.,0.));
#18426=DIRECTION('',(0.,0.,1.));
#18427=DIRECTION('',(1.,0.,0.));
#18428=AXIS2_PLACEMENT_3D('',#18425,#18426,#18427);
#18430=MAPPED_ITEM('',#18429,#18428);
#18429=REPRESENTATION_MAP(#18428,#11990);
#11998=PRODUCT('Carcasses','Carcasses','',(#1877));
#18431=PRODUCT_RELATED_PRODUCT_CATEGORY('part','',(#11998));
#18432=PRODUCT_DEFINITION_FORMATION_WITH_SPECIFIED_SOURCE('','',#11998,.NOT_KNOWN.);
#11999=PRODUCT_DEFINITION('design','',#18432,#1878);
#11997=PRODUCT_DEFINITION_SHAPE('','',#11999);
#18433=SHAPE_DEFINITION_REPRESENTATION(#11997,#11990);
#11989=DRAUGHTING_MODEL('',(#18430),#11988);
#11962=SHAPE_REPRESENTATION('Console B',(#15,#12003),#11960);
#18434=CARTESIAN_POINT('',(0.,0.,0.));
#18435=DIRECTION('',(0.,0.,1.));
#18436=DIRECTION('',(1.,0.,0.));
#18437=AXIS2_PLACEMENT_3D('',#18434,#18435,#18436);
#18439=MAPPED_ITEM('',#18438,#18437);
#18438=REPRESENTATION_MAP(#18437,#11962);
#11970=PRODUCT('Console B','Console B','',(#1877));
#18440=PRODUCT_RELATED_PRODUCT_CATEGORY('part','',(#11970));
#18441=PRODUCT_DEFINITION_FORMATION_WITH_SPECIFIED_SOURCE('','',#11970,.NOT_KNOWN.);
#11971=PRODUCT_DEFINITION('design','',#18441,#1878);
#11969=PRODUCT_DEFINITION_SHAPE('','',#11971);
#18442=SHAPE_DEFINITION_REPRESENTATION(#11969,#11962);
#11961=DRAUGHTING_MODEL('',(#18439),#11960);
#16=SHAPE_REPRESENTATION('root',(#15,#48,#5485,#11975),#10);
#18443=CARTESIAN_POINT('',(0.,0.,0.));
#18444=DIRECTION('',(0.,0.,1.));
#18445=DIRECTION('',(1.,0.,0.));
#18446=AXIS2_PLACEMENT_3D('',#18443,#18444,#18445);
#18448=MAPPED_ITEM('',#18447,#18446);
#18447=REPRESENTATION_MAP(#18446,#16);
#24=PRODUCT('root','root','',(#1877));
#18449=PRODUCT_RELATED_PRODUCT_CATEGORY('part','',(#24));
#18450=PRODUCT_DEFINITION_FORMATION_WITH_SPECIFIED_SOURCE('','',#24,.NOT_KNOWN.);
#25=PRODUCT_DEFINITION('design','',#18450,#1878);
#23=PRODUCT_DEFINITION_SHAPE('','',#25);
#18451=SHAPE_DEFINITION_REPRESENTATION(#23,#16);
#11=DRAUGHTING_MODEL('',(#18448),#10);
#18452=DESCRIPTIVE_REPRESENTATION_ITEM('KEY','/Users/sean/Library/Containers/com.shapr3d.shapr/Data/tmp/046BBF2A-8625-4326-88C5-59B791F53FCB.tmp');
#18453=PROPERTY_DEFINITION('KEY','',#25);
#18454=REPRESENTATION('',(#18452),#10);
#18455=PROPERTY_DEFINITION_REPRESENTATION(#18453,#18454);
#18456=GENERAL_PROPERTY('','KEY','');
#18457=GENERAL_PROPERTY_ASSOCIATION('','',#18456,#18453);
#1=MECHANICAL_DESIGN_GEOMETRIC_PRESENTATION_REPRESENTATION('',(#110,#268,#419,#570,#853,#1270,#1136,#1427,#1710,#1910,#2061,#2212,#2363,#2646,#2929,#3212,#3495,#3691,#3842,#3993,#4144,#4562,#4427,#4711,#4994,#5277,
#5588,#5547,#5872,#5831,#6218,#6115,#6308,#6267,#6676,#6551,#6703,#6854,#7091,#7050,#7375,#7334,#7659,#7618,#8027,#7902,#8054,#8205,#8401,#8552,#8703,
#8854,#9137,#9420,#9703,#9986,#10182,#10333,#10484,#10635,#10918,#11201,#11484,#11767,#12078,#12037,#12446,#12321,#12514,#12473,#12798,#12757,#13166,#13041,#13193,#13344,
#13581,#13540,#13865,#13824,#14149,#14108,#14517,#14392,#14544,#14695,#14891,#15042,#15193,#15344,#15627,#15910,#16193,#16476,#16672,#16823,#16974,#17125,#17408,#17691,#17974,
#18257),#10);
ENDSEC;
END-ISO-10303-21;
